<?xml version='1.0' encoding='utf-8'?>
<COLLADA xmlns="http://www.collada.org/2005/11/COLLADASchema" version="1.4.1">
  <asset>
    <contributor>
      <author>Blender User</author>
      <authoring_tool>Blender 2.80.47 commit date:2019-03-10, commit time:22:28, hash:6fd11a21f5c5</authoring_tool>
    </contributor>
    <created>2019-04-27T22:40:11</created>
    <modified>2019-04-27T22:40:11</modified>
    <unit name="meter" meter="1" />
    <up_axis>Z_UP</up_axis>
  </asset>
  <library_animations><animation id="idle__action_container-Armature" name="Armature">
      <animation id="idle__Armature_Idle_base_pose_matrix" name="Armature">
        <source id="idle__Armature_Idle_base_pose_matrix-input">
          <float_array id="idle__Armature_Idle_base_pose_matrix-input-array" count="22">0.04166662 0.25 0.4583333 0.6666667 0.875 1.083333 1.291667 1.5 1.708333 1.916667 2.125 2.333333 2.541667 2.75 2.958333 3.166667 3.375 3.583333 3.791667 4 4.208333 4.25</float_array>
          <technique_common>
            <accessor source="#idle__Armature_Idle_base_pose_matrix-input-array" count="22" stride="1">
              <param name="TIME" type="float" />
            </accessor>
          </technique_common>
        </source>
        <source id="idle__Armature_Idle_base_pose_matrix-output">
          <float_array id="idle__Armature_Idle_base_pose_matrix-output-array" count="352">0.9803394 0 0.1973186 0 0.1542276 0.6237587 -0.76625 -0.1273851 -0.1230792 0.781617 0.6114951 -0.1374949 0 0 0 1 0.9803394 0 0.1973186 0 0.1542276 0.6237587 -0.76625 -0.1273851 -0.1230792 0.781617 0.6114951 -0.1395792 0 0 0 1 0.9803394 0 0.1973186 0 0.1542276 0.6237587 -0.76625 -0.1273851 -0.1230792 0.781617 0.6114951 -0.1446579 0 0 0 1 0.9803394 0 0.1973186 -1.16415e-10 0.1542276 0.6237587 -0.76625 -0.1273851 -0.1230792 0.781617 0.6114951 -0.1509696 0 0 0 1 0.9803394 0 0.1973186 0 0.1542276 0.6237587 -0.76625 -0.1273851 -0.1230792 0.781617 0.6114951 -0.1567529 0 0 0 1 0.9803394 0 0.1973186 -2.32831e-10 0.1542276 0.6237587 -0.76625 -0.1273851 -0.1230792 0.781617 0.6114951 -0.1602464 0 0 0 1 0.9803394 0 0.1973186 -2.32831e-10 0.1542276 0.6237587 -0.76625 -0.1273851 -0.1230792 0.781617 0.6114951 -0.1604972 0 0 0 1 0.9803394 0 0.1973186 0 0.1542276 0.6237587 -0.76625 -0.1273851 -0.1230792 0.781617 0.6114951 -0.1598561 0 0 0 1 0.9803394 0 0.1973186 2.32831e-10 0.1542276 0.6237587 -0.76625 -0.1273851 -0.1230792 0.781617 0.6114951 -0.1587187 0 0 0 1 0.9803394 0 0.1973186 0 0.1542276 0.6237587 -0.76625 -0.1273851 -0.1230792 0.781617 0.6114951 -0.1571707 0 0 0 1 0.9803394 0 0.1973186 0 0.1542276 0.6237587 -0.76625 -0.1273851 -0.1230792 0.781617 0.6114951 -0.1552976 0 0 0 1 0.9803394 0 0.1973186 -1.16415e-10 0.1542276 0.6237587 -0.76625 -0.1273851 -0.1230792 0.781617 0.6114951 -0.1531849 0 0 0 1 0.9803394 0 0.1973186 -1.16415e-10 0.1542276 0.6237587 -0.76625 -0.1273851 -0.1230792 0.781617 0.6114951 -0.1509182 0 0 0 1 0.9803394 0 0.1973186 0 0.1542276 0.6237587 -0.76625 -0.1273851 -0.1230792 0.781617 0.6114951 -0.1485831 0 0 0 1 0.9803394 0 0.1973186 0 0.1542276 0.6237587 -0.76625 -0.1273851 -0.1230792 0.781617 0.6114951 -0.146265 0 0 0 1 0.9803394 0 0.1973186 1.16415e-10 0.1542276 0.6237587 -0.76625 -0.1273851 -0.1230792 0.781617 0.6114951 -0.1440497 0 0 0 1 0.9803394 0 0.1973186 0 0.1542276 0.6237587 -0.76625 -0.1273851 -0.1230792 0.781617 0.6114951 -0.1420226 0 0 0 1 0.9803394 0 0.1973186 -5.82077e-11 0.1542276 0.6237587 -0.76625 -0.1273851 -0.1230792 0.781617 0.6114951 -0.1402692 0 0 0 1 0.9803394 0 0.1973186 4.36557e-10 0.1542276 0.6237587 -0.76625 -0.1273851 -0.1230792 0.781617 0.6114951 -0.1388752 0 0 0 1 0.9803394 0 0.1973186 7.63975e-11 0.1542276 0.6237587 -0.76625 -0.1273851 -0.1230792 0.781617 0.6114951 -0.1379261 0 0 0 1 0.9803394 0 0.1973186 3.55953e-10 0.1542276 0.6237587 -0.76625 -0.1273851 -0.1230792 0.781617 0.6114951 -0.1375074 0 0 0 1 0.9803394 0 0.1973186 0 0.1542276 0.6237587 -0.76625 -0.1273851 -0.1230792 0.781617 0.6114951 -0.1374949 0 0 0 1</float_array>
          <technique_common>
            <accessor source="#idle__Armature_Idle_base_pose_matrix-output-array" count="22" stride="16">
              <param name="TRANSFORM" type="float4x4" />
            </accessor>
          </technique_common>
        </source>
        <source id="idle__Armature_Idle_base_pose_matrix-interpolation">
          <Name_array id="idle__Armature_Idle_base_pose_matrix-interpolation-array" count="22">LINEAR LINEAR LINEAR LINEAR LINEAR LINEAR LINEAR LINEAR LINEAR LINEAR LINEAR LINEAR LINEAR LINEAR LINEAR LINEAR LINEAR LINEAR LINEAR LINEAR LINEAR LINEAR</Name_array>
          <technique_common>
            <accessor source="#idle__Armature_Idle_base_pose_matrix-interpolation-array" count="22" stride="1">
              <param name="INTERPOLATION" type="name" />
            </accessor>
          </technique_common>
        </source>
        <sampler id="idle__Armature_Idle_base_pose_matrix-sampler">
          <input semantic="INPUT" source="#idle__Armature_Idle_base_pose_matrix-input" />
          <input semantic="OUTPUT" source="#idle__Armature_Idle_base_pose_matrix-output" />
          <input semantic="INTERPOLATION" source="#idle__Armature_Idle_base_pose_matrix-interpolation" />
        </sampler>
        <channel source="#idle__Armature_Idle_base_pose_matrix-sampler" target="Armature_base/transform" />
      </animation>
      <animation id="idle__Armature_Idle_neck1_pose_matrix" name="Armature">
        <source id="idle__Armature_Idle_neck1_pose_matrix-input">
          <float_array id="idle__Armature_Idle_neck1_pose_matrix-input-array" count="22">0.04166662 0.25 0.4583333 0.6666667 0.875 1.083333 1.291667 1.5 1.708333 1.916667 2.125 2.333333 2.541667 2.75 2.958333 3.166667 3.375 3.583333 3.791667 4 4.208333 4.25</float_array>
          <technique_common>
            <accessor source="#idle__Armature_Idle_neck1_pose_matrix-input-array" count="22" stride="1">
              <param name="TIME" type="float" />
            </accessor>
          </technique_common>
        </source>
        <source id="idle__Armature_Idle_neck1_pose_matrix-output">
          <float_array id="idle__Armature_Idle_neck1_pose_matrix-output-array" count="352">0.9695646 -0.1875137 0.1574272 9.31323e-10 0.2190369 0.3770207 -0.8999323 0.1054889 0.1093963 0.9070249 0.4066183 -3.72529e-9 0 0 0 1 0.9698508 -0.1868231 0.1564826 1.86265e-9 0.2181622 0.3794298 -0.8991319 0.1054889 0.1086044 0.9061624 0.408748 3.72529e-9 0 0 0 1 0.9705965 -0.184997 0.1540089 9.31323e-10 0.2158543 0.3857432 -0.8970001 0.1054889 0.1065344 0.9038686 0.4143333 3.72529e-9 0 0 0 1 0.9716303 -0.1823999 0.1505494 0 0.2125838 0.3945841 -0.8939303 0.1054889 0.1036484 0.9005741 0.422165 0 0 0 0 1 0.9727846 -0.1794052 0.1466427 0 0.2088295 0.4045843 -0.890338 0.1054889 0.1004019 0.8967304 0.4310385 3.72529e-9 0 0 0 1 0.9739017 -0.1764068 0.1428157 -9.31323e-10 0.2050878 0.4143975 -0.8866869 0.1054889 0.09723514 0.8928356 0.4397612 0 0 0 0 1 0.974835 -0.1738213 0.1395809 1.86265e-9 0.2018747 0.4227056 -0.8834968 0.1054889 0.09456892 0.8894415 0.4471583 0 0 0 0 1 0.9754478 -0.1720829 0.1374388 1.86265e-9 0.199721 0.4282144 -0.8813307 0.1054889 0.09280869 0.8871414 0.4520693 0 0 0 0 1 0.9756123 -0.1716101 0.1368606 0 0.1991362 0.4297021 -0.8807387 0.1054889 0.09233435 0.8865135 0.4533964 0 0 0 0 1 0.9754656 -0.1720315 0.1373758 0 0.1996574 0.4283765 -0.8812665 0.1054889 0.09275696 0.8870732 0.4522139 0 0 0 0 1 0.9751366 -0.1729698 0.1385283 1.86265e-9 0.2008191 0.4254118 -0.8824378 0.1054889 0.09370347 0.8883166 0.4495701 0 0 0 0 1 0.9746587 -0.1743157 0.1401949 9.31323e-10 0.2024882 0.4211278 -0.8841097 0.1054889 0.09507424 0.890093 0.4457527 3.72529e-9 0 0 0 1 0.9740651 -0.1759597 0.142252 1.86265e-9 0.2045313 0.4158443 -0.8861378 0.1054889 0.09676984 0.892251 0.4410487 3.72529e-9 0 0 0 1 0.9733898 -0.1777935 0.1445752 0 0.2068161 0.4098835 -0.888382 0.1054889 0.09868954 0.8946424 0.4357468 0 0 0 0 1 0.9726683 -0.1797116 0.1470383 9.31323e-10 0.2092127 0.4035707 -0.890708 0.1054889 0.1007301 0.8971257 0.4301383 3.72529e-9 0 0 0 1 0.9719379 -0.1816117 0.1495127 0 0.2115938 0.3972362 -0.8929902 0.1054889 0.1027856 0.899567 0.4245168 3.72529e-9 0 0 0 1 0.9712377 -0.1833953 0.1518674 9.31323e-10 0.2138356 0.3912145 -0.895112 0.1054889 0.1047466 0.9018412 0.4191786 -3.72529e-9 0 0 0 1 0.9706084 -0.1849677 0.1539694 9.31323e-10 0.2158172 0.3858441 -0.8969656 0.1054889 0.1065014 0.9038315 0.4144227 0 0 0 0 1 0.9700921 -0.1862365 0.1556842 0 0.2174201 0.3814668 -0.8984495 0.1054889 0.1079357 0.9054277 0.4105493 3.72529e-9 0 0 0 1 0.9697315 -0.1871115 0.1568765 -9.31323e-10 0.2185274 0.3784252 -0.8994666 0.1054889 0.1089345 0.9065229 0.4078597 -3.72529e-9 0 0 0 1 0.9695695 -0.1875019 0.1574111 9.31323e-10 0.219022 0.3770619 -0.8999187 0.1054889 0.1093827 0.9070101 0.4066547 0 0 0 0 1 0.9695646 -0.1875137 0.1574272 9.31323e-10 0.2190369 0.3770207 -0.8999323 0.1054889 0.1093963 0.9070249 0.4066183 -3.72529e-9 0 0 0 1</float_array>
          <technique_common>
            <accessor source="#idle__Armature_Idle_neck1_pose_matrix-output-array" count="22" stride="16">
              <param name="TRANSFORM" type="float4x4" />
            </accessor>
          </technique_common>
        </source>
        <source id="idle__Armature_Idle_neck1_pose_matrix-interpolation">
          <Name_array id="idle__Armature_Idle_neck1_pose_matrix-interpolation-array" count="22">LINEAR LINEAR LINEAR LINEAR LINEAR LINEAR LINEAR LINEAR LINEAR LINEAR LINEAR LINEAR LINEAR LINEAR LINEAR LINEAR LINEAR LINEAR LINEAR LINEAR LINEAR LINEAR</Name_array>
          <technique_common>
            <accessor source="#idle__Armature_Idle_neck1_pose_matrix-interpolation-array" count="22" stride="1">
              <param name="INTERPOLATION" type="name" />
            </accessor>
          </technique_common>
        </source>
        <sampler id="idle__Armature_Idle_neck1_pose_matrix-sampler">
          <input semantic="INPUT" source="#idle__Armature_Idle_neck1_pose_matrix-input" />
          <input semantic="OUTPUT" source="#idle__Armature_Idle_neck1_pose_matrix-output" />
          <input semantic="INTERPOLATION" source="#idle__Armature_Idle_neck1_pose_matrix-interpolation" />
        </sampler>
        <channel source="#idle__Armature_Idle_neck1_pose_matrix-sampler" target="Armature_neck1/transform" />
      </animation>
      <animation id="idle__Armature_Idle_neck3_pose_matrix" name="Armature">
        <source id="idle__Armature_Idle_neck3_pose_matrix-input">
          <float_array id="idle__Armature_Idle_neck3_pose_matrix-input-array" count="22">0.04166662 0.25 0.4583333 0.6666667 0.875 1.083333 1.291667 1.5 1.708333 1.916667 2.125 2.333333 2.541667 2.75 2.958333 3.166667 3.375 3.583333 3.791667 4 4.208333 4.25</float_array>
          <technique_common>
            <accessor source="#idle__Armature_Idle_neck3_pose_matrix-input-array" count="22" stride="1">
              <param name="TIME" type="float" />
            </accessor>
          </technique_common>
        </source>
        <source id="idle__Armature_Idle_neck3_pose_matrix-output">
          <float_array id="idle__Armature_Idle_neck3_pose_matrix-output-array" count="352">0.4657144 -0.7905083 0.3977521 1.49012e-8 0.5941353 0.6124164 0.5214874 0.1335502 -0.6558301 -0.0065457 0.7548801 -1.86265e-9 0 0 0 1 0.4636149 -0.7917534 0.3977283 0 0.5908747 0.6107692 0.5270941 0.1335502 -0.6602489 -0.009361181 0.7509886 -9.31323e-10 0 0 0 1 0.4579719 -0.7951041 0.3975816 0 0.5819461 0.6062382 0.5420461 0.1335502 -0.6720124 -0.01687095 0.7403477 0 0 0 0 1 0.4497741 -0.799983 0.3971532 0 0.5685459 0.5993863 0.5634642 0.1335502 -0.6888101 -0.02763184 0.7244153 2.79397e-9 0 0 0 1 0.4400195 -0.8058051 0.3963092 0 0.5519351 0.5908145 0.5884774 0.1335502 -0.7083434 -0.04020467 0.7047221 -9.31323e-10 0 0 0 1 0.4297122 -0.8119774 0.3950191 0 0.5335892 0.5812581 0.6143464 0.1335502 -0.7284436 -0.05321434 0.6830361 9.31323e-10 0 0 0 1 0.419848 -0.8179041 0.3933962 1.49012e-8 0.5152574 0.5716259 0.6385558 0.1335502 -0.747153 -0.06539612 0.6614272 3.72529e-9 0 0 0 1 0.4113991 -0.822996 0.3916994 0 0.4989448 0.5629917 0.6588586 0.1335502 -0.7627615 -0.07561757 0.6422437 0 0 0 0 1 0.4053085 -0.8266758 0.3902977 0 0.4868295 0.5565439 0.6732428 0.1335502 -0.7737714 -0.08286261 0.6280221 0 0 0 0 1 0.402499 -0.8283755 0.3896003 -1.49012e-8 0.4811396 0.5535058 0.6798058 0.1335501 -0.7787806 -0.08616916 0.6213498 1.86265e-9 0 0 0 1 0.4033498 -0.8278607 0.3898149 0 0.4828693 0.5544301 0.6778233 0.1335502 -0.7772685 -0.08517028 0.6233778 0 0 0 0 1 0.4068632 -0.8257356 0.3906699 0 0.4899508 0.5582079 0.669591 0.1335501 -0.7709803 -0.08102305 0.6316841 3.72529e-9 0 0 0 1 0.4124754 -0.8223467 0.3919314 0 0.5010545 0.5641115 0.6562949 0.1335502 -0.7607949 -0.07432656 0.6447223 -1.86265e-9 0 0 0 1 0.419645 -0.8180263 0.3933587 0 0.5148723 0.5714227 0.6390481 0.1335502 -0.7475323 -0.06564392 0.6609737 0 0 0 0 1 0.42782 -0.8131127 0.3947374 0 0.5301317 0.5794474 0.6190323 0.1335501 -0.7320728 -0.05557165 0.6789561 2.79397e-9 0 0 0 1 0.436433 -0.8079506 0.395907 -1.49012e-8 0.5456445 0.5875477 0.5975449 0.1335502 -0.7154011 -0.0447639 0.6972788 0 0 0 0 1 0.4449038 -0.8028876 0.3967773 1.49012e-8 0.5603433 0.5951636 0.576017 0.1335502 -0.6986243 -0.03394068 0.7146832 -1.86265e-9 0 0 0 1 0.452646 -0.7982723 0.3973323 -1.49012e-8 0.5732983 0.6018231 0.5560019 0.1335502 -0.6829649 -0.02388217 0.7300608 1.86265e-9 0 0 0 1 0.4590722 -0.7944502 0.3976197 -2.98023e-8 0.5837058 0.6071336 0.5391439 0.1335502 -0.6697313 -0.0154131 0.7424436 0 0 0 0 1 0.4636002 -0.7917623 0.3977281 2.98023e-8 0.5908517 0.6107576 0.5271333 0.1335502 -0.6602797 -0.009380858 0.7509614 -9.31323e-10 0 0 0 1 0.465652 -0.7905453 0.3977517 1.49012e-8 0.5940387 0.6123677 0.5216549 0.1335502 -0.6559622 -0.006629765 0.7547648 1.86265e-9 0 0 0 1 0.4657144 -0.7905083 0.3977521 1.49012e-8 0.5941353 0.6124164 0.5214874 0.1335502 -0.6558301 -0.0065457 0.7548801 -1.86265e-9 0 0 0 1</float_array>
          <technique_common>
            <accessor source="#idle__Armature_Idle_neck3_pose_matrix-output-array" count="22" stride="16">
              <param name="TRANSFORM" type="float4x4" />
            </accessor>
          </technique_common>
        </source>
        <source id="idle__Armature_Idle_neck3_pose_matrix-interpolation">
          <Name_array id="idle__Armature_Idle_neck3_pose_matrix-interpolation-array" count="22">LINEAR LINEAR LINEAR LINEAR LINEAR LINEAR LINEAR LINEAR LINEAR LINEAR LINEAR LINEAR LINEAR LINEAR LINEAR LINEAR LINEAR LINEAR LINEAR LINEAR LINEAR LINEAR</Name_array>
          <technique_common>
            <accessor source="#idle__Armature_Idle_neck3_pose_matrix-interpolation-array" count="22" stride="1">
              <param name="INTERPOLATION" type="name" />
            </accessor>
          </technique_common>
        </source>
        <sampler id="idle__Armature_Idle_neck3_pose_matrix-sampler">
          <input semantic="INPUT" source="#idle__Armature_Idle_neck3_pose_matrix-input" />
          <input semantic="OUTPUT" source="#idle__Armature_Idle_neck3_pose_matrix-output" />
          <input semantic="INTERPOLATION" source="#idle__Armature_Idle_neck3_pose_matrix-interpolation" />
        </sampler>
        <channel source="#idle__Armature_Idle_neck3_pose_matrix-sampler" target="Armature_neck3/transform" />
      </animation>
      <animation id="idle__Armature_Idle_jaw_lower_pose_matrix" name="Armature">
        <source id="idle__Armature_Idle_jaw_lower_pose_matrix-input">
          <float_array id="idle__Armature_Idle_jaw_lower_pose_matrix-input-array" count="22">0.04166662 0.25 0.4583333 0.6666667 0.875 1.083333 1.291667 1.5 1.708333 1.916667 2.125 2.333333 2.541667 2.75 2.958333 3.166667 3.375 3.583333 3.791667 4 4.208333 4.25</float_array>
          <technique_common>
            <accessor source="#idle__Armature_Idle_jaw_lower_pose_matrix-input-array" count="22" stride="1">
              <param name="TIME" type="float" />
            </accessor>
          </technique_common>
        </source>
        <source id="idle__Armature_Idle_jaw_lower_pose_matrix-output">
          <float_array id="idle__Armature_Idle_jaw_lower_pose_matrix-output-array" count="352">0.8121689 -0.5597128 0.1646307 -0.03063554 0.3239904 0.6673616 0.6705661 0.09039895 -0.4851928 -0.4912741 0.7233518 -0.0268896 0 0 0 1 0.812003 -0.559993 0.1644965 -0.03063556 0.3240679 0.6669828 0.6709055 0.09039897 -0.4854187 -0.4914691 0.7230676 -0.02688959 0 0 0 1 0.8115406 -0.5607727 0.164122 -0.03063557 0.3242829 0.6659275 0.6718491 0.09039897 -0.486048 -0.4920108 0.7222761 -0.02688961 0 0 0 1 0.8108349 -0.5619594 0.1635491 -0.03063556 0.3246083 0.6643166 0.6732852 0.09039895 -0.4870073 -0.4928338 0.7210678 -0.02688958 0 0 0 1 0.8099394 -0.5634611 0.162819 -0.03063554 0.3250172 0.6622703 0.6751015 0.09039896 -0.4882236 -0.4938723 0.7195331 -0.02688961 0 0 0 1 0.8089067 -0.5651854 0.1619736 -0.03063554 0.3254825 0.6599095 0.677186 0.09039896 -0.4896237 -0.4950607 0.7177631 -0.02688959 0 0 0 1 0.8077907 -0.567041 0.1610555 -0.03063557 0.3259782 0.6573558 0.6794274 0.09039895 -0.491134 -0.4963346 0.7158487 -0.02688961 0 0 0 1 0.806645 -0.5689367 0.1601084 -0.03063554 0.3264791 0.6547325 0.6817161 0.09039898 -0.4926814 -0.4976309 0.7138826 -0.02688961 0 0 0 1 0.8055244 -0.5707828 0.1591772 -0.03063555 0.3269618 0.6521638 0.6839434 0.09039894 -0.4941926 -0.4988882 0.7119581 -0.0268896 0 0 0 1 0.8044835 -0.5724903 0.158308 -0.03063557 0.3274035 0.6497757 0.6860019 0.09039893 -0.4955941 -0.5000464 0.7101691 -0.02688961 0 0 0 1 0.8035771 -0.5739707 0.1575482 -0.03063555 0.3277829 0.6476955 0.6877857 0.09039894 -0.496812 -0.5010472 0.708611 -0.0268896 0 0 0 1 0.8028612 -0.5751365 0.1569458 -0.03063555 0.3280792 0.6460508 0.6891896 0.09039893 -0.497773 -0.5018329 0.7073794 -0.0268896 0 0 0 1 0.8023911 -0.5759002 0.1565492 -0.03063553 0.3282721 0.6449705 0.690109 0.09039896 -0.4984036 -0.5023465 0.7065704 -0.0268896 0 0 0 1 0.8022221 -0.5761745 0.1564065 -0.03063554 0.3283412 0.6445821 0.6904391 0.09039897 -0.4986302 -0.5025308 0.7062796 -0.02688959 0 0 0 1 0.8123286 -0.559429 0.1648077 -0.03063555 0.3216036 0.6654382 0.6736195 0.09039894 -0.4865116 -0.4941975 0.7204688 -0.02688959 0 0 0 1 0.8124135 -0.5593333 0.1647142 -0.03063552 0.3224264 0.6663127 0.6723605 0.09039896 -0.4858247 -0.4931266 0.7216651 -0.02688959 0 0 0 1 0.8124148 -0.5593479 0.1646582 -0.03063556 0.3230448 0.6668751 0.6715057 0.09039895 -0.4854118 -0.4923491 0.7224734 -0.02688959 0 0 0 1 0.8123617 -0.5594329 0.164631 -0.03063556 0.3234847 0.6671938 0.6709771 0.09039895 -0.4852075 -0.4918205 0.7229706 -0.02688959 0 0 0 1 0.8122836 -0.5595484 0.1646235 -0.03063554 0.3237717 0.6673362 0.6706967 0.09039891 -0.4851464 -0.4914956 0.7232323 -0.0268896 0 0 0 1 0.8122101 -0.5596543 0.1646264 -0.03063552 0.3239315 0.6673701 0.6705861 0.09039892 -0.4851631 -0.4913291 0.7233342 -0.0268896 0 0 0 1 0.8121703 -0.559711 0.1646306 -0.03063554 0.3239889 0.6673622 0.6705662 0.09039894 -0.4851915 -0.4912754 0.7233518 -0.0268896 0 0 0 1 0.8121689 -0.5597128 0.1646307 -0.03063554 0.3239904 0.6673616 0.6705661 0.09039895 -0.4851928 -0.4912741 0.7233518 -0.0268896 0 0 0 1</float_array>
          <technique_common>
            <accessor source="#idle__Armature_Idle_jaw_lower_pose_matrix-output-array" count="22" stride="16">
              <param name="TRANSFORM" type="float4x4" />
            </accessor>
          </technique_common>
        </source>
        <source id="idle__Armature_Idle_jaw_lower_pose_matrix-interpolation">
          <Name_array id="idle__Armature_Idle_jaw_lower_pose_matrix-interpolation-array" count="22">LINEAR LINEAR LINEAR LINEAR LINEAR LINEAR LINEAR LINEAR LINEAR LINEAR LINEAR LINEAR LINEAR LINEAR LINEAR LINEAR LINEAR LINEAR LINEAR LINEAR LINEAR LINEAR</Name_array>
          <technique_common>
            <accessor source="#idle__Armature_Idle_jaw_lower_pose_matrix-interpolation-array" count="22" stride="1">
              <param name="INTERPOLATION" type="name" />
            </accessor>
          </technique_common>
        </source>
        <sampler id="idle__Armature_Idle_jaw_lower_pose_matrix-sampler">
          <input semantic="INPUT" source="#idle__Armature_Idle_jaw_lower_pose_matrix-input" />
          <input semantic="OUTPUT" source="#idle__Armature_Idle_jaw_lower_pose_matrix-output" />
          <input semantic="INTERPOLATION" source="#idle__Armature_Idle_jaw_lower_pose_matrix-interpolation" />
        </sampler>
        <channel source="#idle__Armature_Idle_jaw_lower_pose_matrix-sampler" target="Armature_jaw_lower/transform" />
      </animation>
      <animation id="idle__Armature_Idle_leg_front_shoulder_L_pose_matrix" name="Armature">
        <source id="idle__Armature_Idle_leg_front_shoulder_L_pose_matrix-input">
          <float_array id="idle__Armature_Idle_leg_front_shoulder_L_pose_matrix-input-array" count="22">0.04166662 0.25 0.4583333 0.6666667 0.875 1.083333 1.291667 1.5 1.708333 1.916667 2.125 2.333333 2.541667 2.75 2.958333 3.166667 3.375 3.583333 3.791667 4 4.208333 4.25</float_array>
          <technique_common>
            <accessor source="#idle__Armature_Idle_leg_front_shoulder_L_pose_matrix-input-array" count="22" stride="1">
              <param name="TIME" type="float" />
            </accessor>
          </technique_common>
        </source>
        <source id="idle__Armature_Idle_leg_front_shoulder_L_pose_matrix-output">
          <float_array id="idle__Armature_Idle_leg_front_shoulder_L_pose_matrix-output-array" count="352">-0.07770391 0.9946358 -0.06827415 9.31323e-10 -0.9917232 -0.0700925 0.1075728 0.1054889 0.1022103 0.07606792 0.99185 -3.72529e-9 0 0 0 1 -0.06762162 0.9946229 -0.07843567 1.86265e-9 -0.9922998 -0.05887022 0.1089737 0.1054889 0.1037703 0.0852007 0.9909452 3.72529e-9 0 0 0 1 -0.04360426 0.9937556 -0.1027029 9.31323e-10 -0.9932088 -0.03202079 0.1118514 0.1054889 0.1078645 0.1068827 0.9884032 3.72529e-9 0 0 0 1 -0.01503368 0.9911776 -0.1316838 0 -0.9934317 1.34043e-4 0.1144253 0.1054889 0.1134336 0.1325391 0.9846654 0 0 0 0 1 0.008773923 0.9877293 -0.1559282 0 -0.992896 0.02710931 0.1158562 0.1054889 0.1186617 0.153804 0.9809502 3.72529e-9 0 0 0 1 0.0187115 0.9859356 -0.166074 -9.31323e-10 -0.9924755 0.03841843 0.1162588 0.1054889 0.121004 0.1626491 0.979236 0 0 0 0 1 0.01752679 0.9861605 -0.1648637 1.86265e-9 -0.9925318 0.03706868 0.1162169 0.1054889 0.1207198 0.1615956 0.9794455 0 0 0 0 1 0.01418768 0.9867782 -0.1614535 1.86265e-9 -0.9926814 0.03326661 0.1160898 0.1054889 0.1199259 0.1586249 0.9800284 0 0 0 0 1 0.00901448 0.9876883 -0.1561736 0 -0.9928871 0.02738273 0.1158672 0.1054889 0.1187173 0.1540184 0.9809099 0 0 0 0 1 0.002326913 0.9887808 -0.1493543 0 -0.9931064 0.01978811 0.1155334 0.1054889 0.1171927 0.1480559 0.9820108 0 0 0 0 1 -0.005554296 0.9899472 -0.1413267 1.86265e-9 -0.9932976 0.01085482 0.1150734 0.1054889 0.1154507 0.1410186 0.983252 0 0 0 0 1 -0.01430571 0.9910897 -0.1324238 9.31323e-10 -0.9934251 9.56403e-4 0.1144788 0.1054889 0.1135854 0.1331909 0.98456 3.72529e-9 0 0 0 1 -0.02360084 0.9921281 -0.1229806 1.86265e-9 -0.9934635 -0.00953263 0.1137511 0.1054889 0.1116833 0.1248614 0.9858683 3.72529e-9 0 0 0 1 -0.03311008 0.993005 -0.1133335 0 -0.9933996 -0.02023742 0.1129046 0.1054889 0.1098213 0.1163237 0.987121 0 0 0 0 1 -0.04250111 0.9936875 -0.1038196 9.31323e-10 -0.9932348 -0.03078361 0.111968 0.1054889 0.1080653 0.1078761 0.9882735 3.72529e-9 0 0 0 1 -0.05144007 0.9941685 -0.0947761 0 -0.9929844 -0.04079865 0.1109839 0.1054889 0.10647 0.09982024 0.9892926 3.72529e-9 0 0 0 1 -0.05959221 0.9944643 -0.086539 9.31323e-10 -0.9926767 -0.04991229 0.1100079 0.1054889 0.1050797 0.09246092 0.9901561 -3.72529e-9 0 0 0 1 -0.06662305 0.9946104 -0.07944292 9.31323e-10 -0.9923506 -0.05775718 0.1091063 0.1054889 0.1039299 0.08610424 0.9908503 0 0 0 0 1 -0.07219876 0.9946545 -0.07382069 0 -0.9920523 -0.06396846 0.1083518 0.1054889 0.1030505 0.08105689 0.9913679 3.72529e-9 0 0 0 1 -0.07598642 0.9946483 -0.07000402 -9.31323e-10 -0.9918295 -0.06818284 0.1078194 0.1054889 0.1024694 0.07762493 0.9917027 -3.72529e-9 0 0 0 1 -0.07765401 0.9946362 -0.06832441 9.31323e-10 -0.9917264 -0.07003702 0.10758 0.1054889 0.1022178 0.07611319 0.9918458 0 0 0 0 1 -0.07770391 0.9946358 -0.06827415 9.31323e-10 -0.9917232 -0.0700925 0.1075728 0.1054889 0.1022103 0.07606792 0.99185 -3.72529e-9 0 0 0 1</float_array>
          <technique_common>
            <accessor source="#idle__Armature_Idle_leg_front_shoulder_L_pose_matrix-output-array" count="22" stride="16">
              <param name="TRANSFORM" type="float4x4" />
            </accessor>
          </technique_common>
        </source>
        <source id="idle__Armature_Idle_leg_front_shoulder_L_pose_matrix-interpolation">
          <Name_array id="idle__Armature_Idle_leg_front_shoulder_L_pose_matrix-interpolation-array" count="22">LINEAR LINEAR LINEAR LINEAR LINEAR LINEAR LINEAR LINEAR LINEAR LINEAR LINEAR LINEAR LINEAR LINEAR LINEAR LINEAR LINEAR LINEAR LINEAR LINEAR LINEAR LINEAR</Name_array>
          <technique_common>
            <accessor source="#idle__Armature_Idle_leg_front_shoulder_L_pose_matrix-interpolation-array" count="22" stride="1">
              <param name="INTERPOLATION" type="name" />
            </accessor>
          </technique_common>
        </source>
        <sampler id="idle__Armature_Idle_leg_front_shoulder_L_pose_matrix-sampler">
          <input semantic="INPUT" source="#idle__Armature_Idle_leg_front_shoulder_L_pose_matrix-input" />
          <input semantic="OUTPUT" source="#idle__Armature_Idle_leg_front_shoulder_L_pose_matrix-output" />
          <input semantic="INTERPOLATION" source="#idle__Armature_Idle_leg_front_shoulder_L_pose_matrix-interpolation" />
        </sampler>
        <channel source="#idle__Armature_Idle_leg_front_shoulder_L_pose_matrix-sampler" target="Armature_leg_front_shoulder_L/transform" />
      </animation>
      <animation id="idle__Armature_Idle_leg_front_upper_L_pose_matrix" name="Armature">
        <source id="idle__Armature_Idle_leg_front_upper_L_pose_matrix-input">
          <float_array id="idle__Armature_Idle_leg_front_upper_L_pose_matrix-input-array" count="22">0.04166662 0.25 0.4583333 0.6666667 0.875 1.083333 1.291667 1.5 1.708333 1.916667 2.125 2.333333 2.541667 2.75 2.958333 3.166667 3.375 3.583333 3.791667 4 4.208333 4.25</float_array>
          <technique_common>
            <accessor source="#idle__Armature_Idle_leg_front_upper_L_pose_matrix-input-array" count="22" stride="1">
              <param name="TIME" type="float" />
            </accessor>
          </technique_common>
        </source>
        <source id="idle__Armature_Idle_leg_front_upper_L_pose_matrix-output">
          <float_array id="idle__Armature_Idle_leg_front_upper_L_pose_matrix-output-array" count="352">0.9107189 0.4093871 -0.05470918 5.58794e-9 0.004178111 0.1233209 0.992358 0.1358971 0.4130054 -0.9039879 0.1106002 0 0 0 0 1 0.9115032 0.4078473 -0.05312615 3.72529e-9 0.003979687 0.1204167 0.9927154 0.1358971 0.4112735 -0.9050748 0.1081371 3.72529e-9 0 0 0 1 0.9133593 0.4041505 -0.04936786 3.72529e-9 0.003484035 0.1134884 0.9935331 0.1358971 0.4071397 -0.9076247 0.1022476 3.72529e-9 0 0 0 1 0.915548 0.3996934 -0.04491335 -3.72529e-9 0.002851075 0.1052145 0.9944454 0.1358971 0.4021988 -0.9105906 0.09518936 0 0 0 0 1 0.9173592 0.3959216 -0.04120778 0 0.002286142 0.09827938 0.9951561 0.1358971 0.3980537 -0.9130099 0.08925235 -3.72529e-9 0 0 0 1 0.9181126 0.39433 -0.03966115 -7.45058e-9 0.002039859 0.09537048 0.9954398 0.1358971 0.3963142 -0.9140069 0.08675645 0 0 0 0 1 0.9180228 0.3945203 -0.03984556 -3.72529e-9 0.002069551 0.09571775 0.9954063 0.1358971 0.3965218 -0.9138882 0.08705457 0 0 0 0 1 0.9177698 0.3950559 -0.04036526 -7.45058e-9 0.002152739 0.09669583 0.9953116 0.1358971 0.3971069 -0.9135538 0.08789404 -3.72529e-9 0 0 0 1 0.9173774 0.3958832 -0.04117035 -3.72529e-9 0.002280248 0.09820907 0.9951631 0.1358971 0.3980117 -0.9130341 0.08919206 3.72529e-9 0 0 0 1 0.9168695 0.3969486 -0.04221106 7.45058e-9 0.002442578 0.1001618 0.9949681 0.1358971 0.3991792 -0.9123592 0.09086573 0 0 0 0 1 0.9162703 0.3981982 -0.04343762 0 0.002630304 0.1024584 0.9947338 0.1358971 0.4005519 -0.9115592 0.09283218 3.72529e-9 0 0 0 1 0.9156035 0.3995789 -0.0448 3.72529e-9 0.002834309 0.1050031 0.9944679 0.1358971 0.4020725 -0.9106653 0.09500866 -3.72529e-9 0 0 0 1 0.9148934 0.4010372 -0.04624779 3.72529e-9 0.003045931 0.1077003 0.9941787 0.1358971 0.4036837 -0.9097084 0.09731276 -3.72529e-9 0 0 0 1 0.9141654 0.4025214 -0.04773012 0 0.003257114 0.1104543 0.9938757 0.1358971 0.4053284 -0.9087223 0.09966244 0 0 0 0 1 0.9134442 0.4039798 -0.0491956 7.45058e-9 0.003460485 0.1131697 0.9935696 0.1358971 0.4069494 -0.9077406 0.1019762 0 0 0 0 1 0.9127555 0.4053613 -0.05059231 7.45058e-9 0.003649332 0.1157508 0.9932716 0.1358971 0.40849 -0.9067988 0.1041729 -3.72529e-9 0 0 0 1 0.9121256 0.4066159 -0.05186787 3.72529e-9 0.003817599 0.1181024 0.9929941 0.1358971 0.409893 -0.9059333 0.1061719 0 0 0 0 1 0.9115809 0.4076945 -0.05296956 3.72529e-9 0.00395973 0.120129 0.9927505 0.1358971 0.4111019 -0.9051821 0.1078929 0 0 0 0 1 0.9111476 0.408547 -0.05384437 -7.45058e-9 0.004070472 0.1217354 0.9925542 0.1358971 0.41206 -0.9045826 0.1092559 3.72529e-9 0 0 0 1 0.9108528 0.4091252 -0.05443927 0 0.004144717 0.1228263 0.9924195 0.1358971 0.4127105 -0.9041737 0.110181 3.72529e-9 0 0 0 1 0.9107229 0.4093795 -0.05470134 -3.72529e-9 0.004177146 0.1233065 0.9923597 0.1358971 0.4129969 -0.9039932 0.110588 3.72529e-9 0 0 0 1 0.9107189 0.4093871 -0.05470918 5.58794e-9 0.004178111 0.1233209 0.992358 0.1358971 0.4130054 -0.9039879 0.1106002 0 0 0 0 1</float_array>
          <technique_common>
            <accessor source="#idle__Armature_Idle_leg_front_upper_L_pose_matrix-output-array" count="22" stride="16">
              <param name="TRANSFORM" type="float4x4" />
            </accessor>
          </technique_common>
        </source>
        <source id="idle__Armature_Idle_leg_front_upper_L_pose_matrix-interpolation">
          <Name_array id="idle__Armature_Idle_leg_front_upper_L_pose_matrix-interpolation-array" count="22">LINEAR LINEAR LINEAR LINEAR LINEAR LINEAR LINEAR LINEAR LINEAR LINEAR LINEAR LINEAR LINEAR LINEAR LINEAR LINEAR LINEAR LINEAR LINEAR LINEAR LINEAR LINEAR</Name_array>
          <technique_common>
            <accessor source="#idle__Armature_Idle_leg_front_upper_L_pose_matrix-interpolation-array" count="22" stride="1">
              <param name="INTERPOLATION" type="name" />
            </accessor>
          </technique_common>
        </source>
        <sampler id="idle__Armature_Idle_leg_front_upper_L_pose_matrix-sampler">
          <input semantic="INPUT" source="#idle__Armature_Idle_leg_front_upper_L_pose_matrix-input" />
          <input semantic="OUTPUT" source="#idle__Armature_Idle_leg_front_upper_L_pose_matrix-output" />
          <input semantic="INTERPOLATION" source="#idle__Armature_Idle_leg_front_upper_L_pose_matrix-interpolation" />
        </sampler>
        <channel source="#idle__Armature_Idle_leg_front_upper_L_pose_matrix-sampler" target="Armature_leg_front_upper_L/transform" />
      </animation>
      <animation id="idle__Armature_Idle_leg_front_lower_L_pose_matrix" name="Armature">
        <source id="idle__Armature_Idle_leg_front_lower_L_pose_matrix-input">
          <float_array id="idle__Armature_Idle_leg_front_lower_L_pose_matrix-input-array" count="22">0.04166662 0.25 0.4583333 0.6666667 0.875 1.083333 1.291667 1.5 1.708333 1.916667 2.125 2.333333 2.541667 2.75 2.958333 3.166667 3.375 3.583333 3.791667 4 4.208333 4.25</float_array>
          <technique_common>
            <accessor source="#idle__Armature_Idle_leg_front_lower_L_pose_matrix-input-array" count="22" stride="1">
              <param name="TIME" type="float" />
            </accessor>
          </technique_common>
        </source>
        <source id="idle__Armature_Idle_leg_front_lower_L_pose_matrix-output">
          <float_array id="idle__Armature_Idle_leg_front_lower_L_pose_matrix-output-array" count="352">-0.8780985 0.4687553 0.09597635 6.51926e-9 0.4716156 0.8817657 0.008257898 0.1167948 -0.08075772 0.05251518 -0.9953494 1.49012e-8 0 0 0 1 -0.8776274 0.4710521 0.08876922 1.11759e-8 0.4720968 0.8814882 -0.01015795 0.1167948 -0.08303393 0.03299275 -0.9960005 1.49012e-8 0 0 0 1 -0.8765659 0.4759578 0.07138799 -7.45058e-9 0.4730723 0.8793625 -0.05407593 0.1167948 -0.08851378 -0.01362945 -0.9959818 -1.49012e-8 0 0 0 1 -0.875417 0.4807389 0.05034874 0 0.4739149 0.874127 -0.1063322 0.1167948 -0.09512924 -0.06922403 -0.9930551 0 0 0 0 1 -0.874557 0.4838293 0.03254397 3.72529e-9 0.4743488 0.867497 -0.1498076 0.1167948 -0.1007131 -0.1155781 -0.9881795 1.49012e-8 0 0 0 1 -0.874225 0.4848745 0.02504486 -5.58794e-9 0.4744565 0.8641147 -0.1679184 0.1167948 -0.103061 -0.1349158 -0.9854826 2.98023e-8 0 0 0 1 -0.8742638 0.4847576 0.02594083 -1.30385e-8 0.4744461 0.8645371 -0.1657608 0.1167948 -0.1027806 -0.1326111 -0.9858248 0 0 0 0 1 -0.8743743 0.4844168 0.02846334 5.58794e-9 0.474413 0.8656995 -0.1596772 0.1167948 -0.101991 -0.1261142 -0.9867588 0 0 0 0 1 -0.8745488 0.4838563 0.0323629 0 0.4743519 0.8674193 -0.1502463 0.1167948 -0.1007698 -0.1160464 -0.9881188 -1.49012e-8 0 0 0 1 -0.874781 0.4830737 0.0373884 -7.45058e-9 0.4742557 0.8694971 -0.1380452 0.1167948 -0.0991951 -0.1030277 -0.98972 0 0 0 0 1 -0.875064 0.4820679 0.04328769 -9.31323e-9 0.4741173 0.8717355 -0.1236546 0.1167948 -0.09734528 -0.08768222 -0.9913807 2.98023e-8 0 0 0 1 -0.8753896 0.4808457 0.04980787 -9.31323e-9 0.4739319 0.8739551 -0.1076629 0.1167948 -0.09529907 -0.07064144 -0.9929392 0 0 0 0 1 -0.8757483 0.479427 0.05669677 -7.45058e-9 0.4736989 0.8760073 -0.09066744 0.1167948 -0.09313519 -0.05254468 -0.994266 -1.49012e-8 0 0 0 1 -0.8761293 0.4778483 0.06370401 -6.51926e-9 0.4734222 0.8777826 -0.0732739 0.1167948 -0.09093209 -0.03403853 -0.9952753 0 0 0 0 1 -0.8765194 0.4761639 0.07058275 -5.58794e-9 0.4731113 0.8792152 -0.05609397 0.1167948 -0.08876733 -0.01577397 -0.9959275 0 0 0 0 1 -0.8769028 0.4744454 0.0770907 3.72529e-9 0.4727806 0.8802835 -0.03974258 0.1167948 -0.08671735 0.0015966 -0.9962318 0 0 0 0 1 -0.877263 0.4727812 0.08299107 9.31323e-10 0.4724497 0.8810077 -0.02483469 0.1167948 -0.08485713 0.01742255 -0.9962408 -1.49012e-8 0 0 0 1 -0.8775817 0.4712719 0.08805247 4.65661e-9 0.4721422 0.8814409 -0.01198274 0.1167948 -0.08326019 0.03105745 -0.9960438 0 0 0 0 1 -0.8778394 0.4700266 0.09204785 5.58794e-9 0.4718836 0.881659 -0.001795465 0.1167948 -0.08199873 0.04185973 -0.995753 0 0 0 0 1 -0.8780172 0.4691564 0.09475251 0 0.4717005 0.881744 0.00512206 0.1167948 -0.08114441 0.04919205 -0.9954877 1.49012e-8 0 0 0 1 -0.8780962 0.4687671 0.09594078 -6.51926e-9 0.4716181 0.8817653 0.00816674 0.1167948 -0.08076895 0.05241858 -0.9953537 0 0 0 0 1 -0.8780985 0.4687553 0.09597635 6.51926e-9 0.4716156 0.8817657 0.008257898 0.1167948 -0.08075772 0.05251518 -0.9953494 1.49012e-8 0 0 0 1</float_array>
          <technique_common>
            <accessor source="#idle__Armature_Idle_leg_front_lower_L_pose_matrix-output-array" count="22" stride="16">
              <param name="TRANSFORM" type="float4x4" />
            </accessor>
          </technique_common>
        </source>
        <source id="idle__Armature_Idle_leg_front_lower_L_pose_matrix-interpolation">
          <Name_array id="idle__Armature_Idle_leg_front_lower_L_pose_matrix-interpolation-array" count="22">LINEAR LINEAR LINEAR LINEAR LINEAR LINEAR LINEAR LINEAR LINEAR LINEAR LINEAR LINEAR LINEAR LINEAR LINEAR LINEAR LINEAR LINEAR LINEAR LINEAR LINEAR LINEAR</Name_array>
          <technique_common>
            <accessor source="#idle__Armature_Idle_leg_front_lower_L_pose_matrix-interpolation-array" count="22" stride="1">
              <param name="INTERPOLATION" type="name" />
            </accessor>
          </technique_common>
        </source>
        <sampler id="idle__Armature_Idle_leg_front_lower_L_pose_matrix-sampler">
          <input semantic="INPUT" source="#idle__Armature_Idle_leg_front_lower_L_pose_matrix-input" />
          <input semantic="OUTPUT" source="#idle__Armature_Idle_leg_front_lower_L_pose_matrix-output" />
          <input semantic="INTERPOLATION" source="#idle__Armature_Idle_leg_front_lower_L_pose_matrix-interpolation" />
        </sampler>
        <channel source="#idle__Armature_Idle_leg_front_lower_L_pose_matrix-sampler" target="Armature_leg_front_lower_L/transform" />
      </animation>
      <animation id="idle__Armature_Idle_leg_front_foot_L_pose_matrix" name="Armature">
        <source id="idle__Armature_Idle_leg_front_foot_L_pose_matrix-input">
          <float_array id="idle__Armature_Idle_leg_front_foot_L_pose_matrix-input-array" count="22">0.04166662 0.25 0.4583333 0.6666667 0.875 1.083333 1.291667 1.5 1.708333 1.916667 2.125 2.333333 2.541667 2.75 2.958333 3.166667 3.375 3.583333 3.791667 4 4.208333 4.25</float_array>
          <technique_common>
            <accessor source="#idle__Armature_Idle_leg_front_foot_L_pose_matrix-input-array" count="22" stride="1">
              <param name="TIME" type="float" />
            </accessor>
          </technique_common>
        </source>
        <source id="idle__Armature_Idle_leg_front_foot_L_pose_matrix-output">
          <float_array id="idle__Armature_Idle_leg_front_foot_L_pose_matrix-output-array" count="352">7.0544e-5 -0.968464 -0.2491534 0 0.1889922 0.2446761 -0.9510078 0.1562065 0.9819786 -0.04702104 0.1830494 1.49012e-8 0 0 0 1 1.42816e-4 -0.9684891 -0.2490556 -3.72529e-9 0.1897871 0.2445553 -0.9508803 0.1562065 0.9818253 -0.04713183 0.1838417 0 0 0 0 1 3.14854e-4 -0.9685491 -0.2488222 -1.11759e-8 0.1916823 0.2442667 -0.9505743 0.1562064 0.9814568 -0.04739558 0.1857306 -1.49012e-8 0 0 0 1 5.19583e-4 -0.9686204 -0.2485431 0 0.1939434 0.2439215 -0.9502043 0.1562065 0.9810125 -0.04770967 0.1879843 0 0 0 0 1 6.90592e-4 -0.9686806 -0.2483089 -3.72529e-9 0.1958371 0.2436318 -0.9498901 0.1562064 0.9806362 -0.0479722 0.1898718 0 0 0 0 1 7.62178e-4 -0.9687058 -0.2482107 0 0.196631 0.2435101 -0.9497575 0.1562065 0.9804772 -0.04808212 0.1906632 0 0 0 0 1 7.53619e-4 -0.9687027 -0.2482223 0 0.1965362 0.2435246 -0.9497733 0.1562065 0.9804962 -0.04806897 0.1905687 0 0 0 0 1 7.29557e-4 -0.9686942 -0.2482554 3.72529e-9 0.1962693 0.2435655 -0.9498179 0.1562065 0.9805497 -0.04803206 0.1903027 1.49012e-8 0 0 0 1 6.92312e-4 -0.9686812 -0.2483065 -7.45058e-9 0.1958563 0.2436288 -0.949887 0.1562064 0.9806324 -0.04797483 0.189891 0 0 0 0 1 6.44224e-4 -0.9686642 -0.2483725 -3.72529e-9 0.1953232 0.2437104 -0.9499758 0.1562065 0.9807386 -0.047901 0.1893596 1.49012e-8 0 0 0 1 5.87614e-4 -0.9686444 -0.2484501 -1.11759e-8 0.1946962 0.2438064 -0.9500799 0.1562064 0.9808634 -0.04781407 0.1887347 0 0 0 0 1 5.24823e-4 -0.9686224 -0.248536 7.45058e-9 0.1940012 0.2439127 -0.9501948 0.1562065 0.9810011 -0.04771767 0.1880419 -1.49012e-8 0 0 0 1 4.5817e-4 -0.968599 -0.2486269 -7.45058e-9 0.1932643 0.2440253 -0.950316 0.1562064 0.9811466 -0.04761542 0.1873074 0 0 0 0 1 3.90019e-4 -0.9685752 -0.2487198 -7.45058e-9 0.1925117 0.2441401 -0.9504392 0.1562064 0.9812945 -0.04751087 0.1865573 0 0 0 0 1 3.22755e-4 -0.9685517 -0.2488114 0 0.1917694 0.2442533 -0.9505602 0.1562065 0.9814398 -0.04740771 0.1858175 0 0 0 0 1 2.58753e-4 -0.9685295 -0.2488984 -3.72529e-9 0.1910636 0.244361 -0.9506747 0.1562065 0.9815776 -0.04730951 0.185114 1.49012e-8 0 0 0 1 2.00337e-4 -0.9685091 -0.2489776 0 0.1904204 0.2444588 -0.9507785 0.1562065 0.9817025 -0.04721999 0.1844729 -1.49012e-8 0 0 0 1 1.49971e-4 -0.9684916 -0.2490459 3.72529e-9 0.1898658 0.2445432 -0.9508677 0.1562065 0.98181 -0.04714278 0.1839202 1.49012e-8 0 0 0 1 1.10023e-4 -0.9684777 -0.2491 3.72529e-9 0.1894262 0.2446102 -0.9509382 0.1562065 0.981895 -0.04708154 0.1834819 0 0 0 0 1 8.28691e-5 -0.9684681 -0.2491367 7.45058e-9 0.1891275 0.2446556 -0.950986 0.1562065 0.9819524 -0.0470399 0.1831843 0 0 0 0 1 7.08941e-5 -0.968464 -0.2491529 0 0.1889961 0.2446755 -0.951007 0.1562065 0.9819778 -0.04702159 0.1830533 0 0 0 0 1 7.0544e-5 -0.968464 -0.2491534 0 0.1889922 0.2446761 -0.9510078 0.1562065 0.9819786 -0.04702104 0.1830494 1.49012e-8 0 0 0 1</float_array>
          <technique_common>
            <accessor source="#idle__Armature_Idle_leg_front_foot_L_pose_matrix-output-array" count="22" stride="16">
              <param name="TRANSFORM" type="float4x4" />
            </accessor>
          </technique_common>
        </source>
        <source id="idle__Armature_Idle_leg_front_foot_L_pose_matrix-interpolation">
          <Name_array id="idle__Armature_Idle_leg_front_foot_L_pose_matrix-interpolation-array" count="22">LINEAR LINEAR LINEAR LINEAR LINEAR LINEAR LINEAR LINEAR LINEAR LINEAR LINEAR LINEAR LINEAR LINEAR LINEAR LINEAR LINEAR LINEAR LINEAR LINEAR LINEAR LINEAR</Name_array>
          <technique_common>
            <accessor source="#idle__Armature_Idle_leg_front_foot_L_pose_matrix-interpolation-array" count="22" stride="1">
              <param name="INTERPOLATION" type="name" />
            </accessor>
          </technique_common>
        </source>
        <sampler id="idle__Armature_Idle_leg_front_foot_L_pose_matrix-sampler">
          <input semantic="INPUT" source="#idle__Armature_Idle_leg_front_foot_L_pose_matrix-input" />
          <input semantic="OUTPUT" source="#idle__Armature_Idle_leg_front_foot_L_pose_matrix-output" />
          <input semantic="INTERPOLATION" source="#idle__Armature_Idle_leg_front_foot_L_pose_matrix-interpolation" />
        </sampler>
        <channel source="#idle__Armature_Idle_leg_front_foot_L_pose_matrix-sampler" target="Armature_leg_front_foot_L/transform" />
      </animation>
      <animation id="idle__Armature_Idle_wing_lower_L_pose_matrix" name="Armature">
        <source id="idle__Armature_Idle_wing_lower_L_pose_matrix-input">
          <float_array id="idle__Armature_Idle_wing_lower_L_pose_matrix-input-array" count="22">0.04166662 0.25 0.4583333 0.6666667 0.875 1.083333 1.291667 1.5 1.708333 1.916667 2.125 2.333333 2.541667 2.75 2.958333 3.166667 3.375 3.583333 3.791667 4 4.208333 4.25</float_array>
          <technique_common>
            <accessor source="#idle__Armature_Idle_wing_lower_L_pose_matrix-input-array" count="22" stride="1">
              <param name="TIME" type="float" />
            </accessor>
          </technique_common>
        </source>
        <source id="idle__Armature_Idle_wing_lower_L_pose_matrix-output">
          <float_array id="idle__Armature_Idle_wing_lower_L_pose_matrix-output-array" count="352">0.1027202 0.621017 -0.7770369 9.31323e-10 -0.4869097 0.712574 0.5051308 0.1054889 0.8673913 0.3264597 0.375575 -3.72529e-9 0 0 0 1 0.1021779 0.6182649 -0.7792996 1.86265e-9 -0.4870956 0.7141534 0.5027151 0.1054889 0.8673509 0.3282272 0.374125 3.72529e-9 0 0 0 1 0.100686 0.6106346 -0.7854855 9.31323e-10 -0.4876161 0.718462 0.4960266 0.1054889 0.8672329 0.3330725 0.3700944 3.72529e-9 0 0 0 1 0.09844975 0.5990317 -0.7946499 0 -0.4884211 0.72482 0.4858811 0.1054889 0.8670366 0.3402891 0.3639382 0 0 0 0 1 0.09567595 0.5843592 -0.8058351 0 -0.4894617 0.7325367 0.4730929 0.1054889 0.8667604 0.349162 0.3561077 3.72529e-9 0 0 0 1 0.09257047 0.5675566 -0.8181138 -9.31323e-10 -0.490683 0.7409487 0.4585031 0.1054889 0.8664069 0.3589908 0.3470805 0 0 0 0 1 0.08933593 0.549624 -0.8306218 1.86265e-9 -0.4920198 0.7494486 0.4429933 0.1054889 0.8659883 0.3691072 0.3373786 0 0 0 0 1 0.08616951 0.5316302 -0.8425817 1.86265e-9 -0.4933941 0.7575042 0.4274918 0.1054889 0.865527 0.3788882 0.3275771 0 0 0 0 1 0.083261 0.5147096 -0.853312 0 -0.4947153 0.764666 0.4129679 0.1054889 0.8650574 0.3877625 0.3183017 0 0 0 0 1 0.08079274 0.5000469 -0.8622212 0 -0.495882 0.77056 0.4004223 0.1054889 0.8646234 0.3952088 0.31022 0 0 0 0 1 0.07894067 0.4888573 -0.8687846 1.86265e-9 -0.4967855 0.7748693 0.3908726 0.1054889 0.8642757 0.400744 0.304026 0 0 0 0 1 0.07787767 0.4823612 -0.8725036 9.31323e-10 -0.4973151 0.7772979 0.3853379 0.1054889 0.8640676 0.4039001 0.3004198 3.72529e-9 0 0 0 1 0.07784253 0.4821455 -0.872626 1.86265e-9 -0.4973328 0.7773777 0.3851542 0.1054889 0.8640605 0.4040042 0.3002999 3.72529e-9 0 0 0 1 0.07940142 0.4916561 -0.8671617 0 -0.4965585 0.7738065 0.3932593 0.1054889 0.864364 0.3993713 0.3055775 0 0 0 0 1 0.08230531 0.5090658 -0.8567833 9.31323e-10 -0.495162 0.7669683 0.4081345 0.1054889 0.8648933 0.3906551 0.3151957 3.72529e-9 0 0 0 1 0.08612674 0.5313841 -0.8427413 0 -0.4934131 0.7576113 0.4272801 0.1054889 0.8655205 0.3790195 0.3274426 3.72529e-9 0 0 0 1 0.09042118 0.5556905 -0.8264574 9.31323e-10 -0.4915638 0.7466269 0.4482332 0.1054889 0.8661345 0.3657269 0.3406683 -3.72529e-9 0 0 0 1 0.09471992 0.5792292 -0.8096428 9.31323e-10 -0.4898313 0.7351522 0.4686323 0.1054889 0.8666564 0.3521997 0.3533582 0 0 0 0 1 0.09853215 0.5994629 -0.7943145 0 -0.488391 0.7245879 0.4862575 0.1054889 0.8670443 0.3400241 0.3641675 3.72529e-9 0 0 0 1 0.101354 0.6140621 -0.7827228 -9.31323e-10 -0.4873814 0.7165394 0.4990294 0.1054889 0.867287 0.330906 0.3719067 -3.72529e-9 0 0 0 1 0.102679 0.6208081 -0.7772092 9.31323e-10 -0.4869237 0.7126943 0.5049473 0.1054889 0.8673882 0.3265942 0.375465 0 0 0 0 1 0.1027202 0.621017 -0.7770369 9.31323e-10 -0.4869097 0.712574 0.5051308 0.1054889 0.8673913 0.3264597 0.375575 -3.72529e-9 0 0 0 1</float_array>
          <technique_common>
            <accessor source="#idle__Armature_Idle_wing_lower_L_pose_matrix-output-array" count="22" stride="16">
              <param name="TRANSFORM" type="float4x4" />
            </accessor>
          </technique_common>
        </source>
        <source id="idle__Armature_Idle_wing_lower_L_pose_matrix-interpolation">
          <Name_array id="idle__Armature_Idle_wing_lower_L_pose_matrix-interpolation-array" count="22">LINEAR LINEAR LINEAR LINEAR LINEAR LINEAR LINEAR LINEAR LINEAR LINEAR LINEAR LINEAR LINEAR LINEAR LINEAR LINEAR LINEAR LINEAR LINEAR LINEAR LINEAR LINEAR</Name_array>
          <technique_common>
            <accessor source="#idle__Armature_Idle_wing_lower_L_pose_matrix-interpolation-array" count="22" stride="1">
              <param name="INTERPOLATION" type="name" />
            </accessor>
          </technique_common>
        </source>
        <sampler id="idle__Armature_Idle_wing_lower_L_pose_matrix-sampler">
          <input semantic="INPUT" source="#idle__Armature_Idle_wing_lower_L_pose_matrix-input" />
          <input semantic="OUTPUT" source="#idle__Armature_Idle_wing_lower_L_pose_matrix-output" />
          <input semantic="INTERPOLATION" source="#idle__Armature_Idle_wing_lower_L_pose_matrix-interpolation" />
        </sampler>
        <channel source="#idle__Armature_Idle_wing_lower_L_pose_matrix-sampler" target="Armature_wing_lower_L/transform" />
      </animation>
      <animation id="idle__Armature_Idle_wing_upper_L_pose_matrix" name="Armature">
        <source id="idle__Armature_Idle_wing_upper_L_pose_matrix-input">
          <float_array id="idle__Armature_Idle_wing_upper_L_pose_matrix-input-array" count="22">0.04166662 0.25 0.4583333 0.6666667 0.875 1.083333 1.291667 1.5 1.708333 1.916667 2.125 2.333333 2.541667 2.75 2.958333 3.166667 3.375 3.583333 3.791667 4 4.208333 4.25</float_array>
          <technique_common>
            <accessor source="#idle__Armature_Idle_wing_upper_L_pose_matrix-input-array" count="22" stride="1">
              <param name="TIME" type="float" />
            </accessor>
          </technique_common>
        </source>
        <source id="idle__Armature_Idle_wing_upper_L_pose_matrix-output">
          <float_array id="idle__Armature_Idle_wing_upper_L_pose_matrix-output-array" count="352">0.3836254 -0.7873347 -0.4826341 -7.45058e-9 -0.01078993 -0.526406 0.8501648 0.2469093 -0.9234258 -0.3209372 -0.210438 -7.45058e-9 0 0 0 1 0.371989 -0.8063387 -0.4598284 0 0.006866455 -0.4929743 0.8700168 0.2469092 -0.9282117 -0.3267941 -0.1778444 0 0 0 0 1 0.3463591 -0.8475624 -0.4020864 3.72529e-9 0.05047095 -0.4111602 0.9101648 0.2469093 -0.9367434 -0.3355375 -0.09963185 7.45058e-9 0 0 0 1 0.3201427 -0.88852 -0.3286958 -3.72529e-9 0.1040668 -0.311874 0.9444071 0.2469093 -0.9416361 -0.3365514 -0.007378787 0 0 0 0 1 0.3025921 -0.9148967 -0.2672116 -3.72529e-9 0.1477009 -0.2319571 0.9614471 0.2469093 -0.9416064 -0.3303937 0.06494266 -7.45058e-9 0 0 0 1 0.2978434 -0.9218213 -0.2480623 -3.72529e-9 0.1610848 -0.207597 0.9648602 0.2469093 -0.9409256 -0.3273364 0.08665997 0 0 0 0 1 0.2989013 -0.9202883 -0.2524433 -7.45058e-9 0.1580309 -0.2131491 0.9641545 0.2469093 -0.9411081 -0.328081 0.08172351 -1.49012e-8 0 0 0 1 0.3013602 -0.9167033 -0.2623679 0 0.1510951 -0.2257726 0.9623913 0.2469093 -0.9414629 -0.329669 0.07047045 0 0 0 0 1 0.305119 -0.9111694 -0.2768986 -7.45058e-9 0.1408945 -0.2443721 0.959391 0.2469093 -0.9418339 -0.331742 0.05381611 7.45058e-9 0 0 0 1 0.310093 -0.903757 -0.295069 7.45058e-9 0.1280605 -0.2678327 0.9549169 0.2469093 -0.9420419 -0.3338997 0.0326826 0 0 0 0 1 0.3161843 -0.8945593 -0.3158972 0 0.1132372 -0.295013 0.9487596 0.2469093 -0.9419156 -0.3357542 0.00801903 7.45058e-9 0 0 0 1 0.3232593 -0.8837341 -0.3384044 -3.72529e-9 0.09707764 -0.3247485 0.9408052 0.2469093 -0.9413179 -0.3369755 -0.01918715 -7.45058e-9 0 0 0 1 0.3311334 -0.8715329 -0.3616369 0 0.08023342 -0.3558644 0.9310871 0.2469093 -0.9401667 -0.3373294 -0.0479126 -2.23517e-8 0 0 0 1 0.3395627 -0.8583179 -0.3846915 -3.72529e-9 0.0633412 -0.387197 0.9198186 0.2469093 -0.9384482 -0.336703 -0.07711077 -7.45058e-9 0 0 0 1 0.3482441 -0.8445646 -0.4067392 -3.72529e-9 0.04700887 -0.4176195 0.9074053 0.2469093 -0.9362245 -0.3351189 -0.1057315 0 0 0 0 1 0.3568215 -0.8308514 -0.4270418 -3.72529e-9 0.03180203 -0.4460649 0.8944354 0.2469093 -0.9336313 -0.3327346 -0.1327429 -7.45058e-9 0 0 0 1 0.3648965 -0.8178401 -0.4449587 3.72529e-9 0.01823685 -0.4715416 0.8816553 0.2469093 -0.9308695 -0.3298275 -0.1571491 -7.45058e-9 0 0 0 1 0.3720436 -0.80625 -0.4599399 0 0.006780893 -0.4931359 0.8699261 0.2469093 -0.9281907 -0.3267692 -0.178001 -7.45058e-9 0 0 0 1 0.3778251 -0.7968274 -0.4715021 0 -0.002136856 -0.5099984 0.8601727 0.2469092 -0.9258745 -0.3239872 -0.194393 1.49012e-8 0 0 0 1 0.3818066 -0.7903154 -0.4791922 0 -0.008107364 -0.5213143 0.8533264 0.2469093 -0.9242069 -0.3219205 -0.2054486 7.45058e-9 0 0 0 1 0.3835724 -0.7874216 -0.4825343 3.72529e-9 -0.01071218 -0.5262584 0.8502573 0.2469093 -0.9234487 -0.3209662 -0.2102933 -1.49012e-8 0 0 0 1 0.3836254 -0.7873347 -0.4826341 -7.45058e-9 -0.01078993 -0.526406 0.8501648 0.2469093 -0.9234258 -0.3209372 -0.210438 -7.45058e-9 0 0 0 1</float_array>
          <technique_common>
            <accessor source="#idle__Armature_Idle_wing_upper_L_pose_matrix-output-array" count="22" stride="16">
              <param name="TRANSFORM" type="float4x4" />
            </accessor>
          </technique_common>
        </source>
        <source id="idle__Armature_Idle_wing_upper_L_pose_matrix-interpolation">
          <Name_array id="idle__Armature_Idle_wing_upper_L_pose_matrix-interpolation-array" count="22">LINEAR LINEAR LINEAR LINEAR LINEAR LINEAR LINEAR LINEAR LINEAR LINEAR LINEAR LINEAR LINEAR LINEAR LINEAR LINEAR LINEAR LINEAR LINEAR LINEAR LINEAR LINEAR</Name_array>
          <technique_common>
            <accessor source="#idle__Armature_Idle_wing_upper_L_pose_matrix-interpolation-array" count="22" stride="1">
              <param name="INTERPOLATION" type="name" />
            </accessor>
          </technique_common>
        </source>
        <sampler id="idle__Armature_Idle_wing_upper_L_pose_matrix-sampler">
          <input semantic="INPUT" source="#idle__Armature_Idle_wing_upper_L_pose_matrix-input" />
          <input semantic="OUTPUT" source="#idle__Armature_Idle_wing_upper_L_pose_matrix-output" />
          <input semantic="INTERPOLATION" source="#idle__Armature_Idle_wing_upper_L_pose_matrix-interpolation" />
        </sampler>
        <channel source="#idle__Armature_Idle_wing_upper_L_pose_matrix-sampler" target="Armature_wing_upper_L/transform" />
      </animation>
      <animation id="idle__Armature_Idle_leg_front_shoulder_R_pose_matrix" name="Armature">
        <source id="idle__Armature_Idle_leg_front_shoulder_R_pose_matrix-input">
          <float_array id="idle__Armature_Idle_leg_front_shoulder_R_pose_matrix-input-array" count="22">0.04166662 0.25 0.4583333 0.6666667 0.875 1.083333 1.291667 1.5 1.708333 1.916667 2.125 2.333333 2.541667 2.75 2.958333 3.166667 3.375 3.583333 3.791667 4 4.208333 4.25</float_array>
          <technique_common>
            <accessor source="#idle__Armature_Idle_leg_front_shoulder_R_pose_matrix-input-array" count="22" stride="1">
              <param name="TIME" type="float" />
            </accessor>
          </technique_common>
        </source>
        <source id="idle__Armature_Idle_leg_front_shoulder_R_pose_matrix-output">
          <float_array id="idle__Armature_Idle_leg_front_shoulder_R_pose_matrix-output-array" count="352">-0.03210993 -0.9466134 -0.3207678 9.31323e-10 0.9917231 -0.0700925 0.1075743 0.1054889 -0.1243146 -0.3146587 0.9410292 -3.72529e-9 0 0 0 1 -0.02205009 -0.9501897 -0.3108911 1.86265e-9 0.9923079 -0.05868993 0.1089968 0.1054889 -0.1218137 -0.3060963 0.9441751 3.72529e-9 0 0 0 1 0.002064444 -0.9578829 -0.2871512 9.31323e-10 0.9932218 -0.03140764 0.1119109 0.1054889 -0.1162162 -0.2854359 0.9513255 3.72529e-9 0 0 0 1 0.03102747 -0.9655074 -0.2585202 0 0.9934223 0.001266487 0.1145002 0.1054889 -0.1102233 -0.2603725 0.9591961 0 0 0 0 1 0.05539316 -0.9705763 -0.2343356 0 0.9928445 0.02867633 0.1159203 0.1054889 -0.1057896 -0.23908 0.9652199 3.72529e-9 0 0 0 1 0.06562629 -0.9723421 -0.2241519 -9.31323e-10 0.9924001 0.04016692 0.1163121 0.1054889 -0.1040916 -0.2300816 0.9675885 0 0 0 0 1 0.06440441 -0.9721425 -0.2253687 1.86265e-9 0.9924593 0.03879554 0.1162716 0.1054889 -0.1042893 -0.2311577 0.9673107 0 0 0 0 1 0.06096327 -0.9715641 -0.2287943 1.86265e-9 0.9926173 0.03493247 0.1161485 0.1054889 -0.1048533 -0.234186 0.966521 0 0 0 0 1 0.05564042 -0.9706215 -0.2340897 0 0.992835 0.02895413 0.1159312 0.1054889 -0.1057474 -0.2388629 0.9652783 0 0 0 0 1 0.04877419 -0.9693201 -0.2409142 0 0.9930685 0.02123741 0.1156026 0.1054889 -0.1069395 -0.2448827 0.9636371 0 0 0 0 1 0.0407038 -0.9676667 -0.2489265 1.86265e-9 0.9932741 0.01216021 0.1151466 0.1054889 -0.1083964 -0.2519391 0.9616533 0 0 0 0 1 0.03176939 -0.9656799 -0.2577851 9.31323e-10 0.9934148 0.002102124 0.1145536 0.1054889 -0.1100802 -0.2597269 0.9593875 3.72529e-9 0 0 0 1 0.02231095 -0.9633967 -0.2671503 1.86265e-9 0.993464 -0.008556273 0.1138245 0.1054889 -0.1119439 -0.2679437 0.956909 3.72529e-9 0 0 0 1 0.01266775 -0.9608773 -0.2766843 0 0.9934078 -0.01943395 0.1129733 0.1054889 -0.1139304 -0.2762915 0.9542971 0 0 0 0 1 0.003177144 -0.9582084 -0.2860537 9.31323e-10 0.9932474 -0.03015049 0.1120286 0.1054889 -0.1159713 -0.284478 0.9516423 3.72529e-9 0 0 0 1 -0.005826384 -0.9555013 -0.2949294 0 0.992998 -0.04032717 0.1110338 0.1054889 -0.1179865 -0.2922174 0.949046 3.72529e-9 0 0 0 1 -0.01401181 -0.9528915 -0.3029878 9.31323e-10 0.9926887 -0.04958778 0.1100456 0.1054889 -0.1198859 -0.2992306 0.9466196 -3.72529e-9 0 0 0 1 -0.0210517 -0.9505328 -0.30991 9.31323e-10 0.9923595 -0.05755898 0.1091313 0.1054889 -0.1215709 -0.3052447 0.9444821 0 0 0 0 1 -0.02662168 -0.9485915 -0.3153814 0 0.9920571 -0.06387015 0.1083655 0.1054889 -0.122938 -0.3099916 0.9427574 3.72529e-9 0 0 0 1 -0.03039891 -0.9472371 -0.3190891 -9.31323e-10 0.9918311 -0.0681522 0.1078249 0.1054889 -0.1238824 -0.3132047 0.9415711 -3.72529e-9 0 0 0 1 -0.03206022 -0.9466317 -0.320719 9.31323e-10 0.9917263 -0.07003611 0.1075816 0.1054889 -0.124302 -0.3146164 0.9410449 0 0 0 0 1 -0.03210993 -0.9466134 -0.3207678 9.31323e-10 0.9917231 -0.0700925 0.1075743 0.1054889 -0.1243146 -0.3146587 0.9410292 -3.72529e-9 0 0 0 1</float_array>
          <technique_common>
            <accessor source="#idle__Armature_Idle_leg_front_shoulder_R_pose_matrix-output-array" count="22" stride="16">
              <param name="TRANSFORM" type="float4x4" />
            </accessor>
          </technique_common>
        </source>
        <source id="idle__Armature_Idle_leg_front_shoulder_R_pose_matrix-interpolation">
          <Name_array id="idle__Armature_Idle_leg_front_shoulder_R_pose_matrix-interpolation-array" count="22">LINEAR LINEAR LINEAR LINEAR LINEAR LINEAR LINEAR LINEAR LINEAR LINEAR LINEAR LINEAR LINEAR LINEAR LINEAR LINEAR LINEAR LINEAR LINEAR LINEAR LINEAR LINEAR</Name_array>
          <technique_common>
            <accessor source="#idle__Armature_Idle_leg_front_shoulder_R_pose_matrix-interpolation-array" count="22" stride="1">
              <param name="INTERPOLATION" type="name" />
            </accessor>
          </technique_common>
        </source>
        <sampler id="idle__Armature_Idle_leg_front_shoulder_R_pose_matrix-sampler">
          <input semantic="INPUT" source="#idle__Armature_Idle_leg_front_shoulder_R_pose_matrix-input" />
          <input semantic="OUTPUT" source="#idle__Armature_Idle_leg_front_shoulder_R_pose_matrix-output" />
          <input semantic="INTERPOLATION" source="#idle__Armature_Idle_leg_front_shoulder_R_pose_matrix-interpolation" />
        </sampler>
        <channel source="#idle__Armature_Idle_leg_front_shoulder_R_pose_matrix-sampler" target="Armature_leg_front_shoulder_R/transform" />
      </animation>
      <animation id="idle__Armature_Idle_leg_front_upper_R_pose_matrix" name="Armature">
        <source id="idle__Armature_Idle_leg_front_upper_R_pose_matrix-input">
          <float_array id="idle__Armature_Idle_leg_front_upper_R_pose_matrix-input-array" count="22">0.04166662 0.25 0.4583333 0.6666667 0.875 1.083333 1.291667 1.5 1.708333 1.916667 2.125 2.333333 2.541667 2.75 2.958333 3.166667 3.375 3.583333 3.791667 4 4.208333 4.25</float_array>
          <technique_common>
            <accessor source="#idle__Armature_Idle_leg_front_upper_R_pose_matrix-input-array" count="22" stride="1">
              <param name="TIME" type="float" />
            </accessor>
          </technique_common>
        </source>
        <source id="idle__Armature_Idle_leg_front_upper_R_pose_matrix-output">
          <float_array id="idle__Armature_Idle_leg_front_upper_R_pose_matrix-output-array" count="352">0.781743 -0.6215742 0.05023475 -1.86265e-9 0.03041318 0.118462 0.9924928 0.1358971 -0.6228588 -0.7743464 0.1115109 3.72529e-9 0 0 0 1 0.7808681 -0.6228028 0.04859747 -1.11759e-8 0.02970828 0.1147285 0.9929526 0.1358971 -0.6239892 -0.7739211 0.1080902 0 0 0 0 1 0.7787807 -0.6257036 0.04467141 3.72529e-9 0.02800548 0.1058218 0.9939907 0.1358971 -0.6266707 -0.7728497 0.09993511 3.72529e-9 0 0 0 1 0.7762879 -0.6291116 0.03994606 0 0.02593309 0.09518623 0.9951217 0.1358971 -0.6298448 -0.7714649 0.0902067 7.45058e-9 0 0 0 1 0.7741984 -0.6319209 0.0359546 7.45058e-9 0.02416351 0.08627246 0.9959785 0.1358971 -0.6324816 -0.7702162 0.0820614 3.72529e-9 0 0 0 1 0.773322 -0.6330865 0.03427212 0 0.02341246 0.08253399 0.9963132 0.1358971 -0.6335811 -0.7696685 0.07864743 0 0 0 0 1 0.7734265 -0.6329478 0.03447325 3.72529e-9 0.0235024 0.0829803 0.9962741 0.1358971 -0.6334501 -0.7697347 0.07905494 3.72529e-9 0 0 0 1 0.7737212 -0.6325563 0.0350393 0 0.0237553 0.08423728 0.9961624 0.1358971 -0.6330806 -0.7699198 0.08020273 7.45058e-9 0 0 0 1 0.7741772 -0.6319492 0.035914 -3.72529e-9 0.02414542 0.08618212 0.9959868 0.1358971 -0.6325082 -0.7702031 0.08197886 0 0 0 0 1 0.7747656 -0.6311626 0.03704078 0 0.02464676 0.08869185 0.9957542 0.1358971 -0.631768 -0.7705631 0.08427151 3.72529e-9 0 0 0 1 0.7754574 -0.6302332 0.03836313 -7.45058e-9 0.02523337 0.09164362 0.9954721 0.1358971 -0.6308954 -0.7709783 0.08696862 3.72529e-9 0 0 0 1 0.7762243 -0.6291978 0.03982479 0 0.02587959 0.09491445 0.995149 0.1358971 -0.6299255 -0.771428 0.08995824 0 0 0 0 1 0.7770368 -0.6280941 0.04136991 -3.72529e-9 0.02656015 0.0983814 0.9947942 0.1358971 -0.6288944 -0.7718929 0.09312823 3.72529e-9 0 0 0 1 0.7778666 -0.6269605 0.04294325 3.72529e-9 0.02725045 0.1019216 0.9944191 0.1358971 -0.6278384 -0.7723553 0.09636634 0 0 0 0 1 0.7786848 -0.6258361 0.04449014 3.72529e-9 0.02792644 0.1054122 0.9940364 0.1358971 -0.6267935 -0.7727985 0.09956017 3.72529e-9 0 0 0 1 0.7794625 -0.6247612 0.04595657 -1.11759e-8 0.02856481 0.1087303 0.9936609 0.1358971 -0.6257975 -0.7732085 0.1025973 0 0 0 0 1 0.7801708 -0.6237767 0.04728914 -7.45058e-9 0.02914278 0.1117533 0.9933085 0.1358971 -0.6248873 -0.7735723 0.1053652 0 0 0 0 1 0.7807814 -0.6229243 0.04843497 -3.72529e-9 0.02963814 0.1143586 0.9929973 0.1358971 -0.624101 -0.7738783 0.1077513 0 0 0 0 1 0.7812653 -0.6222458 0.04934149 -7.45058e-9 0.03002899 0.1164237 0.9927455 0.1358971 -0.6234764 -0.7741159 0.1096432 3.72529e-9 0 0 0 1 0.7815939 -0.621784 0.04995625 0 0.0302935 0.1178262 0.9925719 0.1358971 -0.6230515 -0.7742749 0.1109282 0 0 0 0 1 0.7817386 -0.6215803 0.05022666 -3.72529e-9 0.0304097 0.1184435 0.992495 0.1358971 -0.6228644 -0.7743443 0.111494 -3.72529e-9 0 0 0 1 0.781743 -0.6215742 0.05023475 -1.86265e-9 0.03041318 0.118462 0.9924928 0.1358971 -0.6228588 -0.7743464 0.1115109 3.72529e-9 0 0 0 1</float_array>
          <technique_common>
            <accessor source="#idle__Armature_Idle_leg_front_upper_R_pose_matrix-output-array" count="22" stride="16">
              <param name="TRANSFORM" type="float4x4" />
            </accessor>
          </technique_common>
        </source>
        <source id="idle__Armature_Idle_leg_front_upper_R_pose_matrix-interpolation">
          <Name_array id="idle__Armature_Idle_leg_front_upper_R_pose_matrix-interpolation-array" count="22">LINEAR LINEAR LINEAR LINEAR LINEAR LINEAR LINEAR LINEAR LINEAR LINEAR LINEAR LINEAR LINEAR LINEAR LINEAR LINEAR LINEAR LINEAR LINEAR LINEAR LINEAR LINEAR</Name_array>
          <technique_common>
            <accessor source="#idle__Armature_Idle_leg_front_upper_R_pose_matrix-interpolation-array" count="22" stride="1">
              <param name="INTERPOLATION" type="name" />
            </accessor>
          </technique_common>
        </source>
        <sampler id="idle__Armature_Idle_leg_front_upper_R_pose_matrix-sampler">
          <input semantic="INPUT" source="#idle__Armature_Idle_leg_front_upper_R_pose_matrix-input" />
          <input semantic="OUTPUT" source="#idle__Armature_Idle_leg_front_upper_R_pose_matrix-output" />
          <input semantic="INTERPOLATION" source="#idle__Armature_Idle_leg_front_upper_R_pose_matrix-interpolation" />
        </sampler>
        <channel source="#idle__Armature_Idle_leg_front_upper_R_pose_matrix-sampler" target="Armature_leg_front_upper_R/transform" />
      </animation>
      <animation id="idle__Armature_Idle_leg_front_lower_R_pose_matrix" name="Armature">
        <source id="idle__Armature_Idle_leg_front_lower_R_pose_matrix-input">
          <float_array id="idle__Armature_Idle_leg_front_lower_R_pose_matrix-input-array" count="22">0.04166662 0.25 0.4583333 0.6666667 0.875 1.083333 1.291667 1.5 1.708333 1.916667 2.125 2.333333 2.541667 2.75 2.958333 3.166667 3.375 3.583333 3.791667 4 4.208333 4.25</float_array>
          <technique_common>
            <accessor source="#idle__Armature_Idle_leg_front_lower_R_pose_matrix-input-array" count="22" stride="1">
              <param name="TIME" type="float" />
            </accessor>
          </technique_common>
        </source>
        <source id="idle__Armature_Idle_leg_front_lower_R_pose_matrix-output">
          <float_array id="idle__Armature_Idle_leg_front_lower_R_pose_matrix-output-array" count="352">-0.9239704 -0.3747294 -0.07652677 0 -0.3713582 0.9268661 -0.05488351 0.1167948 0.09149653 -0.02229193 -0.9955558 -1.49012e-8 0 0 0 1 -0.9243178 -0.3742734 -0.07454048 0 -0.3690054 0.9263523 -0.07554077 0.1167948 0.09732364 -0.04231783 -0.9943528 1.49012e-8 0 0 0 1 -0.9251894 -0.3730223 -0.0698465 -3.72529e-9 -0.3629015 0.9234419 -0.1247285 0.1167948 0.1110257 -0.09005019 -0.9897293 -1.49012e-8 0 0 0 1 -0.926308 -0.3712322 -0.06434269 -3.72529e-9 -0.35473 0.9168658 -0.1830943 0.1167948 0.1269641 -0.1467774 -0.9809875 1.49012e-8 0 0 0 1 -0.9273062 -0.3694898 -0.05983416 -3.72529e-9 -0.347171 0.9087805 -0.2314952 0.1167948 0.1399113 -0.1938944 -0.9709943 0 0 0 0 1 -0.9277406 -0.3686953 -0.05797568 0 -0.3438155 0.9047005 -0.2516103 0.1167948 0.1452182 -0.2134962 -0.9660907 1.49012e-8 0 0 0 1 -0.9276883 -0.3687921 -0.0581965 -3.72529e-9 -0.3442217 0.9052088 -0.2492155 0.1167948 0.1445886 -0.2111618 -0.966698 -1.49012e-8 0 0 0 1 -0.9275416 -0.3690619 -0.0588199 0 -0.3453576 0.9066094 -0.2424607 0.1167948 0.1428097 -0.2045785 -0.9683766 0 0 0 0 1 -0.9273168 -0.3694711 -0.05978901 3.72529e-9 -0.3470913 0.9086866 -0.2319829 0.1167948 0.1400405 -0.1943694 -0.9708807 0 0 0 0 1 -0.9270301 -0.3699841 -0.06104747 -3.72529e-9 -0.349285 0.9112051 -0.2184157 0.1167948 0.1364371 -0.181155 -0.9739446 0 0 0 0 1 -0.9266984 -0.3705658 -0.06253847 -7.45058e-9 -0.3518018 0.9139314 -0.2023976 0.1167948 0.1321575 -0.1655605 -0.9773046 0 0 0 0 1 -0.9263375 -0.3711823 -0.06420372 0 -0.3545089 0.9166539 -0.184578 0.1167948 0.1273647 -0.1482207 -0.9807186 2.98023e-8 0 0 0 1 -0.9259633 -0.3718033 -0.06598305 0 -0.3572838 0.9191946 -0.1656183 0.1167948 0.1222287 -0.1297819 -0.9839801 1.49012e-8 0 0 0 1 -0.9255902 -0.372403 -0.06781404 -1.11759e-8 -0.3600146 0.9214211 -0.1461929 0.1167948 0.116928 -0.1109007 -0.9869291 0 0 0 0 1 -0.925231 -0.3729593 -0.06963231 0 -0.3626043 0.9232512 -0.126986 0.1167948 0.1116487 -0.09224244 -0.9894574 0 0 0 0 1 -0.924898 -0.373456 -0.07137173 0 -0.36497 0.9246532 -0.1086878 0.1167948 0.1065842 -0.07447661 -0.9915105 0 0 0 0 1 -0.9246021 -0.373881 -0.07296506 0 -0.3670429 0.9256442 -0.09199096 0.1167948 0.1019333 -0.05827374 -0.9930831 -1.49012e-8 0 0 0 1 -0.9243526 -0.374226 -0.07434423 -3.72529e-9 -0.3687656 0.9262786 -0.0775867 0.1167948 0.09789843 -0.0443019 -0.9942098 0 0 0 0 1 -0.9241586 -0.3744855 -0.07544113 3.72529e-9 -0.370089 0.9266373 -0.06616262 0.1167948 0.09468351 -0.03322485 -0.9949529 1.49012e-8 0 0 0 1 -0.9240288 -0.3746547 -0.07618783 -7.45058e-9 -0.3709662 0.9268081 -0.05840221 0.1167948 0.09249214 -0.02570224 -0.9953817 0 0 0 0 1 -0.9239722 -0.3747272 -0.07651693 3.72529e-9 -0.3713469 0.9268646 -0.05498575 0.1167948 0.09152548 -0.022391 -0.995551 0 0 0 0 1 -0.9239704 -0.3747294 -0.07652677 0 -0.3713582 0.9268661 -0.05488351 0.1167948 0.09149653 -0.02229193 -0.9955558 -1.49012e-8 0 0 0 1</float_array>
          <technique_common>
            <accessor source="#idle__Armature_Idle_leg_front_lower_R_pose_matrix-output-array" count="22" stride="16">
              <param name="TRANSFORM" type="float4x4" />
            </accessor>
          </technique_common>
        </source>
        <source id="idle__Armature_Idle_leg_front_lower_R_pose_matrix-interpolation">
          <Name_array id="idle__Armature_Idle_leg_front_lower_R_pose_matrix-interpolation-array" count="22">LINEAR LINEAR LINEAR LINEAR LINEAR LINEAR LINEAR LINEAR LINEAR LINEAR LINEAR LINEAR LINEAR LINEAR LINEAR LINEAR LINEAR LINEAR LINEAR LINEAR LINEAR LINEAR</Name_array>
          <technique_common>
            <accessor source="#idle__Armature_Idle_leg_front_lower_R_pose_matrix-interpolation-array" count="22" stride="1">
              <param name="INTERPOLATION" type="name" />
            </accessor>
          </technique_common>
        </source>
        <sampler id="idle__Armature_Idle_leg_front_lower_R_pose_matrix-sampler">
          <input semantic="INPUT" source="#idle__Armature_Idle_leg_front_lower_R_pose_matrix-input" />
          <input semantic="OUTPUT" source="#idle__Armature_Idle_leg_front_lower_R_pose_matrix-output" />
          <input semantic="INTERPOLATION" source="#idle__Armature_Idle_leg_front_lower_R_pose_matrix-interpolation" />
        </sampler>
        <channel source="#idle__Armature_Idle_leg_front_lower_R_pose_matrix-sampler" target="Armature_leg_front_lower_R/transform" />
      </animation>
      <animation id="idle__Armature_Idle_leg_front_foot_R_pose_matrix" name="Armature">
        <source id="idle__Armature_Idle_leg_front_foot_R_pose_matrix-input">
          <float_array id="idle__Armature_Idle_leg_front_foot_R_pose_matrix-input-array" count="22">0.04166662 0.25 0.4583333 0.6666667 0.875 1.083333 1.291667 1.5 1.708333 1.916667 2.125 2.333333 2.541667 2.75 2.958333 3.166667 3.375 3.583333 3.791667 4 4.208333 4.25</float_array>
          <technique_common>
            <accessor source="#idle__Armature_Idle_leg_front_foot_R_pose_matrix-input-array" count="22" stride="1">
              <param name="TIME" type="float" />
            </accessor>
          </technique_common>
        </source>
        <source id="idle__Armature_Idle_leg_front_foot_R_pose_matrix-output">
          <float_array id="idle__Armature_Idle_leg_front_foot_R_pose_matrix-output-array" count="352">0.1096749 0.9295763 0.3519369 7.45058e-9 -0.1972005 0.3673842 -0.908923 0.1562064 -0.9742092 0.03028395 0.2236057 7.45058e-9 0 0 0 1 0.1104567 0.9296641 0.3514602 7.45058e-9 -0.2000709 0.3671836 -0.9083765 0.1562064 -0.9735355 0.0300194 0.2265566 -1.49012e-8 0 0 0 1 0.1123151 0.9298741 0.3503136 7.45058e-9 -0.2069087 0.3667022 -0.9070382 0.1562064 -0.9718921 0.02939121 0.2335852 1.49012e-8 0 0 0 1 0.1145221 0.9301261 0.3489276 7.45058e-9 -0.2150567 0.3661218 -0.905376 0.1562065 -0.9698636 0.02864641 0.2419588 1.49012e-8 0 0 0 1 0.1163618 0.9303381 0.3477515 -7.45058e-9 -0.2218716 0.3656306 -0.9039288 0.1562064 -0.968108 0.02802659 0.248961 0 0 0 0 1 0.1171306 0.9304274 0.3472543 0 -0.2247262 0.3654233 -0.9033071 0.1562065 -0.9673565 0.02776783 0.2518936 1.49012e-8 0 0 0 1 0.1170389 0.9304166 0.3473139 -7.45058e-9 -0.2243855 0.3654481 -0.9033819 0.1562064 -0.9674466 0.02779866 0.2515436 7.45058e-9 0 0 0 1 0.1167805 0.9303868 0.3474812 0 -0.2234259 0.3655179 -0.9035916 0.1562065 -0.9676999 0.02788564 0.2505578 0 0 0 0 1 0.1163803 0.9303403 0.3477395 -7.45058e-9 -0.2219407 0.3656256 -0.9039139 0.1562065 -0.9680898 0.02802031 0.2490319 -7.45058e-9 0 0 0 1 0.1158633 0.9302805 0.348072 0 -0.2200232 0.3657643 -0.9043265 0.1562065 -0.9685894 0.02819443 0.2470619 2.23517e-8 0 0 0 1 0.1152543 0.9302102 0.3484616 0 -0.2177667 0.365927 -0.9048066 0.1562064 -0.9691719 0.02839959 0.2447434 1.49012e-8 0 0 0 1 0.1145783 0.9301325 0.3488919 0 -0.2152646 0.3661069 -0.9053324 0.1562065 -0.9698108 0.02862746 0.2421725 1.49012e-8 0 0 0 1 0.1138605 0.9300503 0.3493459 1.49012e-8 -0.2126108 0.3662968 -0.9058828 0.1562064 -0.9704806 0.02886956 0.2394454 1.49012e-8 0 0 0 1 0.113126 0.9299664 0.3498075 7.45058e-9 -0.2098988 0.3664901 -0.9064367 0.1562065 -0.9711565 0.0291174 0.2366584 -1.49012e-8 0 0 0 1 0.1124004 0.9298838 0.3502606 7.45058e-9 -0.2072229 0.36668 -0.9069753 0.1562064 -0.9718152 0.02936242 0.2339081 -1.49012e-8 0 0 0 1 0.1117093 0.9298055 0.3506894 1.49012e-8 -0.2046773 0.3668599 -0.9074806 0.1562064 -0.9724341 0.0295959 0.2312917 -1.49012e-8 0 0 0 1 0.1110786 0.9297342 0.3510787 7.45058e-9 -0.2023565 0.3670233 -0.9079349 0.1562065 -0.9729921 0.02980909 0.2289062 0 0 0 0 1 0.1105341 0.9296728 0.3514128 1.49012e-8 -0.2003551 0.3671637 -0.9083219 0.1562065 -0.9734681 0.02999322 0.2268488 7.45058e-9 0 0 0 1 0.110102 0.9296243 0.3516769 1.49012e-8 -0.1987679 0.3672748 -0.9086258 0.1562064 -0.9738424 0.03013943 0.2252171 -7.45058e-9 0 0 0 1 0.1098082 0.9295912 0.3518559 7.45058e-9 -0.1976895 0.36735 -0.9088305 0.1562064 -0.9740951 0.03023883 0.2241085 -1.49012e-8 0 0 0 1 0.1096788 0.9295766 0.3519346 0 -0.1972147 0.3673831 -0.9089202 0.1562064 -0.9742058 0.03028263 0.2236203 -2.23517e-8 0 0 0 1 0.1096749 0.9295763 0.3519369 7.45058e-9 -0.1972005 0.3673842 -0.908923 0.1562064 -0.9742092 0.03028395 0.2236057 7.45058e-9 0 0 0 1</float_array>
          <technique_common>
            <accessor source="#idle__Armature_Idle_leg_front_foot_R_pose_matrix-output-array" count="22" stride="16">
              <param name="TRANSFORM" type="float4x4" />
            </accessor>
          </technique_common>
        </source>
        <source id="idle__Armature_Idle_leg_front_foot_R_pose_matrix-interpolation">
          <Name_array id="idle__Armature_Idle_leg_front_foot_R_pose_matrix-interpolation-array" count="22">LINEAR LINEAR LINEAR LINEAR LINEAR LINEAR LINEAR LINEAR LINEAR LINEAR LINEAR LINEAR LINEAR LINEAR LINEAR LINEAR LINEAR LINEAR LINEAR LINEAR LINEAR LINEAR</Name_array>
          <technique_common>
            <accessor source="#idle__Armature_Idle_leg_front_foot_R_pose_matrix-interpolation-array" count="22" stride="1">
              <param name="INTERPOLATION" type="name" />
            </accessor>
          </technique_common>
        </source>
        <sampler id="idle__Armature_Idle_leg_front_foot_R_pose_matrix-sampler">
          <input semantic="INPUT" source="#idle__Armature_Idle_leg_front_foot_R_pose_matrix-input" />
          <input semantic="OUTPUT" source="#idle__Armature_Idle_leg_front_foot_R_pose_matrix-output" />
          <input semantic="INTERPOLATION" source="#idle__Armature_Idle_leg_front_foot_R_pose_matrix-interpolation" />
        </sampler>
        <channel source="#idle__Armature_Idle_leg_front_foot_R_pose_matrix-sampler" target="Armature_leg_front_foot_R/transform" />
      </animation>
      <animation id="idle__Armature_Idle_wing_lower_R_pose_matrix" name="Armature">
        <source id="idle__Armature_Idle_wing_lower_R_pose_matrix-input">
          <float_array id="idle__Armature_Idle_wing_lower_R_pose_matrix-input-array" count="22">0.04166662 0.25 0.4583333 0.6666667 0.875 1.083333 1.291667 1.5 1.708333 1.916667 2.125 2.333333 2.541667 2.75 2.958333 3.166667 3.375 3.583333 3.791667 4 4.208333 4.25</float_array>
          <technique_common>
            <accessor source="#idle__Armature_Idle_wing_lower_R_pose_matrix-input-array" count="22" stride="1">
              <param name="TIME" type="float" />
            </accessor>
          </technique_common>
        </source>
        <source id="idle__Armature_Idle_wing_lower_R_pose_matrix-output">
          <float_array id="idle__Armature_Idle_wing_lower_R_pose_matrix-output-array" count="352">0.4230472 -0.7706423 0.4765936 9.31323e-10 0.5894167 0.6335351 0.5012193 0.1054889 -0.6881997 0.0688729 0.7222449 -3.72529e-9 0 0 0 1 0.4216624 -0.7692784 0.4800121 1.86265e-9 0.586539 0.6351094 0.502601 0.1054889 -0.6915004 0.06961796 0.7190137 3.72529e-9 0 0 0 1 0.4177574 -0.7654893 0.4893923 9.31323e-10 0.5785636 0.6394498 0.5063277 0.1054889 -0.7005304 0.07162243 0.7100194 3.72529e-9 0 0 0 1 0.4116403 -0.7597086 0.5033835 0 0.5664477 0.6459814 0.5117075 0.1054889 -0.7139251 0.07450095 0.6962475 0 0 0 0 1 0.4036084 -0.7523693 0.5206158 0 0.5511508 0.6541244 0.5180287 0.1054889 -0.7302964 0.07785717 0.6786792 3.72529e-9 0 0 0 1 0.3940245 -0.7439293 0.539735 -9.31323e-10 0.5336736 0.6632912 0.5246304 0.1054889 -0.7482895 0.08132505 0.6583686 0 0 0 0 1 0.3833678 -0.7348878 0.5594362 1.86265e-9 0.5150769 0.672891 0.530955 0.1054889 -0.7666321 0.08460173 0.6364887 0 0 0 0 1 0.3722576 -0.7257877 0.578495 1.86265e-9 0.4964846 0.6823354 0.5365828 0.1054889 -0.784173 0.0874669 0.6143471 0 0 0 0 1 0.3614515 -0.7172109 0.5957862 0 0.4790707 0.691047 0.541244 0.1054889 -0.7999025 0.0897902 0.5933749 0 0 0 0 1 0.3518223 -0.7097682 0.610287 0 0.4640406 0.6984645 0.5448059 0.1054889 -0.8129497 0.09152308 0.5750968 0 0 0 0 1 0.3443165 -0.704084 0.6210571 1.86265e-9 0.4526113 0.7040433 0.5472348 0.1054889 -0.8225504 0.09267551 0.5610902 0 0 0 0 1 0.3398987 -0.7007829 0.627194 9.31323e-10 0.4459928 0.7072498 0.5485324 0.1054889 -0.8279849 0.09327856 0.5529376 3.72529e-9 0 0 0 1 0.3397512 -0.7006732 0.6273963 1.86265e-9 0.4457733 0.7073559 0.548574 0.1054889 -0.8281638 0.09329781 0.5526666 3.72529e-9 0 0 0 1 0.3462063 -0.705506 0.618387 0 0.4554666 0.7026545 0.5466503 0.1054889 -0.8201776 0.09240085 0.564598 0 0 0 0 1 0.3577735 -0.7143472 0.6014203 9.31323e-10 0.4732785 0.6939163 0.5426667 0.1054889 -0.8049878 0.09048748 0.5863503 3.72529e-9 0 0 0 1 0.3721028 -0.7256629 0.578751 0 0.4962307 0.6824634 0.5366549 0.1054889 -0.7844071 0.08750328 0.614043 3.72529e-9 0 0 0 1 0.3870207 -0.73795 0.5528514 9.31323e-10 0.5213611 0.6696644 0.5288969 0.1054889 -0.7605245 0.08354115 0.6439126 -3.72529e-9 0 0 0 1 0.4007249 -0.749796 0.5265219 9.31323e-10 0.5458099 0.6569409 0.5201154 0.1054889 -0.7358744 0.07895771 0.6724988 0 0 0 0 1 0.4118713 -0.7599238 0.5028695 0 0.5668975 0.6457403 0.5115137 0.1054889 -0.7134346 0.07439762 0.6967611 3.72529e-9 0 0 0 1 0.4195232 -0.7671926 0.4851966 -9.31323e-10 0.5821453 0.6375046 0.5046725 0.1054889 -0.6964962 0.07073316 0.7140658 -3.72529e-9 0 0 0 1 0.4229425 -0.7705388 0.4768537 9.31323e-10 0.5891983 0.6336548 0.5013248 0.1054889 -0.688451 0.06892988 0.7219999 0 0 0 0 1 0.4230472 -0.7706423 0.4765936 9.31323e-10 0.5894167 0.6335351 0.5012193 0.1054889 -0.6881997 0.0688729 0.7222449 -3.72529e-9 0 0 0 1</float_array>
          <technique_common>
            <accessor source="#idle__Armature_Idle_wing_lower_R_pose_matrix-output-array" count="22" stride="16">
              <param name="TRANSFORM" type="float4x4" />
            </accessor>
          </technique_common>
        </source>
        <source id="idle__Armature_Idle_wing_lower_R_pose_matrix-interpolation">
          <Name_array id="idle__Armature_Idle_wing_lower_R_pose_matrix-interpolation-array" count="22">LINEAR LINEAR LINEAR LINEAR LINEAR LINEAR LINEAR LINEAR LINEAR LINEAR LINEAR LINEAR LINEAR LINEAR LINEAR LINEAR LINEAR LINEAR LINEAR LINEAR LINEAR LINEAR</Name_array>
          <technique_common>
            <accessor source="#idle__Armature_Idle_wing_lower_R_pose_matrix-interpolation-array" count="22" stride="1">
              <param name="INTERPOLATION" type="name" />
            </accessor>
          </technique_common>
        </source>
        <sampler id="idle__Armature_Idle_wing_lower_R_pose_matrix-sampler">
          <input semantic="INPUT" source="#idle__Armature_Idle_wing_lower_R_pose_matrix-input" />
          <input semantic="OUTPUT" source="#idle__Armature_Idle_wing_lower_R_pose_matrix-output" />
          <input semantic="INTERPOLATION" source="#idle__Armature_Idle_wing_lower_R_pose_matrix-interpolation" />
        </sampler>
        <channel source="#idle__Armature_Idle_wing_lower_R_pose_matrix-sampler" target="Armature_wing_lower_R/transform" />
      </animation>
      <animation id="idle__Armature_Idle_wing_upper_R_pose_matrix" name="Armature">
        <source id="idle__Armature_Idle_wing_upper_R_pose_matrix-input">
          <float_array id="idle__Armature_Idle_wing_upper_R_pose_matrix-input-array" count="22">0.04166662 0.25 0.4583333 0.6666667 0.875 1.083333 1.291667 1.5 1.708333 1.916667 2.125 2.333333 2.541667 2.75 2.958333 3.166667 3.375 3.583333 3.791667 4 4.208333 4.25</float_array>
          <technique_common>
            <accessor source="#idle__Armature_Idle_wing_upper_R_pose_matrix-input-array" count="22" stride="1">
              <param name="TIME" type="float" />
            </accessor>
          </technique_common>
        </source>
        <source id="idle__Armature_Idle_wing_upper_R_pose_matrix-output">
          <float_array id="idle__Armature_Idle_wing_upper_R_pose_matrix-output-array" count="352">0.3874637 0.7813011 0.4893265 3.72529e-9 0.009294719 -0.534073 0.8453873 0.2469093 0.9218382 -0.3230087 -0.2141958 7.45058e-9 0 0 0 1 0.3802235 0.7981843 0.4672599 3.72529e-9 0.01254684 -0.5096083 0.8603151 0.2469093 0.9248095 -0.3212494 -0.2037796 1.49012e-8 0 0 0 1 0.3627143 0.8352353 0.4133038 7.45058e-9 0.01932201 -0.4501515 0.892743 0.2469093 0.9316999 -0.3158247 -0.1794148 -7.45058e-9 0 0 0 1 0.3416522 0.8732716 0.3473764 7.45058e-9 0.0255883 -0.3781239 0.9254012 0.2469092 0.939478 -0.3072765 -0.1515324 -7.45058e-9 0 0 0 1 0.3246706 0.8991459 0.2934715 3.72529e-9 0.02925846 -0.3196796 0.9470738 0.2469093 0.9453745 -0.2989004 -0.1300981 0 0 0 0 1 0.3194669 0.9062604 0.2768262 0 0.03014842 -0.3017076 0.9529237 0.2469093 0.9471176 -0.2960817 -0.1237078 7.45058e-9 0 0 0 1 0.3206544 0.9046697 0.2806299 -3.72529e-9 0.02995473 -0.3058115 0.9516207 0.2469092 0.9467223 -0.2967352 -0.125159 0 0 0 0 1 0.3233511 0.9009854 0.2892564 0 0.02949435 -0.3151252 0.9485916 0.2469093 0.9458193 -0.2981966 -0.12847 1.49012e-8 0 0 0 1 0.3273164 0.8953843 0.3019123 0 0.02876437 -0.3288064 0.9439592 0.2469093 0.944477 -0.300289 -0.1333789 -7.45058e-9 0 0 0 1 0.3323069 0.8880208 0.3177913 0 0.02775508 -0.3460002 0.9378238 0.2469093 0.9427629 -0.3028249 -0.1396253 -7.45058e-9 0 0 0 1 0.3380769 0.8790638 0.3360813 1.86265e-9 0.02646038 -0.3658459 0.9302992 0.2469093 0.9407464 -0.3056198 -0.1469444 -7.45058e-9 0 0 0 1 0.344381 0.8687241 0.3559775 3.72529e-9 0.0248861 -0.3874853 0.92154 0.2469093 0.9385002 -0.308502 -0.1550617 0 0 0 0 1 0.3509755 0.8572747 0.376691 -3.72529e-9 0.02305681 -0.4100725 0.9117615 0.2469093 0.9361006 -0.3113206 -0.1636913 0 0 0 0 1 0.3576219 0.8450621 0.3974624 1.86265e-9 0.02101886 -0.4327853 0.9012519 0.2469093 0.9336298 -0.3139531 -0.1725357 1.49012e-8 0 0 0 1 0.3640891 0.8325112 0.4175692 -3.72529e-9 0.01884344 -0.4548342 0.8903767 0.2469092 0.9311734 -0.316308 -0.1812874 7.45058e-9 0 0 0 1 0.370156 0.8201198 0.4363347 -3.72529e-9 0.01662466 -0.4754704 0.8795747 0.2469093 0.9288208 -0.3183259 -0.1896323 1.49012e-8 0 0 0 1 0.3756124 0.8084484 0.4531294 -3.72529e-9 0.01447707 -0.4939892 0.8693476 0.2469093 0.9266638 -0.3199776 -0.1972525 -1.49012e-8 0 0 0 1 0.3802583 0.7981052 0.4673663 0 0.01253182 -0.509726 0.8602453 0.2469092 0.9247955 -0.3212585 -0.2038292 2.23517e-8 0 0 0 1 0.3839024 0.7897246 0.4784911 0 0.01092863 -0.5220486 0.8528457 0.2469092 0.9233089 -0.3221802 -0.2090463 1.49012e-8 0 0 0 1 0.3863567 0.7839442 0.4859625 7.45058e-9 0.009809762 -0.5303376 0.8477299 0.2469093 0.9222971 -0.3227589 -0.2125897 -7.45058e-9 0 0 0 1 0.3874315 0.781378 0.4892289 7.45058e-9 0.009309649 -0.5339645 0.8454555 0.2469093 0.9218514 -0.3230015 -0.214149 0 0 0 0 1 0.3874637 0.7813011 0.4893265 3.72529e-9 0.009294719 -0.534073 0.8453873 0.2469093 0.9218382 -0.3230087 -0.2141958 7.45058e-9 0 0 0 1</float_array>
          <technique_common>
            <accessor source="#idle__Armature_Idle_wing_upper_R_pose_matrix-output-array" count="22" stride="16">
              <param name="TRANSFORM" type="float4x4" />
            </accessor>
          </technique_common>
        </source>
        <source id="idle__Armature_Idle_wing_upper_R_pose_matrix-interpolation">
          <Name_array id="idle__Armature_Idle_wing_upper_R_pose_matrix-interpolation-array" count="22">LINEAR LINEAR LINEAR LINEAR LINEAR LINEAR LINEAR LINEAR LINEAR LINEAR LINEAR LINEAR LINEAR LINEAR LINEAR LINEAR LINEAR LINEAR LINEAR LINEAR LINEAR LINEAR</Name_array>
          <technique_common>
            <accessor source="#idle__Armature_Idle_wing_upper_R_pose_matrix-interpolation-array" count="22" stride="1">
              <param name="INTERPOLATION" type="name" />
            </accessor>
          </technique_common>
        </source>
        <sampler id="idle__Armature_Idle_wing_upper_R_pose_matrix-sampler">
          <input semantic="INPUT" source="#idle__Armature_Idle_wing_upper_R_pose_matrix-input" />
          <input semantic="OUTPUT" source="#idle__Armature_Idle_wing_upper_R_pose_matrix-output" />
          <input semantic="INTERPOLATION" source="#idle__Armature_Idle_wing_upper_R_pose_matrix-interpolation" />
        </sampler>
        <channel source="#idle__Armature_Idle_wing_upper_R_pose_matrix-sampler" target="Armature_wing_upper_R/transform" />
      </animation>
      <animation id="idle__Armature_Idle_back2_pose_matrix" name="Armature">
        <source id="idle__Armature_Idle_back2_pose_matrix-input">
          <float_array id="idle__Armature_Idle_back2_pose_matrix-input-array" count="22">0.04166662 0.25 0.4583333 0.6666667 0.875 1.083333 1.291667 1.5 1.708333 1.916667 2.125 2.333333 2.541667 2.75 2.958333 3.166667 3.375 3.583333 3.791667 4 4.208333 4.25</float_array>
          <technique_common>
            <accessor source="#idle__Armature_Idle_back2_pose_matrix-input-array" count="22" stride="1">
              <param name="TIME" type="float" />
            </accessor>
          </technique_common>
        </source>
        <source id="idle__Armature_Idle_back2_pose_matrix-output">
          <float_array id="idle__Armature_Idle_back2_pose_matrix-output-array" count="352">0.7900306 0.0298919 0.6123381 8.73115e-11 -0.3496987 0.8423566 0.4100561 0.1554319 -0.5035498 -0.5380907 0.6759408 2.32831e-9 0 0 0 1 0.7902019 0.02942243 0.6121399 -1.45519e-10 -0.3489566 0.842712 0.4099578 0.1554319 -0.5037958 -0.5375597 0.67618 2.32831e-9 0 0 0 1 0.7906747 0.02811976 0.6115902 -1.45519e-10 -0.3468977 0.8436947 0.409684 0.1554319 -0.5044755 -0.5360861 0.6768429 2.32831e-9 0 0 0 1 0.7913857 0.02614187 0.6107578 -2.61934e-10 -0.343772 0.8451762 0.409265 0.1554319 -0.5054991 -0.5338479 0.6778474 2.32831e-9 0 0 0 1 0.792271 0.02364637 0.6097109 8.73115e-11 -0.339829 0.8470273 0.4087307 0.1554319 -0.5067769 -0.531023 0.6791111 -1.39698e-9 0 0 0 1 0.7932678 0.02079155 0.6085177 8.73115e-11 -0.3353192 0.8491204 0.408112 0.1554319 -0.5082195 -0.5277899 0.6805518 -1.39698e-9 0 0 0 1 0.7943155 0.01773673 0.6072465 8.73115e-11 -0.3304947 0.8513312 0.4074412 0.1554319 -0.5097412 -0.5243286 0.6820876 -1.39698e-9 0 0 0 1 0.7953569 0.01464265 0.6059644 -1.45519e-10 -0.3256091 0.8535403 0.4067523 0.1554319 -0.5112591 -0.5208209 0.6836371 6.0536e-9 0 0 0 1 0.7963385 0.01167143 0.6047385 8.73115e-11 -0.3209188 0.8556331 0.4060822 0.1554319 -0.5126949 -0.5174508 0.6851195 -1.39698e-9 0 0 0 1 0.7972099 0.008986587 0.6036352 8.73115e-11 -0.3166814 0.8575006 0.4054692 0.1554319 -0.513974 -0.5144041 0.6864541 6.0536e-9 0 0 0 1 0.7979238 0.006752644 0.6027204 -1.45519e-10 -0.3131562 0.8590374 0.404954 0.1554319 -0.5150249 -0.5118681 0.6875612 -1.39698e-9 0 0 0 1 0.7984346 0.00513472 0.6020597 -2.91038e-11 -0.3106036 0.8601406 0.4045779 0.1554319 -0.5157788 -0.5100308 0.688361 -1.39698e-9 0 0 0 1 0.7986966 0.004297921 0.6017185 -2.61934e-10 -0.3092834 0.8607081 0.4043823 0.1554319 -0.5161661 -0.5090804 0.6887741 2.32831e-9 0 0 0 1 0.7985849 0.004655048 0.6018641 8.73115e-11 -0.3098468 0.8604661 0.4044659 0.1554319 -0.516001 -0.509486 0.6885979 6.0536e-9 0 0 0 1 0.7978327 0.007039418 0.6028377 -1.45519e-10 -0.3136087 0.8588411 0.4050204 0.1554319 -0.5148907 -0.5121937 0.6874192 2.32831e-9 0 0 0 1 0.7965837 0.01092069 0.6044295 -2.91038e-11 -0.3197338 0.8561577 0.4059114 0.1554319 -0.5130543 -0.516599 0.6854931 -1.39698e-9 0 0 0 1 0.7950246 0.01563668 0.6063757 -1.45519e-10 -0.3271786 0.8528338 0.4069746 0.1554319 -0.510774 -0.521948 0.6831399 -1.39698e-9 0 0 0 1 0.793358 0.02053088 0.608409 -2.03727e-10 -0.3349075 0.8493102 0.4080552 0.1554319 -0.5083503 -0.5274946 0.680683 2.32831e-9 0 0 0 1 0.7918083 0.02495535 0.6102596 -1.74623e-10 -0.3418972 0.8460588 0.4090118 0.1554319 -0.5061086 -0.532505 0.6784487 -1.39698e-9 0 0 0 1 0.7906201 0.02827071 0.6116539 3.92902e-10 -0.3471363 0.8435811 0.4097158 0.1554319 -0.5043969 -0.5362568 0.6767662 -1.39698e-9 0 0 0 1 0.7900487 0.02984261 0.6123173 -2.91038e-11 -0.3496207 0.842394 0.4100458 0.1554319 -0.5035757 -0.538035 0.675966 2.32831e-9 0 0 0 1 0.7900306 0.0298919 0.6123381 8.73115e-11 -0.3496987 0.8423566 0.4100561 0.1554319 -0.5035498 -0.5380907 0.6759408 2.32831e-9 0 0 0 1</float_array>
          <technique_common>
            <accessor source="#idle__Armature_Idle_back2_pose_matrix-output-array" count="22" stride="16">
              <param name="TRANSFORM" type="float4x4" />
            </accessor>
          </technique_common>
        </source>
        <source id="idle__Armature_Idle_back2_pose_matrix-interpolation">
          <Name_array id="idle__Armature_Idle_back2_pose_matrix-interpolation-array" count="22">LINEAR LINEAR LINEAR LINEAR LINEAR LINEAR LINEAR LINEAR LINEAR LINEAR LINEAR LINEAR LINEAR LINEAR LINEAR LINEAR LINEAR LINEAR LINEAR LINEAR LINEAR LINEAR</Name_array>
          <technique_common>
            <accessor source="#idle__Armature_Idle_back2_pose_matrix-interpolation-array" count="22" stride="1">
              <param name="INTERPOLATION" type="name" />
            </accessor>
          </technique_common>
        </source>
        <sampler id="idle__Armature_Idle_back2_pose_matrix-sampler">
          <input semantic="INPUT" source="#idle__Armature_Idle_back2_pose_matrix-input" />
          <input semantic="OUTPUT" source="#idle__Armature_Idle_back2_pose_matrix-output" />
          <input semantic="INTERPOLATION" source="#idle__Armature_Idle_back2_pose_matrix-interpolation" />
        </sampler>
        <channel source="#idle__Armature_Idle_back2_pose_matrix-sampler" target="Armature_back2/transform" />
      </animation>
      <animation id="idle__Armature_Idle_tail1_pose_matrix" name="Armature">
        <source id="idle__Armature_Idle_tail1_pose_matrix-input">
          <float_array id="idle__Armature_Idle_tail1_pose_matrix-input-array" count="22">0.04166662 0.25 0.4583333 0.6666667 0.875 1.083333 1.291667 1.5 1.708333 1.916667 2.125 2.333333 2.541667 2.75 2.958333 3.166667 3.375 3.583333 3.791667 4 4.208333 4.25</float_array>
          <technique_common>
            <accessor source="#idle__Armature_Idle_tail1_pose_matrix-input-array" count="22" stride="1">
              <param name="TIME" type="float" />
            </accessor>
          </technique_common>
        </source>
        <source id="idle__Armature_Idle_tail1_pose_matrix-output">
          <float_array id="idle__Armature_Idle_tail1_pose_matrix-output-array" count="352">0.9911526 0.1263918 -0.04051533 0 -0.125338 0.9917307 0.02758229 0.1813675 0.04366645 -0.02226019 0.9987981 -7.45058e-9 0 0 0 1 0.9912856 0.1249701 -0.04166025 7.45058e-9 -0.1238369 0.9918857 0.0287649 0.1813676 0.04491705 -0.02335513 0.9987177 0 0 0 0 1 0.9916325 0.121063 -0.0448195 -7.45058e-9 -0.119697 0.9922942 0.03201008 0.1813675 0.04834929 -0.02637744 0.9984821 1.49012e-8 0 0 0 1 0.9921027 0.1152114 -0.04958543 -7.45058e-9 -0.1134571 0.992859 0.0368568 0.1813676 0.05347767 -0.03093994 0.9980896 7.45058e-9 0 0 0 1 0.9926022 0.1079578 -0.05555132 -1.49012e-8 -0.1056555 0.9934795 0.04284203 0.1813676 0.05981433 -0.03665584 0.9975363 0 0 0 0 1 0.9930508 0.09984227 -0.06230325 -7.45058e-9 -0.09683844 0.994068 0.04950821 0.1813675 0.06687677 -0.04313084 0.9968286 0 0 0 0 1 0.9933921 0.09139891 -0.06941551 0 -0.08756471 0.9945604 0.05640945 0.1813675 0.07419369 -0.04995838 0.9959918 -7.45058e-9 0 0 0 1 0.9936001 0.08315314 -0.07644874 0 -0.0784076 0.9949216 0.06311503 0.1813676 0.08130878 -0.05671689 0.9950739 0 0 0 0 1 0.9936803 0.07561979 -0.08295077 7.45058e-9 -0.06995371 0.9951463 0.06921116 0.1813675 0.08778194 -0.06297097 0.9941473 0 0 0 0 1 0.9936661 0.06930377 -0.08845946 7.45058e-9 -0.0628003 0.9952567 0.07429981 0.1813676 0.09318918 -0.06827387 0.9933047 0 0 0 0 1 0.9936076 0.064702 -0.09250611 0 -0.05755024 0.9952914 0.07799429 0.1813676 0.09711704 -0.07217202 0.9926528 -7.45058e-9 0 0 0 1 0.9935615 0.06230897 -0.09462163 -7.45058e-9 -0.05480728 0.9952941 0.07991117 0.1813676 0.09915563 -0.0742107 0.9923009 -7.45058e-9 0 0 0 1 0.9935744 0.0629209 -0.09408003 0 -0.05550948 0.9952945 0.07942134 0.1813676 0.09863454 -0.07368869 0.9923916 7.45058e-9 0 0 0 1 0.9936491 0.06758499 -0.0899677 7.45058e-9 -0.0608431 0.9952742 0.07568097 0.1813676 0.09465733 -0.06972647 0.993065 1.49012e-8 0 0 0 1 0.9936813 0.07539746 -0.08314383 0 -0.06970288 0.9951516 0.06939062 0.1813676 0.08797264 -0.06315675 0.9941187 -7.45058e-9 0 0 0 1 0.9935585 0.08527875 -0.07462734 -7.45058e-9 -0.08077765 0.9948398 0.06138974 0.1813676 0.07947752 -0.05496603 0.9953201 7.45058e-9 0 0 0 1 0.9932166 0.09612864 -0.06542042 0 -0.09277226 0.9942998 0.05254802 0.1813676 0.07009891 -0.04612231 0.9964732 -7.45058e-9 0 0 0 1 0.9926723 0.1068182 -0.05649456 0 -0.1044231 0.9935688 0.04378003 0.1813676 0.06080779 -0.03755999 0.9974426 -1.49012e-8 0 0 0 1 0.992028 0.1161918 -0.04878399 0 -0.1145059 0.9927684 0.03604594 0.1813676 0.05261949 -0.03017259 0.9981588 -2.23517e-8 0 0 0 1 0.991457 0.1230759 -0.04318964 0 -0.1218325 0.9920868 0.03033915 0.1813676 0.04658183 -0.02481809 0.9986061 -7.45058e-9 0 0 0 1 0.9911622 0.1262919 -0.04059574 -7.45058e-9 -0.1252326 0.9917415 0.02766532 0.1813675 0.04375437 -0.02233699 0.9987926 -1.49012e-8 0 0 0 1 0.9911526 0.1263918 -0.04051533 0 -0.125338 0.9917307 0.02758229 0.1813675 0.04366645 -0.02226019 0.9987981 -7.45058e-9 0 0 0 1</float_array>
          <technique_common>
            <accessor source="#idle__Armature_Idle_tail1_pose_matrix-output-array" count="22" stride="16">
              <param name="TRANSFORM" type="float4x4" />
            </accessor>
          </technique_common>
        </source>
        <source id="idle__Armature_Idle_tail1_pose_matrix-interpolation">
          <Name_array id="idle__Armature_Idle_tail1_pose_matrix-interpolation-array" count="22">LINEAR LINEAR LINEAR LINEAR LINEAR LINEAR LINEAR LINEAR LINEAR LINEAR LINEAR LINEAR LINEAR LINEAR LINEAR LINEAR LINEAR LINEAR LINEAR LINEAR LINEAR LINEAR</Name_array>
          <technique_common>
            <accessor source="#idle__Armature_Idle_tail1_pose_matrix-interpolation-array" count="22" stride="1">
              <param name="INTERPOLATION" type="name" />
            </accessor>
          </technique_common>
        </source>
        <sampler id="idle__Armature_Idle_tail1_pose_matrix-sampler">
          <input semantic="INPUT" source="#idle__Armature_Idle_tail1_pose_matrix-input" />
          <input semantic="OUTPUT" source="#idle__Armature_Idle_tail1_pose_matrix-output" />
          <input semantic="INTERPOLATION" source="#idle__Armature_Idle_tail1_pose_matrix-interpolation" />
        </sampler>
        <channel source="#idle__Armature_Idle_tail1_pose_matrix-sampler" target="Armature_tail1/transform" />
      </animation>
      <animation id="idle__Armature_Idle_tail2_pose_matrix" name="Armature">
        <source id="idle__Armature_Idle_tail2_pose_matrix-input">
          <float_array id="idle__Armature_Idle_tail2_pose_matrix-input-array" count="22">0.04166662 0.25 0.4583333 0.6666667 0.875 1.083333 1.291667 1.5 1.708333 1.916667 2.125 2.333333 2.541667 2.75 2.958333 3.166667 3.375 3.583333 3.791667 4 4.208333 4.25</float_array>
          <technique_common>
            <accessor source="#idle__Armature_Idle_tail2_pose_matrix-input-array" count="22" stride="1">
              <param name="TIME" type="float" />
            </accessor>
          </technique_common>
        </source>
        <source id="idle__Armature_Idle_tail2_pose_matrix-output">
          <float_array id="idle__Armature_Idle_tail2_pose_matrix-output-array" count="352">0.6498877 -0.3740547 -0.6616108 1.49012e-8 -0.02283131 0.8605051 -0.5089301 0.172281 0.7596871 0.345853 0.5506915 -1.49012e-8 0 0 0 1 0.6508633 -0.3656854 -0.6653202 1.49012e-8 -0.02402077 0.865992 -0.499481 0.172281 0.7588148 0.3410755 0.5548583 0 0 0 0 1 0.6536757 -0.3438995 -0.6741226 1.49012e-8 -0.02790141 0.8792263 -0.475587 0.172281 0.7562603 0.3296887 0.5651336 0 0 0 0 1 0.6580787 -0.3137117 -0.6844832 0 -0.03497975 0.8953505 -0.4439865 0.172281 0.7521362 0.3161213 0.5782375 0 0 0 0 1 0.663781 -0.2804254 -0.6933661 1.49012e-8 -0.04572103 0.9101027 -0.4118527 0.172281 0.7465284 0.3050815 0.5912874 -1.49012e-8 0 0 0 1 0.6705439 -0.2496586 -0.6985996 2.98023e-8 -0.06045683 0.9201529 -0.3868641 0.172281 0.7394025 0.3016444 0.6019093 1.49012e-8 0 0 0 1 0.6783073 -0.2271406 -0.6987892 -1.49012e-8 -0.07932021 0.9228273 -0.3769593 0.1722811 0.7304845 0.3111224 0.6079437 0 0 0 0 1 0.6870837 -0.2146415 -0.6941506 1.49012e-8 -0.1016733 0.9175662 -0.3843629 0.172281 0.7194294 0.3346661 0.6086214 -2.98023e-8 0 0 0 1 0.6961482 -0.2090825 -0.6867768 0 -0.1247742 0.9068509 -0.4025586 0.172281 0.7069719 0.3659326 0.6052142 0 0 0 0 1 0.7045497 -0.2089456 -0.6781974 -1.49012e-8 -0.1455714 0.8927972 -0.4262893 0.1722811 0.6945639 0.3990682 0.5986033 0 0 0 0 1 0.711277 -0.2129412 -0.6698813 -1.49012e-8 -0.1613141 0.8781232 -0.4504194 0.172281 0.6841511 0.4284345 0.5902383 1.49012e-8 0 0 0 1 0.7152131 -0.2200138 -0.6633731 1.49012e-8 -0.1695608 0.8661796 -0.4700876 0.172281 0.6780261 0.448695 0.5821972 0 0 0 0 1 0.7152466 -0.2302993 -0.6598366 7.45058e-9 -0.1681038 0.8597323 -0.4822881 0.172281 0.6783535 0.4558761 0.5762062 1.49012e-8 0 0 0 1 0.7114621 -0.2467538 -0.6579775 0 -0.1570779 0.8567907 -0.4911586 0.1722811 0.684944 0.4527945 0.5708144 -1.49012e-8 0 0 0 1 0.7044915 -0.267765 -0.6572619 -1.49012e-8 -0.1389456 0.8561383 -0.4977162 0.172281 0.6959782 0.4419607 0.5659375 0 0 0 0 1 0.6950237 -0.2911752 -0.6573881 -2.98023e-8 -0.1162131 0.8568076 -0.5023698 0.1722811 0.7095327 0.4255561 0.5616632 0 0 0 0 1 0.6839473 -0.3148585 -0.6580883 0 -0.09140344 0.8579778 -0.5054896 0.172281 0.7237827 0.4058799 0.5580325 0 0 0 0 1 0.6724176 -0.3367896 -0.659111 0 -0.06708178 0.8590898 -0.50741 0.172281 0.7371261 0.3854058 0.5550746 -1.49012e-8 0 0 0 1 0.6618451 -0.3550858 -0.6602082 -2.98023e-8 -0.04584588 0.8598787 -0.5084358 0.172281 0.7482374 0.3667737 0.5528272 -1.49012e-8 0 0 0 1 0.6538242 -0.3680038 -0.6611256 -1.49012e-8 -0.03030282 0.8603213 -0.5088509 0.172281 0.7560395 0.352733 0.5513472 2.98023e-8 0 0 0 1 0.650007 -0.3738749 -0.6615955 1.49012e-8 -0.02305616 0.8604994 -0.5089298 0.172281 0.7595785 0.346062 0.5507103 0 0 0 0 1 0.6498877 -0.3740547 -0.6616108 1.49012e-8 -0.02283131 0.8605051 -0.5089301 0.172281 0.7596871 0.345853 0.5506915 -1.49012e-8 0 0 0 1</float_array>
          <technique_common>
            <accessor source="#idle__Armature_Idle_tail2_pose_matrix-output-array" count="22" stride="16">
              <param name="TRANSFORM" type="float4x4" />
            </accessor>
          </technique_common>
        </source>
        <source id="idle__Armature_Idle_tail2_pose_matrix-interpolation">
          <Name_array id="idle__Armature_Idle_tail2_pose_matrix-interpolation-array" count="22">LINEAR LINEAR LINEAR LINEAR LINEAR LINEAR LINEAR LINEAR LINEAR LINEAR LINEAR LINEAR LINEAR LINEAR LINEAR LINEAR LINEAR LINEAR LINEAR LINEAR LINEAR LINEAR</Name_array>
          <technique_common>
            <accessor source="#idle__Armature_Idle_tail2_pose_matrix-interpolation-array" count="22" stride="1">
              <param name="INTERPOLATION" type="name" />
            </accessor>
          </technique_common>
        </source>
        <sampler id="idle__Armature_Idle_tail2_pose_matrix-sampler">
          <input semantic="INPUT" source="#idle__Armature_Idle_tail2_pose_matrix-input" />
          <input semantic="OUTPUT" source="#idle__Armature_Idle_tail2_pose_matrix-output" />
          <input semantic="INTERPOLATION" source="#idle__Armature_Idle_tail2_pose_matrix-interpolation" />
        </sampler>
        <channel source="#idle__Armature_Idle_tail2_pose_matrix-sampler" target="Armature_tail2/transform" />
      </animation>
      <animation id="idle__Armature_Idle_tail3_pose_matrix" name="Armature">
        <source id="idle__Armature_Idle_tail3_pose_matrix-input">
          <float_array id="idle__Armature_Idle_tail3_pose_matrix-input-array" count="22">0.04166662 0.25 0.4583333 0.6666667 0.875 1.083333 1.291667 1.5 1.708333 1.916667 2.125 2.333333 2.541667 2.75 2.958333 3.166667 3.375 3.583333 3.791667 4 4.208333 4.25</float_array>
          <technique_common>
            <accessor source="#idle__Armature_Idle_tail3_pose_matrix-input-array" count="22" stride="1">
              <param name="TIME" type="float" />
            </accessor>
          </technique_common>
        </source>
        <source id="idle__Armature_Idle_tail3_pose_matrix-output">
          <float_array id="idle__Armature_Idle_tail3_pose_matrix-output-array" count="352">0.6358231 -0.06801116 -0.7688325 0 -0.5072412 0.7139744 -0.4826459 0.1556355 0.5817521 0.6968608 0.4194634 -1.49012e-8 0 0 0 1 0.6303552 -0.05960362 -0.7740154 -1.86265e-9 -0.5087137 0.7214242 -0.4698483 0.1556356 0.5863982 0.6899236 0.4244323 -1.49012e-8 0 0 0 1 0.6152436 -0.03633917 -0.7874989 0 -0.5126624 0.7404196 -0.4346908 0.1556355 0.598876 0.6711619 0.4369087 -2.98023e-8 0 0 0 1 0.592351 -9.62809e-4 -0.8056796 3.72529e-9 -0.5180494 0.7654134 -0.3817946 0.1556356 0.6170455 0.6435382 0.4528946 -2.23517e-8 0 0 0 1 0.5635757 0.04346599 -0.8249201 3.72529e-9 -0.5238988 0.7908964 -0.3162482 0.1556355 0.6386803 0.6104045 0.4685017 -7.45058e-9 0 0 0 1 0.5309228 0.09316398 -0.8422836 7.45058e-9 -0.5298031 0.8122295 -0.2441148 0.1556355 0.6613849 0.5758504 0.4805897 0 0 0 0 1 0.4964463 0.1436095 -0.856106 -1.11759e-8 -0.5362432 0.8262791 -0.1723553 0.1556355 0.6826307 0.544646 0.4872127 -7.45058e-9 0 0 0 1 0.4597213 0.1979458 -0.8657216 5.58794e-9 -0.5569704 0.8235508 -0.1074626 0.1556356 0.691694 0.531584 0.4888537 1.49012e-8 0 0 0 1 0.4201738 0.2557441 -0.8706602 1.97906e-9 -0.5961089 0.801196 -0.0523373 0.1556356 0.6841846 0.5409989 0.4890928 -7.45058e-9 0 0 0 1 0.3812369 0.3077997 -0.8717327 4.65661e-10 -0.640492 0.7679125 -0.008965947 0.1556355 0.6666547 0.5617559 0.4898999 -1.49012e-8 0 0 0 1 0.3487265 0.3468285 -0.8706893 9.31323e-10 -0.6784196 0.7343798 0.0208122 0.1556356 0.646635 0.583435 0.4913929 -3.72529e-9 0 0 0 1 0.3300589 0.3673914 -0.8695312 -1.86265e-9 -0.7002096 0.7130547 0.03549009 0.1556355 0.6330621 0.5971404 0.4926011 -1.86265e-8 0 0 0 1 0.332808 0.3638172 -0.8699862 -3.72529e-9 -0.7010566 0.7124841 0.02976676 0.1556355 0.6306809 0.6000029 0.4921768 0 0 0 0 1 0.3583218 0.332676 -0.8723143 -5.58794e-9 -0.6928327 0.7210343 -0.009613678 0.1556356 0.6257703 0.6078126 0.488851 -1.67638e-8 0 0 0 1 0.4003686 0.2796636 -0.8726357 6.51926e-9 -0.6766556 0.7323945 -0.07573323 0.1556356 0.617934 0.6207951 0.4824636 -1.49012e-8 0 0 0 1 0.4519119 0.211587 -0.8666062 -3.25963e-9 -0.6520299 0.7413304 -0.1590159 0.1556355 0.6087959 0.6369144 0.4729771 -3.72529e-9 0 0 0 1 0.505779 0.1363578 -0.8518183 5.58794e-9 -0.6199595 0.7440766 -0.2489989 0.1556355 0.599865 0.6540312 0.4608746 0 0 0 0 1 0.5554273 0.06269459 -0.8291985 0 -0.5836904 0.7396241 -0.335055 0.1556355 0.5922891 0.6700938 0.4474016 7.45058e-9 0 0 0 1 0.5957375 -7.97123e-4 -0.8031787 7.45058e-9 -0.5485294 0.7300631 -0.4075824 0.1556355 0.5866961 0.6833794 0.4344887 1.49012e-8 0 0 0 1 0.6232417 -0.04641546 -0.7806507 3.72529e-9 -0.5209749 0.7198304 -0.4587257 0.1556355 0.5832282 0.6925964 0.424447 -1.49012e-8 0 0 0 1 0.6354508 -0.06736472 -0.7691973 3.72529e-9 -0.5076588 0.7141594 -0.4819327 0.1556356 0.5817947 0.6967342 0.4196148 1.86265e-8 0 0 0 1 0.6358231 -0.06801116 -0.7688325 0 -0.5072412 0.7139744 -0.4826459 0.1556355 0.5817521 0.6968608 0.4194634 -1.49012e-8 0 0 0 1</float_array>
          <technique_common>
            <accessor source="#idle__Armature_Idle_tail3_pose_matrix-output-array" count="22" stride="16">
              <param name="TRANSFORM" type="float4x4" />
            </accessor>
          </technique_common>
        </source>
        <source id="idle__Armature_Idle_tail3_pose_matrix-interpolation">
          <Name_array id="idle__Armature_Idle_tail3_pose_matrix-interpolation-array" count="22">LINEAR LINEAR LINEAR LINEAR LINEAR LINEAR LINEAR LINEAR LINEAR LINEAR LINEAR LINEAR LINEAR LINEAR LINEAR LINEAR LINEAR LINEAR LINEAR LINEAR LINEAR LINEAR</Name_array>
          <technique_common>
            <accessor source="#idle__Armature_Idle_tail3_pose_matrix-interpolation-array" count="22" stride="1">
              <param name="INTERPOLATION" type="name" />
            </accessor>
          </technique_common>
        </source>
        <sampler id="idle__Armature_Idle_tail3_pose_matrix-sampler">
          <input semantic="INPUT" source="#idle__Armature_Idle_tail3_pose_matrix-input" />
          <input semantic="OUTPUT" source="#idle__Armature_Idle_tail3_pose_matrix-output" />
          <input semantic="INTERPOLATION" source="#idle__Armature_Idle_tail3_pose_matrix-interpolation" />
        </sampler>
        <channel source="#idle__Armature_Idle_tail3_pose_matrix-sampler" target="Armature_tail3/transform" />
      </animation>
      <animation id="idle__Armature_Idle_leg_back_hip_L_pose_matrix" name="Armature">
        <source id="idle__Armature_Idle_leg_back_hip_L_pose_matrix-input">
          <float_array id="idle__Armature_Idle_leg_back_hip_L_pose_matrix-input-array" count="22">0.04166662 0.25 0.4583333 0.6666667 0.875 1.083333 1.291667 1.5 1.708333 1.916667 2.125 2.333333 2.541667 2.75 2.958333 3.166667 3.375 3.583333 3.791667 4 4.208333 4.25</float_array>
          <technique_common>
            <accessor source="#idle__Armature_Idle_leg_back_hip_L_pose_matrix-input-array" count="22" stride="1">
              <param name="TIME" type="float" />
            </accessor>
          </technique_common>
        </source>
        <source id="idle__Armature_Idle_leg_back_hip_L_pose_matrix-output">
          <float_array id="idle__Armature_Idle_leg_back_hip_L_pose_matrix-output-array" count="352">-0.002397791 0.8807778 0.4735238 8.73115e-11 -0.8300492 0.2623256 -0.4921417 0.1554319 -0.5576849 -0.3942281 0.7304599 2.32831e-9 0 0 0 1 0.003493451 0.8845115 0.4665052 -1.45519e-10 -0.8300631 0.2627186 -0.4919086 0.1554319 -0.5576585 -0.3855103 0.7351182 2.32831e-9 0 0 0 1 0.01798466 0.893329 0.4490432 -1.45519e-10 -0.8300858 0.2636938 -0.4913481 0.1554319 -0.5573455 -0.3639077 0.7462822 2.32831e-9 0 0 0 1 0.03628529 0.9037176 0.4265884 -2.61934e-10 -0.8300912 0.2649422 -0.4906669 0.1554319 -0.5564457 -0.3363034 0.7597815 2.32831e-9 0 0 0 1 0.05359636 0.9127743 0.4049326 8.73115e-11 -0.8300723 0.2661405 -0.4900502 0.1554319 -0.5550742 -0.3098585 0.7719328 -1.39698e-9 0 0 0 1 0.06515993 0.9184043 0.3902406 8.73115e-11 -0.8300466 0.2669502 -0.4896531 0.1554319 -0.5538744 -0.2920121 0.7797127 -1.39698e-9 0 0 0 1 0.06722701 0.9193751 0.387595 8.73115e-11 -0.8300409 0.2670959 -0.4895834 0.1554319 -0.5536359 -0.2888066 0.7810749 -1.39698e-9 0 0 0 1 0.06558757 0.918606 0.3896937 -1.45519e-10 -0.8300453 0.2669804 -0.4896387 0.1554319 -0.5538257 -0.2913493 0.7799951 6.0536e-9 0 0 0 1 0.06236662 0.9170752 0.3938062 8.73115e-11 -0.8300537 0.266754 -0.4897479 0.1554319 -0.5541852 -0.2963364 0.7778582 -1.39698e-9 0 0 0 1 0.05782907 0.9148742 0.3995759 8.73115e-11 -0.8300641 0.266436 -0.4899035 0.1554319 -0.5546615 -0.303343 0.7748119 6.0536e-9 0 0 0 1 0.05223999 0.9120919 0.406644 -1.45519e-10 -0.8300747 0.2660459 -0.4900975 0.1554319 -0.5552 -0.3119422 0.7710024 -1.39698e-9 0 0 0 1 0.04586567 0.9088227 0.4146536 -2.91038e-11 -0.8300836 0.2656032 -0.4903223 0.1554319 -0.5557494 -0.3217083 0.7665809 -1.39698e-9 0 0 0 1 0.03897376 0.9051734 0.4232518 -2.61934e-10 -0.8300898 0.2651272 -0.4905694 0.1554319 -0.5562661 -0.3322177 0.7617082 2.32831e-9 0 0 0 1 0.03183353 0.9012674 0.4320921 8.73115e-11 -0.8300924 0.2646368 -0.4908299 0.1554319 -0.5567165 -0.3430515 0.7565594 6.0536e-9 0 0 0 1 0.02471539 0.8972468 0.4408369 -1.45519e-10 -0.8300909 0.2641508 -0.4910942 0.1554319 -0.5570801 -0.3537971 0.7513249 2.32831e-9 0 0 0 1 0.01789049 0.8932733 0.4491576 -2.91038e-11 -0.8300857 0.2636874 -0.4913517 0.1554319 -0.5573487 -0.3640488 0.7462109 -1.39698e-9 0 0 0 1 0.01163006 0.8895267 0.4567352 -1.45519e-10 -0.8300779 0.2632647 -0.4915916 0.1554319 -0.5575262 -0.3734086 0.7414382 -1.39698e-9 0 0 0 1 0.006205002 0.8862011 0.4632592 -2.03727e-10 -0.8300686 0.2629002 -0.4918022 0.1554319 -0.5576267 -0.3814852 0.737239 2.32831e-9 0 0 0 1 0.00188552 0.8835009 0.4684254 -1.74623e-10 -0.8300596 0.2626112 -0.4919719 0.1554319 -0.5576714 -0.3878934 0.7338536 -1.39698e-9 0 0 0 1 -0.001058809 0.8816339 0.4719326 3.92902e-10 -0.8300526 0.2624147 -0.4920884 0.1554319 -0.5576841 -0.39225 0.7315246 -1.39698e-9 0 0 0 1 -0.002358805 0.8808027 0.4734775 -2.91038e-11 -0.8300493 0.2623281 -0.4921402 0.1554319 -0.5576848 -0.3941706 0.7304909 2.32831e-9 0 0 0 1 -0.002397791 0.8807778 0.4735238 8.73115e-11 -0.8300492 0.2623256 -0.4921417 0.1554319 -0.5576849 -0.3942281 0.7304599 2.32831e-9 0 0 0 1</float_array>
          <technique_common>
            <accessor source="#idle__Armature_Idle_leg_back_hip_L_pose_matrix-output-array" count="22" stride="16">
              <param name="TRANSFORM" type="float4x4" />
            </accessor>
          </technique_common>
        </source>
        <source id="idle__Armature_Idle_leg_back_hip_L_pose_matrix-interpolation">
          <Name_array id="idle__Armature_Idle_leg_back_hip_L_pose_matrix-interpolation-array" count="22">LINEAR LINEAR LINEAR LINEAR LINEAR LINEAR LINEAR LINEAR LINEAR LINEAR LINEAR LINEAR LINEAR LINEAR LINEAR LINEAR LINEAR LINEAR LINEAR LINEAR LINEAR LINEAR</Name_array>
          <technique_common>
            <accessor source="#idle__Armature_Idle_leg_back_hip_L_pose_matrix-interpolation-array" count="22" stride="1">
              <param name="INTERPOLATION" type="name" />
            </accessor>
          </technique_common>
        </source>
        <sampler id="idle__Armature_Idle_leg_back_hip_L_pose_matrix-sampler">
          <input semantic="INPUT" source="#idle__Armature_Idle_leg_back_hip_L_pose_matrix-input" />
          <input semantic="OUTPUT" source="#idle__Armature_Idle_leg_back_hip_L_pose_matrix-output" />
          <input semantic="INTERPOLATION" source="#idle__Armature_Idle_leg_back_hip_L_pose_matrix-interpolation" />
        </sampler>
        <channel source="#idle__Armature_Idle_leg_back_hip_L_pose_matrix-sampler" target="Armature_leg_back_hip_L/transform" />
      </animation>
      <animation id="idle__Armature_Idle_leg_back_upper_L_pose_matrix" name="Armature">
        <source id="idle__Armature_Idle_leg_back_upper_L_pose_matrix-input">
          <float_array id="idle__Armature_Idle_leg_back_upper_L_pose_matrix-input-array" count="22">0.04166662 0.25 0.4583333 0.6666667 0.875 1.083333 1.291667 1.5 1.708333 1.916667 2.125 2.333333 2.541667 2.75 2.958333 3.166667 3.375 3.583333 3.791667 4 4.208333 4.25</float_array>
          <technique_common>
            <accessor source="#idle__Armature_Idle_leg_back_upper_L_pose_matrix-input-array" count="22" stride="1">
              <param name="TIME" type="float" />
            </accessor>
          </technique_common>
        </source>
        <source id="idle__Armature_Idle_leg_back_upper_L_pose_matrix-output">
          <float_array id="idle__Armature_Idle_leg_back_upper_L_pose_matrix-output-array" count="352">0.7881883 0.5726714 -0.2254026 -7.45058e-9 -0.2655587 0.6468695 0.7148695 0.112305 0.5551916 -0.5035942 0.661933 0 0 0 0 1 0.7834173 0.5807757 -0.2212613 -7.45058e-9 -0.2681792 0.6370643 0.722654 0.112305 0.5606577 -0.5068021 0.6548393 -3.72529e-9 0 0 0 1 0.7714795 0.600376 -0.2106365 7.45058e-9 -0.274234 0.6124957 0.7413803 0.112305 0.574121 -0.5141961 0.6371714 -3.72529e-9 0 0 0 1 0.756003 0.6244286 -0.1963374 0 -0.2810784 0.5805751 0.7641516 0.112305 0.5911466 -0.5225146 0.6144298 0 0 0 0 1 0.7409654 0.6464337 -0.1819164 0 -0.286718 0.5494909 0.784763 0.112305 0.6072586 -0.5293235 0.5924979 0 0 0 0 1 0.7307121 0.6607142 -0.1718038 -7.45058e-9 -0.2900274 0.5282593 0.7980139 0.112305 0.618016 -0.5332907 0.5776307 -3.72529e-9 0 0 0 1 0.7288619 0.6632308 -0.1699558 -7.45058e-9 -0.2905801 0.5244253 0.8003384 0.112305 0.6199382 -0.5339505 0.5749554 0 0 0 0 1 0.7303298 0.6612358 -0.1714225 -1.49012e-8 -0.2901428 0.5274671 0.798496 0.112305 0.6184137 -0.5334284 0.5770776 3.72529e-9 0 0 0 1 0.733204 0.6572958 -0.1742816 -1.49012e-8 -0.2892618 0.5334218 0.7948515 0.112305 0.6154181 -0.5323752 0.5812374 -3.72529e-9 0 0 0 1 0.7372314 0.6517003 -0.1782592 0 -0.2879721 0.5417621 0.7896619 0.112305 0.611197 -0.5308299 0.5870757 -3.72529e-9 0 0 0 1 0.7421574 0.6447365 -0.1830776 -7.45058e-9 -0.2863056 0.5519569 0.7831812 0.112305 0.6059963 -0.5288275 0.5942306 7.45058e-9 0 0 0 1 0.7477276 0.6366983 -0.1884633 7.45058e-9 -0.2843005 0.5634773 0.7756717 0.112305 0.6000636 -0.5264111 0.6023411 0 0 0 0 1 0.7536926 0.6278945 -0.1941546 7.45058e-9 -0.2820077 0.5758036 0.7674125 0.112305 0.5936489 -0.52364 0.61105 -3.72529e-9 0 0 0 1 0.7598081 0.618651 -0.1999057 0 -0.2794964 0.5884302 0.7587041 0.112305 0.5870036 -0.5205966 0.6200048 -7.45058e-9 0 0 0 1 0.7658387 0.6093146 -0.2054913 0 -0.2768559 0.60087 0.7498708 0.112305 0.5803807 -0.5173885 0.6288619 3.72529e-9 0 0 0 1 0.771558 0.6002504 -0.2107075 -1.49012e-8 -0.2741965 0.6126574 0.7412608 0.112305 0.5740335 -0.5141504 0.6372873 -3.72529e-9 0 0 0 1 0.7767496 0.5918403 -0.215372 -2.23517e-8 -0.2716475 0.6233475 0.7332432 0.112305 0.5682144 -0.511041 0.6449569 -3.72529e-9 0 0 0 1 0.7812054 0.5844797 -0.2193204 0 -0.2693545 0.6325156 0.726204 0.112305 0.5631751 -0.5082396 0.651557 -3.72529e-9 0 0 0 1 0.7847243 0.5785716 -0.2224018 0 -0.267473 0.6397512 0.7205392 0.112305 0.5591652 -0.5059381 0.6567806 0 0 0 0 1 0.7871081 0.5745202 -0.2244705 -7.45058e-9 -0.2661623 0.6446503 0.7166474 0.112305 0.5564334 -0.5043335 0.6603253 -1.11759e-8 0 0 0 1 0.7881569 0.5727254 -0.2253756 0 -0.2655764 0.6468051 0.7149213 0.112305 0.5552278 -0.5036157 0.6618863 7.45058e-9 0 0 0 1 0.7881883 0.5726714 -0.2254026 -7.45058e-9 -0.2655587 0.6468695 0.7148695 0.112305 0.5551916 -0.5035942 0.661933 0 0 0 0 1</float_array>
          <technique_common>
            <accessor source="#idle__Armature_Idle_leg_back_upper_L_pose_matrix-output-array" count="22" stride="16">
              <param name="TRANSFORM" type="float4x4" />
            </accessor>
          </technique_common>
        </source>
        <source id="idle__Armature_Idle_leg_back_upper_L_pose_matrix-interpolation">
          <Name_array id="idle__Armature_Idle_leg_back_upper_L_pose_matrix-interpolation-array" count="22">LINEAR LINEAR LINEAR LINEAR LINEAR LINEAR LINEAR LINEAR LINEAR LINEAR LINEAR LINEAR LINEAR LINEAR LINEAR LINEAR LINEAR LINEAR LINEAR LINEAR LINEAR LINEAR</Name_array>
          <technique_common>
            <accessor source="#idle__Armature_Idle_leg_back_upper_L_pose_matrix-interpolation-array" count="22" stride="1">
              <param name="INTERPOLATION" type="name" />
            </accessor>
          </technique_common>
        </source>
        <sampler id="idle__Armature_Idle_leg_back_upper_L_pose_matrix-sampler">
          <input semantic="INPUT" source="#idle__Armature_Idle_leg_back_upper_L_pose_matrix-input" />
          <input semantic="OUTPUT" source="#idle__Armature_Idle_leg_back_upper_L_pose_matrix-output" />
          <input semantic="INTERPOLATION" source="#idle__Armature_Idle_leg_back_upper_L_pose_matrix-interpolation" />
        </sampler>
        <channel source="#idle__Armature_Idle_leg_back_upper_L_pose_matrix-sampler" target="Armature_leg_back_upper_L/transform" />
      </animation>
      <animation id="idle__Armature_Idle_leg_back_lower_L_pose_matrix" name="Armature">
        <source id="idle__Armature_Idle_leg_back_lower_L_pose_matrix-input">
          <float_array id="idle__Armature_Idle_leg_back_lower_L_pose_matrix-input-array" count="22">0.04166662 0.25 0.4583333 0.6666667 0.875 1.083333 1.291667 1.5 1.708333 1.916667 2.125 2.333333 2.541667 2.75 2.958333 3.166667 3.375 3.583333 3.791667 4 4.208333 4.25</float_array>
          <technique_common>
            <accessor source="#idle__Armature_Idle_leg_back_lower_L_pose_matrix-input-array" count="22" stride="1">
              <param name="TIME" type="float" />
            </accessor>
          </technique_common>
        </source>
        <source id="idle__Armature_Idle_leg_back_lower_L_pose_matrix-output">
          <float_array id="idle__Armature_Idle_leg_back_lower_L_pose_matrix-output-array" count="352">0.8618011 -0.4972126 -0.1003919 0 0.5067533 0.8526574 0.127187 0.1195141 0.02236095 -0.1604838 0.9867852 0 0 0 0 1 0.8531018 -0.5124903 -0.097833 0 0.5214117 0.844133 0.124778 0.1195142 0.0186366 -0.1574596 0.9873496 1.49012e-8 0 0 0 1 0.8305464 -0.5494072 -0.09134795 -1.49012e-8 0.5568652 0.8220294 0.119034 0.1195142 0.009692594 -0.1497317 0.9886792 0 0 0 0 1 0.7997605 -0.5945836 -0.08278588 0 0.6003182 0.7918568 0.112165 0.1195142 -0.001136899 -0.1394029 0.990235 0 0 0 0 1 0.7683462 -0.6357043 -0.07432546 -1.49012e-8 0.6399423 0.7610653 0.1060833 0.1195142 -0.0108711 -0.1290727 0.9915757 1.49012e-8 0 0 0 1 0.7461594 -0.6622353 -0.06848958 -7.45058e-9 0.6655484 0.7393168 0.1022559 0.1195142 -0.01708201 -0.1218823 0.9923976 1.49012e-8 0 0 0 1 0.7420942 -0.6668953 -0.06743145 7.45058e-9 0.6700495 0.7353317 0.1015921 0.1195141 -0.01816677 -0.1205733 0.9925383 0 0 0 0 1 0.7453208 -0.6632014 -0.06827106 -7.45058e-9 0.6664815 0.7384948 0.102118 0.1195142 -0.01730704 -0.1216121 0.9924268 0 0 0 0 1 0.7516053 -0.6558977 -0.06991236 0 0.6594285 0.7446553 0.1031628 0.1195141 -0.01560368 -0.1236399 0.9922044 0 0 0 0 1 0.7603351 -0.6455054 -0.07220596 -7.45058e-9 0.6493979 0.7532126 0.1046601 0.1195142 -0.01317222 -0.1264671 0.9918835 0 0 0 0 1 0.7708861 -0.632542 -0.07500049 0 0.6368924 0.763555 0.1065447 0.1195142 -0.01012704 -0.1299011 0.9914752 0 0 0 0 1 0.7826455 -0.6175431 -0.07814562 -7.45058e-9 0.622433 0.7750814 0.1087479 0.1195142 -0.006587312 -0.1337515 0.990993 0 0 0 0 1 0.795026 -0.6010761 -0.08149441 0 0.6065696 0.7872164 0.1111934 0.1195142 -0.00268203 -0.1378337 0.9904519 0 0 0 0 1 0.807482 -0.5837501 -0.08490574 -1.49012e-8 0.5898908 0.7994248 0.1137952 0.1195142 0.001447782 -0.1419726 0.9898695 1.49012e-8 0 0 0 1 0.8195189 -0.5662171 -0.08824615 -7.45058e-9 0.5730247 0.8112218 0.1164566 0.1195141 0.005647495 -0.1460055 0.9892677 0 0 0 0 1 0.8306981 -0.5491706 -0.09139097 0 0.5566378 0.8221782 0.1190704 0.1195141 0.009749666 -0.1497832 0.9886708 2.98023e-8 0 0 0 1 0.8406383 -0.5333378 -0.09422465 2.23517e-8 0.541427 0.8319193 0.1215205 0.1195141 0.01357584 -0.1531705 0.9881065 1.49012e-8 0 0 0 1 0.8490056 -0.5194709 -0.09663996 7.45058e-9 0.5281121 0.8401191 0.1236833 0.1195141 0.01693919 -0.1560445 0.9876047 0 0 0 0 1 0.8555033 -0.5083354 -0.09853595 0 0.5174245 0.8464862 0.1254313 0.1195141 0.01964813 -0.1582918 0.9871968 1.49012e-8 0 0 0 1 0.8598479 -0.5006981 -0.09981432 7.45058e-9 0.5100969 0.8507435 0.1266357 0.1195142 0.02151011 -0.1598025 0.9869146 0 0 0 0 1 0.8617445 -0.4973142 -0.1003752 7.45058e-9 0.5068508 0.8526019 0.1271709 0.1195142 0.02233614 -0.160464 0.986789 0 0 0 0 1 0.8618011 -0.4972126 -0.1003919 0 0.5067533 0.8526574 0.127187 0.1195141 0.02236095 -0.1604838 0.9867852 0 0 0 0 1</float_array>
          <technique_common>
            <accessor source="#idle__Armature_Idle_leg_back_lower_L_pose_matrix-output-array" count="22" stride="16">
              <param name="TRANSFORM" type="float4x4" />
            </accessor>
          </technique_common>
        </source>
        <source id="idle__Armature_Idle_leg_back_lower_L_pose_matrix-interpolation">
          <Name_array id="idle__Armature_Idle_leg_back_lower_L_pose_matrix-interpolation-array" count="22">LINEAR LINEAR LINEAR LINEAR LINEAR LINEAR LINEAR LINEAR LINEAR LINEAR LINEAR LINEAR LINEAR LINEAR LINEAR LINEAR LINEAR LINEAR LINEAR LINEAR LINEAR LINEAR</Name_array>
          <technique_common>
            <accessor source="#idle__Armature_Idle_leg_back_lower_L_pose_matrix-interpolation-array" count="22" stride="1">
              <param name="INTERPOLATION" type="name" />
            </accessor>
          </technique_common>
        </source>
        <sampler id="idle__Armature_Idle_leg_back_lower_L_pose_matrix-sampler">
          <input semantic="INPUT" source="#idle__Armature_Idle_leg_back_lower_L_pose_matrix-input" />
          <input semantic="OUTPUT" source="#idle__Armature_Idle_leg_back_lower_L_pose_matrix-output" />
          <input semantic="INTERPOLATION" source="#idle__Armature_Idle_leg_back_lower_L_pose_matrix-interpolation" />
        </sampler>
        <channel source="#idle__Armature_Idle_leg_back_lower_L_pose_matrix-sampler" target="Armature_leg_back_lower_L/transform" />
      </animation>
      <animation id="idle__Armature_Idle_leg_back_foot_L_pose_matrix" name="Armature">
        <source id="idle__Armature_Idle_leg_back_foot_L_pose_matrix-input">
          <float_array id="idle__Armature_Idle_leg_back_foot_L_pose_matrix-input-array" count="22">0.04166662 0.25 0.4583333 0.6666667 0.875 1.083333 1.291667 1.5 1.708333 1.916667 2.125 2.333333 2.541667 2.75 2.958333 3.166667 3.375 3.583333 3.791667 4 4.208333 4.25</float_array>
          <technique_common>
            <accessor source="#idle__Armature_Idle_leg_back_foot_L_pose_matrix-input-array" count="22" stride="1">
              <param name="TIME" type="float" />
            </accessor>
          </technique_common>
        </source>
        <source id="idle__Armature_Idle_leg_back_foot_L_pose_matrix-output">
          <float_array id="idle__Armature_Idle_leg_back_foot_L_pose_matrix-output-array" count="352">0.03447492 0.9231933 -0.3827862 0 -0.1020301 -0.3777615 -0.9202641 0.149302 -0.9941839 0.07078181 0.08117019 0 0 0 0 1 0.03012599 0.9183723 -0.3945691 0 -0.1046189 -0.3896829 -0.9149876 0.149302 -0.9940562 0.06884438 0.08433954 0 0 0 0 1 0.01928268 0.9058195 -0.423225 -1.49012e-8 -0.1107446 -0.418764 -0.9013173 0.149302 -0.993662 0.0642497 0.09223972 0 0 0 0 1 0.005302764 0.888566 -0.458718 0 -0.1179808 -0.4549646 -0.8826595 0.149302 -0.993002 0.05880057 0.1024212 0 0 0 0 1 -0.00820134 0.8708189 -0.4915355 2.98023e-8 -0.1243022 -0.4886273 -0.8635929 0.149302 -0.9922107 0.05401641 0.1122521 1.49012e-8 0 0 0 1 -0.01736665 0.8581975 -0.513026 -2.98023e-8 -0.128236 -0.5107775 -0.8500953 0.149302 -0.9915917 0.05102517 0.1189223 1.49012e-8 0 0 0 1 -0.01901684 0.8558767 -0.51683 0 -0.1289145 -0.5147075 -0.8476186 0.149302 -0.9914734 0.05050794 0.1201231 -2.98023e-8 0 0 0 1 -0.01770775 0.8577189 -0.513814 -1.49012e-8 -0.128377 -0.5115913 -0.8495845 0.149302 -0.9915675 0.05091773 0.1191706 0 0 0 0 1 -0.01514234 0.8613022 -0.5078672 0 -0.1273072 -0.5054525 -0.8534113 0.149302 -0.991748 0.05173257 0.1173037 0 0 0 0 1 -0.01154303 0.8662701 -0.4994428 -2.98023e-8 -0.1257692 -0.4967672 -0.8587227 0.149302 -0.9919927 0.0529023 0.1146843 0 0 0 0 1 -0.00713373 0.8722592 -0.4889916 0 -0.1238255 -0.4860111 -0.865136 0.149302 -0.9922784 0.05437807 0.111475 0 0 0 0 1 -0.002137987 0.8789151 -0.4769736 -4.47035e-8 -0.1215428 -0.473667 -0.872277 0.149302 -0.9925842 0.05610785 0.1078385 0 0 0 0 1 0.003223052 0.8859004 -0.463864 1.49012e-8 -0.1189962 -0.4602307 -0.8797884 0.149302 -0.9928896 0.05803373 0.1039354 0 0 0 0 1 0.008732129 0.8929061 -0.450158 2.98023e-8 -0.1162724 -0.4462149 -0.8873404 0.149302 -0.9931791 0.06008941 0.099924 -1.49012e-8 0 0 0 1 0.01417744 0.8996549 -0.4363714 -1.49012e-8 -0.1134714 -0.4321485 -0.8946353 0.149302 -0.9934403 0.06219936 0.09595832 -1.49012e-8 0 0 0 1 0.01935379 0.9059042 -0.4230403 1.49012e-8 -0.1107059 -0.418576 -0.9014091 0.149302 -0.9936649 0.06427883 0.09218791 0 0 0 0 1 0.02406283 0.9114451 -0.4107172 1.49012e-8 -0.108101 -0.406055 -0.9074324 0.149302 -0.9938489 0.06623442 0.08875736 1.49012e-8 0 0 0 1 0.02811266 0.9160983 -0.3999668 -1.49012e-8 -0.1057914 -0.3951511 -0.9125041 0.149302 -0.993991 0.06796605 0.08580657 -1.49012e-8 0 0 0 1 0.0313164 0.9197044 -0.3913606 -1.49012e-8 -0.1039179 -0.3864346 -0.9164438 0.149302 -0.9940928 0.06936915 0.08347202 0 0 0 0 1 0.03348948 0.922112 -0.3854708 -1.49012e-8 -0.1026234 -0.3804759 -0.9190792 0.149302 -0.9941565 0.07033794 0.08188834 0 0 0 0 1 0.03444622 0.9231622 -0.3828645 0 -0.1020474 -0.3778406 -0.9202299 0.149302 -0.9941832 0.07076883 0.08119111 1.49012e-8 0 0 0 1 0.03447492 0.9231933 -0.3827862 0 -0.1020301 -0.3777615 -0.9202641 0.149302 -0.9941839 0.07078181 0.08117019 0 0 0 0 1</float_array>
          <technique_common>
            <accessor source="#idle__Armature_Idle_leg_back_foot_L_pose_matrix-output-array" count="22" stride="16">
              <param name="TRANSFORM" type="float4x4" />
            </accessor>
          </technique_common>
        </source>
        <source id="idle__Armature_Idle_leg_back_foot_L_pose_matrix-interpolation">
          <Name_array id="idle__Armature_Idle_leg_back_foot_L_pose_matrix-interpolation-array" count="22">LINEAR LINEAR LINEAR LINEAR LINEAR LINEAR LINEAR LINEAR LINEAR LINEAR LINEAR LINEAR LINEAR LINEAR LINEAR LINEAR LINEAR LINEAR LINEAR LINEAR LINEAR LINEAR</Name_array>
          <technique_common>
            <accessor source="#idle__Armature_Idle_leg_back_foot_L_pose_matrix-interpolation-array" count="22" stride="1">
              <param name="INTERPOLATION" type="name" />
            </accessor>
          </technique_common>
        </source>
        <sampler id="idle__Armature_Idle_leg_back_foot_L_pose_matrix-sampler">
          <input semantic="INPUT" source="#idle__Armature_Idle_leg_back_foot_L_pose_matrix-input" />
          <input semantic="OUTPUT" source="#idle__Armature_Idle_leg_back_foot_L_pose_matrix-output" />
          <input semantic="INTERPOLATION" source="#idle__Armature_Idle_leg_back_foot_L_pose_matrix-interpolation" />
        </sampler>
        <channel source="#idle__Armature_Idle_leg_back_foot_L_pose_matrix-sampler" target="Armature_leg_back_foot_L/transform" />
      </animation>
      <animation id="idle__Armature_Idle_leg_back_hip_R_pose_matrix" name="Armature">
        <source id="idle__Armature_Idle_leg_back_hip_R_pose_matrix-input">
          <float_array id="idle__Armature_Idle_leg_back_hip_R_pose_matrix-input-array" count="22">0.04166662 0.25 0.4583333 0.6666667 0.875 1.083333 1.291667 1.5 1.708333 1.916667 2.125 2.333333 2.541667 2.75 2.958333 3.166667 3.375 3.583333 3.791667 4 4.208333 4.25</float_array>
          <technique_common>
            <accessor source="#idle__Armature_Idle_leg_back_hip_R_pose_matrix-input-array" count="22" stride="1">
              <param name="TIME" type="float" />
            </accessor>
          </technique_common>
        </source>
        <source id="idle__Armature_Idle_leg_back_hip_R_pose_matrix-output">
          <float_array id="idle__Armature_Idle_leg_back_hip_R_pose_matrix-output-array" count="352">-0.06415328 -0.8316929 -0.5515173 8.73115e-11 0.8300492 0.2623255 -0.4921417 0.1554319 0.5539879 -0.489359 0.6735171 2.32831e-9 0 0 0 1 -0.05722282 -0.8372161 -0.5438701 -1.45519e-10 0.8300654 0.2627907 -0.4918662 0.1554319 0.5547224 -0.4795937 0.6799065 2.32831e-9 0 0 0 1 -0.03998864 -0.8504269 -0.5245713 -1.45519e-10 0.8300892 0.2639568 -0.4912013 0.1554319 0.5561949 -0.4550834 0.6953749 2.32831e-9 0 0 0 1 -0.01782074 -0.8663273 -0.4991589 -2.61934e-10 0.8300857 0.2654756 -0.4903879 0.1554319 0.557351 -0.4230836 0.7143949 2.32831e-9 0 0 0 1 0.003829736 -0.8806762 -0.4737034 8.73115e-11 0.8300455 0.2669795 -0.489639 0.1554319 0.5576825 -0.3913201 0.7320238 -1.39698e-9 0 0 0 1 0.01949255 -0.8903309 -0.4548967 8.73115e-11 0.8299937 0.2680802 -0.4891251 0.1554319 0.557432 -0.368027 0.7441946 -1.39698e-9 0 0 0 1 0.02401537 -0.8930053 -0.4494049 8.73115e-11 0.8299752 0.2684 -0.488981 0.1554319 0.557283 -0.3612518 0.7476181 -1.39698e-9 0 0 0 1 0.02232995 -0.8920146 -0.4514546 -1.45519e-10 0.8299822 0.2682807 -0.4890345 0.1554319 0.5573426 -0.3637792 0.7463471 6.0536e-9 0 0 0 1 0.01851587 -0.8897467 -0.456079 8.73115e-11 0.8299975 0.2680112 -0.4891565 0.1554319 0.5574597 -0.3694872 0.7434499 -1.39698e-9 0 0 0 1 0.01292579 -0.8863572 -0.4628216 8.73115e-11 0.8300177 0.2676175 -0.4893376 0.1554319 0.5575872 -0.377825 0.7391514 6.0536e-9 0 0 0 1 0.005912997 -0.8819955 -0.471221 -1.45519e-10 0.8300397 0.2671253 -0.4895693 0.1554319 0.5576729 -0.3882372 0.7336708 -1.39698e-9 0 0 0 1 -0.002167694 -0.8768179 -0.4808177 -2.91038e-11 0.8300602 0.2665609 -0.489842 0.1554319 0.5576694 -0.4001695 0.7272339 -1.39698e-9 0 0 0 1 -0.01095959 -0.8710006 -0.4911599 -2.61934e-10 0.8300768 0.26595 -0.4901457 0.1554319 0.5575413 -0.4130722 0.7200827 2.32831e-9 0 0 0 1 -0.02010468 -0.8647457 -0.5018076 8.73115e-11 0.8300878 0.2653181 -0.4904695 0.1554319 0.5572701 -0.426405 0.7124807 6.0536e-9 0 0 0 1 -0.0292445 -0.8582864 -0.5123371 -1.45519e-10 0.8300922 0.2646902 -0.4908011 0.1554319 0.5568586 -0.4396403 0.7047161 2.32831e-9 0 0 0 1 -0.0380215 -0.8518875 -0.522343 -2.91038e-11 0.8300905 0.2640907 -0.4911272 0.1554319 0.556331 -0.4522652 0.6971026 -1.39698e-9 0 0 0 1 -0.04607998 -0.8458428 -0.5314383 -1.45519e-10 0.8300834 0.2635432 -0.491433 0.1554319 0.555732 -0.4637833 0.689976 -1.39698e-9 0 0 0 1 -0.0530669 -0.8404701 -0.5392531 -2.03727e-10 0.8300732 0.2630707 -0.4917032 0.1554319 0.5551236 -0.4737127 0.6836914 2.32831e-9 0 0 0 1 -0.05863196 -0.836103 -0.5454303 -1.74623e-10 0.8300624 0.262696 -0.4919218 0.1554319 0.5545797 -0.4815835 0.6786153 -1.39698e-9 0 0 0 1 -0.06242668 -0.8330803 -0.5496182 3.92902e-10 0.8300536 0.2624412 -0.4920726 0.1554319 0.5541785 -0.4869311 0.675118 -1.39698e-9 0 0 0 1 -0.06410297 -0.8317334 -0.5514621 -2.91038e-11 0.8300494 0.2623289 -0.4921397 0.1554319 0.5539935 -0.4892883 0.6735638 2.32831e-9 0 0 0 1 -0.06415328 -0.8316929 -0.5515173 8.73115e-11 0.8300492 0.2623255 -0.4921417 0.1554319 0.5539879 -0.489359 0.6735171 2.32831e-9 0 0 0 1</float_array>
          <technique_common>
            <accessor source="#idle__Armature_Idle_leg_back_hip_R_pose_matrix-output-array" count="22" stride="16">
              <param name="TRANSFORM" type="float4x4" />
            </accessor>
          </technique_common>
        </source>
        <source id="idle__Armature_Idle_leg_back_hip_R_pose_matrix-interpolation">
          <Name_array id="idle__Armature_Idle_leg_back_hip_R_pose_matrix-interpolation-array" count="22">LINEAR LINEAR LINEAR LINEAR LINEAR LINEAR LINEAR LINEAR LINEAR LINEAR LINEAR LINEAR LINEAR LINEAR LINEAR LINEAR LINEAR LINEAR LINEAR LINEAR LINEAR LINEAR</Name_array>
          <technique_common>
            <accessor source="#idle__Armature_Idle_leg_back_hip_R_pose_matrix-interpolation-array" count="22" stride="1">
              <param name="INTERPOLATION" type="name" />
            </accessor>
          </technique_common>
        </source>
        <sampler id="idle__Armature_Idle_leg_back_hip_R_pose_matrix-sampler">
          <input semantic="INPUT" source="#idle__Armature_Idle_leg_back_hip_R_pose_matrix-input" />
          <input semantic="OUTPUT" source="#idle__Armature_Idle_leg_back_hip_R_pose_matrix-output" />
          <input semantic="INTERPOLATION" source="#idle__Armature_Idle_leg_back_hip_R_pose_matrix-interpolation" />
        </sampler>
        <channel source="#idle__Armature_Idle_leg_back_hip_R_pose_matrix-sampler" target="Armature_leg_back_hip_R/transform" />
      </animation>
      <animation id="idle__Armature_Idle_leg_back_upper_R_pose_matrix" name="Armature">
        <source id="idle__Armature_Idle_leg_back_upper_R_pose_matrix-input">
          <float_array id="idle__Armature_Idle_leg_back_upper_R_pose_matrix-input-array" count="22">0.04166662 0.25 0.4583333 0.6666667 0.875 1.083333 1.291667 1.5 1.708333 1.916667 2.125 2.333333 2.541667 2.75 2.958333 3.166667 3.375 3.583333 3.791667 4 4.208333 4.25</float_array>
          <technique_common>
            <accessor source="#idle__Armature_Idle_leg_back_upper_R_pose_matrix-input-array" count="22" stride="1">
              <param name="TIME" type="float" />
            </accessor>
          </technique_common>
        </source>
        <source id="idle__Armature_Idle_leg_back_upper_R_pose_matrix-output">
          <float_array id="idle__Armature_Idle_leg_back_upper_R_pose_matrix-output-array" count="352">0.8965525 -0.4045449 0.1803799 1.49012e-8 0.1730765 0.6948198 0.6980473 0.112305 -0.4077231 -0.5946166 0.6929595 -3.72529e-9 0 0 0 1 0.8911762 -0.4176462 0.1771348 7.45058e-9 0.1803558 0.684448 0.7064013 0.112305 -0.4162655 -0.5975809 0.6852885 -1.11759e-8 0 0 0 1 0.8770392 -0.4499734 0.1683033 1.49012e-8 0.1979472 0.6576732 0.7268306 0.112305 -0.4377429 -0.604144 0.6658762 -3.72529e-9 0 0 0 1 0.8572218 -0.4909665 0.1553138 2.23517e-8 0.2194498 0.6211532 0.7523366 0.112305 -0.4658458 -0.6108359 0.6402087 -1.49012e-8 0 0 0 1 0.8358585 -0.5306149 0.1406709 0 0.2393128 0.5828491 0.7765413 0.112305 -0.4940343 -0.6154143 0.6141623 0 0 0 0 1 0.8184364 -0.5600842 0.1283259 7.45058e-9 0.2534195 0.552283 0.7942054 0.112305 -0.5156941 -0.6174863 0.5939448 -7.45058e-9 0 0 0 1 0.8112395 -0.5716015 0.1231339 7.45058e-9 0.2587679 0.5398103 0.8010268 0.112305 -0.5243372 -0.6179615 0.5858276 -1.11759e-8 0 0 0 1 0.8126269 -0.5694093 0.1241388 0 0.2577573 0.5422083 0.7997322 0.112305 -0.5226841 -0.6178862 0.5873824 -1.11759e-8 0 0 0 1 0.8164912 -0.5632329 0.1269278 1.49012e-8 0.2548913 0.5489035 0.7960749 0.112305 -0.5180468 -0.6176354 0.5917381 7.45058e-9 0 0 0 1 0.8223616 -0.5536465 0.1311358 7.45058e-9 0.2503887 0.5591225 0.7903717 0.112305 -0.5109076 -0.6171365 0.5984277 0 0 0 0 1 0.8297527 -0.5412118 0.1363824 7.45058e-9 0.2444531 0.5720738 0.7829268 0.112305 -0.5017501 -0.6162965 0.6069807 -7.45058e-9 0 0 0 1 0.8381805 -0.5265042 0.1422905 1.49012e-8 0.237299 0.5869662 0.7740545 0.112305 -0.4910626 -0.615032 0.6169224 -7.45058e-9 0 0 0 1 0.84718 -0.5101296 0.1485051 1.49012e-8 0.2291707 0.6030251 0.7640953 0.112305 -0.47934 -0.6132933 0.6277775 -7.45058e-9 0 0 0 1 0.8563161 -0.4927357 0.1547055 -7.45058e-9 0.2203564 0.6195087 0.7534266 0.112305 -0.4670818 -0.6110812 0.6390729 -3.72529e-9 0 0 0 1 0.8651956 -0.4750146 0.1606166 7.45058e-9 0.2111938 0.6357203 0.7424667 0.112305 -0.4547898 -0.6084578 0.6503426 0 0 0 0 1 0.8734704 -0.4576997 0.1660126 7.45058e-9 0.2020707 0.6510159 0.7316731 0.112305 -0.4429635 -0.6055487 0.6611308 -7.45058e-9 0 0 0 1 0.8808415 -0.4415583 0.1707179 1.49012e-8 0.1934199 0.6648089 0.7215387 0.112305 -0.4320962 -0.6025409 0.6709974 -7.45058e-9 0 0 0 1 0.8870513 -0.4273812 0.1746006 1.49012e-8 0.1857095 0.6765648 0.7125813 0.112305 -0.4226725 -0.5996714 0.6795163 0 0 0 0 1 0.8918747 -0.4159707 0.1775603 1.49012e-8 0.1794295 0.6857895 0.7053354 0.112305 -0.4151677 -0.5972113 0.6862758 -3.72529e-9 0 0 0 1 0.8951011 -0.4081296 0.1795106 1.49012e-8 0.1750766 0.6920085 0.7003373 0.112305 -0.4100514 -0.5954446 0.6908715 -7.45058e-9 0 0 0 1 0.8965104 -0.4046495 0.1803547 7.45058e-9 0.1731349 0.694738 0.6981142 0.112305 -0.4077909 -0.5946409 0.6928988 -3.72529e-9 0 0 0 1 0.8965525 -0.4045449 0.1803799 1.49012e-8 0.1730765 0.6948198 0.6980473 0.112305 -0.4077231 -0.5946166 0.6929595 -3.72529e-9 0 0 0 1</float_array>
          <technique_common>
            <accessor source="#idle__Armature_Idle_leg_back_upper_R_pose_matrix-output-array" count="22" stride="16">
              <param name="TRANSFORM" type="float4x4" />
            </accessor>
          </technique_common>
        </source>
        <source id="idle__Armature_Idle_leg_back_upper_R_pose_matrix-interpolation">
          <Name_array id="idle__Armature_Idle_leg_back_upper_R_pose_matrix-interpolation-array" count="22">LINEAR LINEAR LINEAR LINEAR LINEAR LINEAR LINEAR LINEAR LINEAR LINEAR LINEAR LINEAR LINEAR LINEAR LINEAR LINEAR LINEAR LINEAR LINEAR LINEAR LINEAR LINEAR</Name_array>
          <technique_common>
            <accessor source="#idle__Armature_Idle_leg_back_upper_R_pose_matrix-interpolation-array" count="22" stride="1">
              <param name="INTERPOLATION" type="name" />
            </accessor>
          </technique_common>
        </source>
        <sampler id="idle__Armature_Idle_leg_back_upper_R_pose_matrix-sampler">
          <input semantic="INPUT" source="#idle__Armature_Idle_leg_back_upper_R_pose_matrix-input" />
          <input semantic="OUTPUT" source="#idle__Armature_Idle_leg_back_upper_R_pose_matrix-output" />
          <input semantic="INTERPOLATION" source="#idle__Armature_Idle_leg_back_upper_R_pose_matrix-interpolation" />
        </sampler>
        <channel source="#idle__Armature_Idle_leg_back_upper_R_pose_matrix-sampler" target="Armature_leg_back_upper_R/transform" />
      </animation>
      <animation id="idle__Armature_Idle_leg_back_lower_R_pose_matrix" name="Armature">
        <source id="idle__Armature_Idle_leg_back_lower_R_pose_matrix-input">
          <float_array id="idle__Armature_Idle_leg_back_lower_R_pose_matrix-input-array" count="22">0.04166662 0.25 0.4583333 0.6666667 0.875 1.083333 1.291667 1.5 1.708333 1.916667 2.125 2.333333 2.541667 2.75 2.958333 3.166667 3.375 3.583333 3.791667 4 4.208333 4.25</float_array>
          <technique_common>
            <accessor source="#idle__Armature_Idle_leg_back_lower_R_pose_matrix-input-array" count="22" stride="1">
              <param name="TIME" type="float" />
            </accessor>
          </technique_common>
        </source>
        <source id="idle__Armature_Idle_leg_back_lower_R_pose_matrix-output">
          <float_array id="idle__Armature_Idle_leg_back_lower_R_pose_matrix-output-array" count="352">0.9095553 0.3989839 0.1162804 0 -0.4128097 0.8996695 0.1420682 0.1195142 -0.04793106 -0.1772206 0.9830033 0 0 0 0 1 0.8978841 0.4253451 0.1135155 -1.49012e-8 -0.4382177 0.8881903 0.1381435 0.1195142 -0.04206473 -0.1737814 0.9838854 7.45058e-9 0 0 0 1 0.8647996 0.49081 0.1059595 0 -0.5013589 0.8556425 0.1285126 0.1195142 -0.02758816 -0.1642614 0.9860309 0 0 0 0 1 0.8132979 0.5740789 0.09476408 0 -0.5817719 0.8049616 0.1165279 0.1195142 -0.009385258 -0.149903 0.9886562 1.49012e-8 0 0 0 1 0.7512497 0.6549211 0.08186844 -1.49012e-8 -0.6599695 0.7438862 0.105232 0.1195142 0.008017823 -0.1330862 0.9910721 0 0 0 0 1 0.6931458 0.7173713 0.07019567 0 -0.7204846 0.6866828 0.09679265 0.1195142 0.02123411 -0.1176663 0.9928261 0 0 0 0 1 0.6575978 0.7507136 0.06320217 7.45058e-9 -0.7528419 0.6516816 0.09241442 0.1195142 0.02818908 -0.1083528 0.9937128 0 0 0 0 1 0.6557322 0.752374 0.06283791 -7.45058e-9 -0.7544541 0.6498448 0.09219906 0.1195141 0.02853329 -0.1078662 0.9937558 1.49012e-8 0 0 0 1 0.6660181 0.7431113 0.06484975 -1.49012e-8 -0.7454607 0.6599727 0.09340382 0.1195141 0.02661034 -0.1105516 0.9935139 1.49012e-8 0 0 0 1 0.6838731 0.7263914 0.0683616 1.49012e-8 -0.7292346 0.6775529 0.09559847 0.1195141 0.02312332 -0.1152289 0.9930698 0 0 0 0 1 0.707397 0.7030337 0.07302886 0 -0.7065817 0.7007139 0.09870449 0.1195141 0.01822028 -0.1214241 0.9924335 0 0 0 0 1 0.7346421 0.6738985 0.0784978 0 -0.6783478 0.7275369 0.1026379 0.1195142 0.01205747 -0.1286509 0.9916165 1.49012e-8 0 0 0 1 0.7637082 0.6400187 0.08441729 0 -0.6455436 0.7561504 0.1072855 0.1195142 0.004832536 -0.1364299 0.990638 2.98023e-8 0 0 0 1 0.7928398 0.6026803 0.09045304 0 -0.6094218 0.7848257 0.1124894 0.1195141 -0.003194734 -0.1443101 0.9895273 0 0 0 0 1 0.8205194 0.5634481 0.09630212 0 -0.571499 0.8120689 0.1180397 0.1195142 -0.01169467 -0.1518905 0.9883282 -1.49012e-8 0 0 0 1 0.8455368 0.5241406 0.1017057 0 -0.5335321 0.8366886 0.1236773 0.1195142 -0.02027172 -0.1588369 0.9870966 0 0 0 0 1 0.8670202 0.4867682 0.1064559 0 -0.4974588 0.8578273 0.1291021 0.1195142 -0.02847798 -0.1648916 0.9859005 7.45058e-9 0 0 0 1 0.8844163 0.4534544 0.1103953 -1.49012e-8 -0.4653213 0.8749421 0.1339874 0.1195142 -0.0358323 -0.1698699 0.9848148 0 0 0 0 1 0.8974186 0.4263554 0.1134065 0 -0.4391917 0.8877323 0.1379936 0.1195141 -0.04184031 -0.1736452 0.983919 1.49012e-8 0 0 0 1 0.9058411 0.4075984 0.1153937 1.49012e-8 -0.4211118 0.8960164 0.1407828 0.1195142 -0.04601173 -0.1761205 0.9832926 -7.45058e-9 0 0 0 1 0.909448 0.3992357 0.1162548 0 -0.4130525 0.8995639 0.1420306 0.1195142 -0.04787488 -0.1771887 0.9830118 7.45058e-9 0 0 0 1 0.9095553 0.3989839 0.1162804 0 -0.4128097 0.8996695 0.1420682 0.1195142 -0.04793106 -0.1772206 0.9830033 0 0 0 0 1</float_array>
          <technique_common>
            <accessor source="#idle__Armature_Idle_leg_back_lower_R_pose_matrix-output-array" count="22" stride="16">
              <param name="TRANSFORM" type="float4x4" />
            </accessor>
          </technique_common>
        </source>
        <source id="idle__Armature_Idle_leg_back_lower_R_pose_matrix-interpolation">
          <Name_array id="idle__Armature_Idle_leg_back_lower_R_pose_matrix-interpolation-array" count="22">LINEAR LINEAR LINEAR LINEAR LINEAR LINEAR LINEAR LINEAR LINEAR LINEAR LINEAR LINEAR LINEAR LINEAR LINEAR LINEAR LINEAR LINEAR LINEAR LINEAR LINEAR LINEAR</Name_array>
          <technique_common>
            <accessor source="#idle__Armature_Idle_leg_back_lower_R_pose_matrix-interpolation-array" count="22" stride="1">
              <param name="INTERPOLATION" type="name" />
            </accessor>
          </technique_common>
        </source>
        <sampler id="idle__Armature_Idle_leg_back_lower_R_pose_matrix-sampler">
          <input semantic="INPUT" source="#idle__Armature_Idle_leg_back_lower_R_pose_matrix-input" />
          <input semantic="OUTPUT" source="#idle__Armature_Idle_leg_back_lower_R_pose_matrix-output" />
          <input semantic="INTERPOLATION" source="#idle__Armature_Idle_leg_back_lower_R_pose_matrix-interpolation" />
        </sampler>
        <channel source="#idle__Armature_Idle_leg_back_lower_R_pose_matrix-sampler" target="Armature_leg_back_lower_R/transform" />
      </animation>
      <animation id="idle__Armature_Idle_leg_back_foot_R_pose_matrix" name="Armature">
        <source id="idle__Armature_Idle_leg_back_foot_R_pose_matrix-input">
          <float_array id="idle__Armature_Idle_leg_back_foot_R_pose_matrix-input-array" count="22">0.04166662 0.25 0.4583333 0.6666667 0.875 1.083333 1.291667 1.5 1.708333 1.916667 2.125 2.333333 2.541667 2.75 2.958333 3.166667 3.375 3.583333 3.791667 4 4.208333 4.25</float_array>
          <technique_common>
            <accessor source="#idle__Armature_Idle_leg_back_foot_R_pose_matrix-input-array" count="22" stride="1">
              <param name="TIME" type="float" />
            </accessor>
          </technique_common>
        </source>
        <source id="idle__Armature_Idle_leg_back_foot_R_pose_matrix-output">
          <float_array id="idle__Armature_Idle_leg_back_foot_R_pose_matrix-output-array" count="352">-0.002715327 -0.9342067 0.3567214 2.98023e-8 0.06990912 -0.3560273 -0.9318568 0.149302 0.9975495 0.0224076 0.06627632 2.98023e-8 0 0 0 1 -0.00291406 -0.93383 0.3577052 2.98023e-8 0.0699525 -0.3570208 -0.9314734 0.149302 0.997546 0.02230782 0.06636414 -1.49012e-8 0 0 0 1 -0.003418073 -0.9328699 0.3601971 -1.49012e-8 0.07006147 -0.3595375 -0.9304968 0.1493021 0.9975368 0.02205528 0.06658713 0 0 0 0 1 -0.004088916 -0.9315822 0.363508 0 0.0702043 -0.3628815 -0.9291869 0.149302 0.9975243 0.02172029 0.06688488 -1.49012e-8 0 0 0 1 -0.004788063 -0.9302279 0.3669506 1.49012e-8 0.07035053 -0.3663589 -0.9278102 0.149302 0.9975107 0.02137257 0.06719621 0 0 0 0 1 -0.005376555 -0.9290791 0.3698419 1.49012e-8 0.07047147 -0.3692798 -0.9266425 0.149302 0.9974992 0.02108103 0.06745902 0 0 0 0 1 -0.005714945 -0.9284145 0.371502 1.49012e-8 0.07054015 -0.3709572 -0.925967 0.149302 0.9974925 0.02091381 0.06761047 1.49012e-8 0 0 0 1 -0.005732335 -0.9283801 0.3715874 1.49012e-8 0.07054365 -0.3710433 -0.9259323 0.149302 0.9974921 0.02090521 0.06761827 0 0 0 0 1 -0.005635984 -0.9285697 0.3711149 -1.49012e-8 0.07052419 -0.3705659 -0.9261248 0.1493021 0.9974941 0.02095275 0.0675751 0 0 0 0 1 -0.005466163 -0.9289034 0.3702819 -2.98023e-8 0.07048971 -0.3697241 -0.9264638 0.149302 0.9974974 0.02103668 0.06749912 -1.49012e-8 0 0 0 1 -0.005236708 -0.9293529 0.3691554 4.47035e-8 0.07044291 -0.3685863 -0.9269207 0.149302 0.997502 0.02115022 0.0673965 1.49012e-8 0 0 0 1 -0.004961573 -0.9298903 0.3678037 0 0.07038639 -0.3672207 -0.9274669 0.149302 0.9975075 0.02128652 0.0672736 0 0 0 0 1 -0.004654638 -0.9304874 0.3662942 4.47035e-8 0.07032284 -0.3656958 -0.9280739 0.149302 0.9975134 0.02143884 0.0671367 0 0 0 0 1 -0.004329801 -0.9311168 0.3646948 0 0.07025499 -0.3640804 -0.9287139 0.149302 0.9975196 0.02160034 0.06699199 0 0 0 0 1 -0.004000925 -0.9317515 0.3630741 -1.49012e-8 0.07018573 -0.3624432 -0.9293594 0.1493021 0.9975258 0.02176415 0.06684577 1.49012e-8 0 0 0 1 -0.003681846 -0.9323648 0.3614999 -2.98023e-8 0.07011795 -0.3608534 -0.929983 0.149302 0.9975318 0.02192343 0.06670409 1.49012e-8 0 0 0 1 -0.003386423 -0.9329303 0.3600409 -1.49012e-8 0.07005467 -0.3593798 -0.9305581 0.149302 0.9975374 0.02207112 0.06657314 0 0 0 0 1 -0.003128458 -0.9334224 0.3587656 1.49012e-8 0.06999902 -0.3580918 -0.9310586 0.1493021 0.9975421 0.02220031 0.06645892 0 0 0 0 1 -0.002921715 -0.9338153 0.3577431 0 0.06995415 -0.3570591 -0.9314586 0.149302 0.9975457 0.02230394 0.0663675 0 0 0 0 1 -0.002780061 -0.9340841 0.3570419 -1.49012e-8 0.06992325 -0.3563509 -0.9317321 0.149302 0.9975483 0.02237508 0.06630493 -1.49012e-8 0 0 0 1 -0.00271723 -0.9342033 0.3567308 1.49012e-8 0.06990954 -0.3560368 -0.9318532 0.149302 0.9975495 0.02240662 0.06627715 0 0 0 0 1 -0.002715327 -0.9342067 0.3567214 2.98023e-8 0.06990912 -0.3560273 -0.9318568 0.149302 0.9975495 0.0224076 0.06627632 2.98023e-8 0 0 0 1</float_array>
          <technique_common>
            <accessor source="#idle__Armature_Idle_leg_back_foot_R_pose_matrix-output-array" count="22" stride="16">
              <param name="TRANSFORM" type="float4x4" />
            </accessor>
          </technique_common>
        </source>
        <source id="idle__Armature_Idle_leg_back_foot_R_pose_matrix-interpolation">
          <Name_array id="idle__Armature_Idle_leg_back_foot_R_pose_matrix-interpolation-array" count="22">LINEAR LINEAR LINEAR LINEAR LINEAR LINEAR LINEAR LINEAR LINEAR LINEAR LINEAR LINEAR LINEAR LINEAR LINEAR LINEAR LINEAR LINEAR LINEAR LINEAR LINEAR LINEAR</Name_array>
          <technique_common>
            <accessor source="#idle__Armature_Idle_leg_back_foot_R_pose_matrix-interpolation-array" count="22" stride="1">
              <param name="INTERPOLATION" type="name" />
            </accessor>
          </technique_common>
        </source>
        <sampler id="idle__Armature_Idle_leg_back_foot_R_pose_matrix-sampler">
          <input semantic="INPUT" source="#idle__Armature_Idle_leg_back_foot_R_pose_matrix-input" />
          <input semantic="OUTPUT" source="#idle__Armature_Idle_leg_back_foot_R_pose_matrix-output" />
          <input semantic="INTERPOLATION" source="#idle__Armature_Idle_leg_back_foot_R_pose_matrix-interpolation" />
        </sampler>
        <channel source="#idle__Armature_Idle_leg_back_foot_R_pose_matrix-sampler" target="Armature_leg_back_foot_R/transform" />
      </animation>
    </animation>
  <animation id="walk__action_container-Armature" name="Armature">
      <animation id="walk__Armature_Walk_base_pose_matrix" name="Armature">
        <source id="walk__Armature_Walk_base_pose_matrix-input">
          <float_array id="walk__Armature_Walk_base_pose_matrix-input-array" count="9">0.04166662 0.25 0.4583333 0.6666667 0.875 1.083333 1.291667 1.5 1.666667</float_array>
          <technique_common>
            <accessor source="#walk__Armature_Walk_base_pose_matrix-input-array" count="9" stride="1">
              <param name="TIME" type="float" />
            </accessor>
          </technique_common>
        </source>
        <source id="walk__Armature_Walk_base_pose_matrix-output">
          <float_array id="walk__Armature_Walk_base_pose_matrix-output-array" count="144">0.9803394 0 0.1973186 -1.16415e-10 0.1542276 0.6237587 -0.76625 -0.1273851 -0.1230792 0.781617 0.6114951 -0.1510615 0 0 0 1 0.9803394 0 0.1973186 0 0.1542276 0.6237587 -0.76625 -0.1273851 -0.1230792 0.781617 0.6114951 -0.1333494 0 0 0 1 0.9803394 0 0.1973186 -1.16415e-10 0.1542276 0.6237587 -0.76625 -0.1273851 -0.1230792 0.781617 0.6114951 -0.136251 0 0 0 1 0.9803394 0 0.1973186 0 0.1542276 0.6237587 -0.76625 -0.1273851 -0.1230792 0.781617 0.6114951 -0.1467429 0 0 0 1 0.9803394 0 0.1973186 0 0.1542276 0.6237587 -0.76625 -0.1273851 -0.1230792 0.781617 0.6114951 -0.1505259 0 0 0 1 0.9803394 0 0.1973186 -7.27596e-11 0.1542276 0.6237587 -0.76625 -0.1273851 -0.1230792 0.781617 0.6114951 -0.1386659 0 0 0 1 0.9803394 0 0.1973186 -1.16415e-10 0.1542276 0.6237587 -0.76625 -0.1273851 -0.1230792 0.781617 0.6114951 -0.1323779 0 0 0 1 0.9803394 0 0.1973186 -5.82077e-11 0.1542276 0.6237587 -0.76625 -0.1273851 -0.1230792 0.781617 0.6114951 -0.1427976 0 0 0 1 0.9803394 0 0.1973186 0 0.1542276 0.6237587 -0.76625 -0.1273851 -0.1230792 0.781617 0.6114951 -0.150616 0 0 0 1</float_array>
          <technique_common>
            <accessor source="#walk__Armature_Walk_base_pose_matrix-output-array" count="9" stride="16">
              <param name="TRANSFORM" type="float4x4" />
            </accessor>
          </technique_common>
        </source>
        <source id="walk__Armature_Walk_base_pose_matrix-interpolation">
          <Name_array id="walk__Armature_Walk_base_pose_matrix-interpolation-array" count="9">LINEAR LINEAR LINEAR LINEAR LINEAR LINEAR LINEAR LINEAR LINEAR</Name_array>
          <technique_common>
            <accessor source="#walk__Armature_Walk_base_pose_matrix-interpolation-array" count="9" stride="1">
              <param name="INTERPOLATION" type="name" />
            </accessor>
          </technique_common>
        </source>
        <sampler id="walk__Armature_Walk_base_pose_matrix-sampler">
          <input semantic="INPUT" source="#walk__Armature_Walk_base_pose_matrix-input" />
          <input semantic="OUTPUT" source="#walk__Armature_Walk_base_pose_matrix-output" />
          <input semantic="INTERPOLATION" source="#walk__Armature_Walk_base_pose_matrix-interpolation" />
        </sampler>
        <channel source="#walk__Armature_Walk_base_pose_matrix-sampler" target="Armature_base/transform" />
      </animation>
      <animation id="walk__Armature_Walk_neck1_pose_matrix" name="Armature">
        <source id="walk__Armature_Walk_neck1_pose_matrix-input">
          <float_array id="walk__Armature_Walk_neck1_pose_matrix-input-array" count="9">0.04166662 0.25 0.4583333 0.6666667 0.875 1.083333 1.291667 1.5 1.666667</float_array>
          <technique_common>
            <accessor source="#walk__Armature_Walk_neck1_pose_matrix-input-array" count="9" stride="1">
              <param name="TIME" type="float" />
            </accessor>
          </technique_common>
        </source>
        <source id="walk__Armature_Walk_neck1_pose_matrix-output">
          <float_array id="walk__Armature_Walk_neck1_pose_matrix-output-array" count="144">0.9670813 -0.1888757 0.1705282 1.86265e-9 0.2207568 0.2893883 -0.931408 0.1054889 0.1265715 0.9383925 0.3215575 3.72529e-9 0 0 0 1 0.9827296 -0.1261607 0.1353745 9.31323e-10 0.1670141 0.2896946 -0.9424347 0.1054889 0.07968098 0.9487679 0.3057621 3.72529e-9 0 0 0 1 0.9858122 -0.1147888 0.1224668 1.86265e-9 0.1509123 0.2867047 -0.9460582 0.1054889 0.07348508 0.9511173 0.2999599 3.72529e-9 0 0 0 1 0.9773665 -0.1521775 0.1469586 9.31323e-10 0.1861669 0.288739 -0.9391334 0.1054889 0.1004823 0.9452364 0.3105342 3.72529e-9 0 0 0 1 0.9646901 -0.1965121 0.175374 9.31323e-10 0.2279527 0.2893527 -0.9296842 0.1054889 0.1319492 0.936834 0.3239311 0 0 0 0 1 0.955902 -0.2224901 0.191702 -9.31323e-10 0.2524275 0.2888103 -0.923509 0.1054889 0.1501061 0.931175 0.3322369 3.72529e-9 0 0 0 1 0.9520425 -0.23304 0.1982613 0 0.2623647 0.2884114 -0.9208602 0.1054889 0.1574164 0.9287149 0.3357213 0 0 0 0 1 0.9522139 -0.2331431 0.1973146 0 0.2614208 0.2880335 -0.9212469 0.1054889 0.1579492 0.9288063 0.3352179 0 0 0 0 1 0.9641373 -0.2011395 0.1731547 9.31323e-10 0.2270611 0.2873242 -0.930531 0.1054889 0.137415 0.9364763 0.3226908 0 0 0 0 1</float_array>
          <technique_common>
            <accessor source="#walk__Armature_Walk_neck1_pose_matrix-output-array" count="9" stride="16">
              <param name="TRANSFORM" type="float4x4" />
            </accessor>
          </technique_common>
        </source>
        <source id="walk__Armature_Walk_neck1_pose_matrix-interpolation">
          <Name_array id="walk__Armature_Walk_neck1_pose_matrix-interpolation-array" count="9">LINEAR LINEAR LINEAR LINEAR LINEAR LINEAR LINEAR LINEAR LINEAR</Name_array>
          <technique_common>
            <accessor source="#walk__Armature_Walk_neck1_pose_matrix-interpolation-array" count="9" stride="1">
              <param name="INTERPOLATION" type="name" />
            </accessor>
          </technique_common>
        </source>
        <sampler id="walk__Armature_Walk_neck1_pose_matrix-sampler">
          <input semantic="INPUT" source="#walk__Armature_Walk_neck1_pose_matrix-input" />
          <input semantic="OUTPUT" source="#walk__Armature_Walk_neck1_pose_matrix-output" />
          <input semantic="INTERPOLATION" source="#walk__Armature_Walk_neck1_pose_matrix-interpolation" />
        </sampler>
        <channel source="#walk__Armature_Walk_neck1_pose_matrix-sampler" target="Armature_neck1/transform" />
      </animation>
      <animation id="walk__Armature_Walk_neck2_pose_matrix" name="Armature">
        <source id="walk__Armature_Walk_neck2_pose_matrix-input">
          <float_array id="walk__Armature_Walk_neck2_pose_matrix-input-array" count="9">0.04166662 0.25 0.4583333 0.6666667 0.875 1.083333 1.291667 1.5 1.666667</float_array>
          <technique_common>
            <accessor source="#walk__Armature_Walk_neck2_pose_matrix-input-array" count="9" stride="1">
              <param name="TIME" type="float" />
            </accessor>
          </technique_common>
        </source>
        <source id="walk__Armature_Walk_neck2_pose_matrix-output">
          <float_array id="walk__Armature_Walk_neck2_pose_matrix-output-array" count="144">0.2215822 0.02121377 0.9749109 1.86265e-9 -0.09198067 0.9957606 -7.61628e-4 0.1416763 -0.970794 -0.08950427 0.2225941 -1.49012e-8 0 0 0 1 0.2221836 0.01316982 0.9749159 0 -0.05710298 0.9983683 -4.72818e-4 0.1416763 -0.9733312 -0.05556554 0.2225731 -7.45058e-9 0 0 0 1 0.2225528 -0.001812622 0.9749189 0 0.007859409 0.9999691 6.50808e-5 0.1416763 -0.974889 0.007647783 0.2225602 1.49012e-8 0 0 0 1 0.2223483 -0.009876385 0.9749172 0 0.04282308 0.9990826 3.54599e-4 0.1416763 -0.9740263 0.04167005 0.2225673 -1.49012e-8 0 0 0 1 0.2223484 -0.009876385 0.9749174 1.86265e-9 0.04282308 0.9990829 3.54597e-4 0.1416763 -0.9740266 0.04167011 0.2225673 -7.45058e-9 0 0 0 1 0.2223484 -0.009876385 0.9749172 0 0.04282308 0.9990826 3.54599e-4 0.1416763 -0.9740264 0.04167011 0.2225673 -1.49012e-8 0 0 0 1 0.2225528 -0.001812577 0.974919 0 0.00785929 0.9999692 6.50771e-5 0.1416763 -0.9748889 0.007647693 0.2225602 0 0 0 0 1 0.2221836 0.01316988 0.974916 3.72529e-9 -0.05710298 0.9983683 -4.72855e-4 0.1416763 -0.9733312 -0.05556569 0.2225731 0 0 0 0 1 0.2216183 0.02081919 0.9749112 -1.86265e-9 -0.09026986 0.9959172 -7.47478e-4 0.1416763 -0.9709463 -0.08783937 0.2225928 7.45058e-9 0 0 0 1</float_array>
          <technique_common>
            <accessor source="#walk__Armature_Walk_neck2_pose_matrix-output-array" count="9" stride="16">
              <param name="TRANSFORM" type="float4x4" />
            </accessor>
          </technique_common>
        </source>
        <source id="walk__Armature_Walk_neck2_pose_matrix-interpolation">
          <Name_array id="walk__Armature_Walk_neck2_pose_matrix-interpolation-array" count="9">LINEAR LINEAR LINEAR LINEAR LINEAR LINEAR LINEAR LINEAR LINEAR</Name_array>
          <technique_common>
            <accessor source="#walk__Armature_Walk_neck2_pose_matrix-interpolation-array" count="9" stride="1">
              <param name="INTERPOLATION" type="name" />
            </accessor>
          </technique_common>
        </source>
        <sampler id="walk__Armature_Walk_neck2_pose_matrix-sampler">
          <input semantic="INPUT" source="#walk__Armature_Walk_neck2_pose_matrix-input" />
          <input semantic="OUTPUT" source="#walk__Armature_Walk_neck2_pose_matrix-output" />
          <input semantic="INTERPOLATION" source="#walk__Armature_Walk_neck2_pose_matrix-interpolation" />
        </sampler>
        <channel source="#walk__Armature_Walk_neck2_pose_matrix-sampler" target="Armature_neck2/transform" />
      </animation>
      <animation id="walk__Armature_Walk_neck3_pose_matrix" name="Armature">
        <source id="walk__Armature_Walk_neck3_pose_matrix-input">
          <float_array id="walk__Armature_Walk_neck3_pose_matrix-input-array" count="9">0.04166662 0.25 0.4583333 0.6666667 0.875 1.083333 1.291667 1.5 1.666667</float_array>
          <technique_common>
            <accessor source="#walk__Armature_Walk_neck3_pose_matrix-input-array" count="9" stride="1">
              <param name="TIME" type="float" />
            </accessor>
          </technique_common>
        </source>
        <source id="walk__Armature_Walk_neck3_pose_matrix-output">
          <float_array id="walk__Armature_Walk_neck3_pose_matrix-output-array" count="144">0.5392962 -0.7038496 0.4623368 1.49012e-8 0.5290039 0.7103251 0.46432 0.1335502 -0.6552209 -0.005828115 0.7554149 1.16415e-10 0 0 0 1 0.5350185 -0.7095473 0.4585822 2.98023e-8 0.5332862 0.7046332 0.4680787 0.1335501 -0.6552564 -0.005875311 0.7553837 0 0 0 0 1 0.5269833 -0.720007 0.4515294 0 0.5411475 0.6939415 0.4749788 0.1335502 -0.655323 -0.005961921 0.7553254 0 0 0 0 1 0.5226083 -0.7255722 0.4476894 4.47035e-8 0.5453302 0.6881201 0.4786501 0.1335502 -0.6553591 -0.006007996 0.7552937 -9.31323e-10 0 0 0 1 0.5390582 -0.7041692 0.4621279 0 0.5292441 0.7100085 0.4645307 0.1335502 -0.655223 -0.00583076 0.7554131 -2.32831e-10 0 0 0 1 0.5550082 -0.6821061 0.4761275 1.49012e-8 0.5126618 0.7312316 0.449976 0.1335502 -0.6550909 -0.005648083 0.7555292 9.31323e-10 0 0 0 1 0.5509821 -0.6878035 0.4725938 -1.49012e-8 0.5169439 0.7258746 0.4537346 0.1335502 -0.6551241 -0.005695267 0.7554998 0 0 0 0 1 0.5434169 -0.6982733 0.4659536 -1.49012e-8 0.5248128 0.7158082 0.4606413 0.1335502 -0.6551868 -0.005781957 0.7554448 0 0 0 0 1 0.5394995 -0.7035766 0.4625152 0 0.5287987 0.7105956 0.4641398 0.1335502 -0.6552193 -0.005825853 0.7554164 -4.65661e-10 0 0 0 1</float_array>
          <technique_common>
            <accessor source="#walk__Armature_Walk_neck3_pose_matrix-output-array" count="9" stride="16">
              <param name="TRANSFORM" type="float4x4" />
            </accessor>
          </technique_common>
        </source>
        <source id="walk__Armature_Walk_neck3_pose_matrix-interpolation">
          <Name_array id="walk__Armature_Walk_neck3_pose_matrix-interpolation-array" count="9">LINEAR LINEAR LINEAR LINEAR LINEAR LINEAR LINEAR LINEAR LINEAR</Name_array>
          <technique_common>
            <accessor source="#walk__Armature_Walk_neck3_pose_matrix-interpolation-array" count="9" stride="1">
              <param name="INTERPOLATION" type="name" />
            </accessor>
          </technique_common>
        </source>
        <sampler id="walk__Armature_Walk_neck3_pose_matrix-sampler">
          <input semantic="INPUT" source="#walk__Armature_Walk_neck3_pose_matrix-input" />
          <input semantic="OUTPUT" source="#walk__Armature_Walk_neck3_pose_matrix-output" />
          <input semantic="INTERPOLATION" source="#walk__Armature_Walk_neck3_pose_matrix-interpolation" />
        </sampler>
        <channel source="#walk__Armature_Walk_neck3_pose_matrix-sampler" target="Armature_neck3/transform" />
      </animation>
      <animation id="walk__Armature_Walk_jaw_upper_pose_matrix" name="Armature">
        <source id="walk__Armature_Walk_jaw_upper_pose_matrix-input">
          <float_array id="walk__Armature_Walk_jaw_upper_pose_matrix-input-array" count="9">0.04166662 0.25 0.4583333 0.6666667 0.875 1.083333 1.291667 1.5 1.666667</float_array>
          <technique_common>
            <accessor source="#walk__Armature_Walk_jaw_upper_pose_matrix-input-array" count="9" stride="1">
              <param name="TIME" type="float" />
            </accessor>
          </technique_common>
        </source>
        <source id="walk__Armature_Walk_jaw_upper_pose_matrix-output">
          <float_array id="walk__Armature_Walk_jaw_upper_pose_matrix-output-array" count="144">0.2504182 -0.586352 0.7703778 -2.23517e-8 -0.4642353 0.6255562 0.6270288 0.1076933 -0.8495741 -0.514656 -0.1155547 -3.72529e-9 0 0 0 1 0.264681 -0.5606694 0.7845978 7.45058e-9 -0.4523087 0.6463886 0.6144904 0.1076933 -0.8516812 -0.5175244 -0.0825088 -7.45058e-9 0 0 0 1 0.2886805 -0.5134351 0.8081137 7.45058e-9 -0.4266178 0.686643 0.5886584 0.1076932 -0.8571235 -0.51469 -0.02082005 0 0 0 0 1 0.2927574 -0.4923587 0.8196803 -7.45058e-9 -0.4004468 0.7153101 0.5726902 0.1076933 -0.8682945 -0.4958977 0.0122489 -7.45058e-9 0 0 0 1 0.2082333 -0.5178753 0.8297252 0 -0.4155016 0.7211307 0.5543725 0.1076932 -0.8854362 -0.4601911 -0.06501451 0 0 0 0 1 0.1310806 -0.5539414 0.8221719 0 -0.4412302 0.710061 0.5487525 0.1076932 -0.887769 -0.434698 -0.1513405 -7.45058e-9 0 0 0 1 0.1622051 -0.578036 0.7997273 1.11759e-8 -0.4490501 0.6784354 0.5814461 0.1076933 -0.8786602 -0.4534312 -0.1495214 7.45058e-9 0 0 0 1 0.2197183 -0.5863745 0.7796725 2.23517e-8 -0.4596641 0.6427011 0.6128985 0.1076933 -0.8604842 -0.4930524 -0.128322 -3.72529e-9 0 0 0 1 0.2489157 -0.5864207 0.7708123 0 -0.4640268 0.6263655 0.6263746 0.1076932 -0.8501295 -0.5135921 -0.1162027 -7.45058e-9 0 0 0 1</float_array>
          <technique_common>
            <accessor source="#walk__Armature_Walk_jaw_upper_pose_matrix-output-array" count="9" stride="16">
              <param name="TRANSFORM" type="float4x4" />
            </accessor>
          </technique_common>
        </source>
        <source id="walk__Armature_Walk_jaw_upper_pose_matrix-interpolation">
          <Name_array id="walk__Armature_Walk_jaw_upper_pose_matrix-interpolation-array" count="9">LINEAR LINEAR LINEAR LINEAR LINEAR LINEAR LINEAR LINEAR LINEAR</Name_array>
          <technique_common>
            <accessor source="#walk__Armature_Walk_jaw_upper_pose_matrix-interpolation-array" count="9" stride="1">
              <param name="INTERPOLATION" type="name" />
            </accessor>
          </technique_common>
        </source>
        <sampler id="walk__Armature_Walk_jaw_upper_pose_matrix-sampler">
          <input semantic="INPUT" source="#walk__Armature_Walk_jaw_upper_pose_matrix-input" />
          <input semantic="OUTPUT" source="#walk__Armature_Walk_jaw_upper_pose_matrix-output" />
          <input semantic="INTERPOLATION" source="#walk__Armature_Walk_jaw_upper_pose_matrix-interpolation" />
        </sampler>
        <channel source="#walk__Armature_Walk_jaw_upper_pose_matrix-sampler" target="Armature_jaw_upper/transform" />
      </animation>
      <animation id="walk__Armature_Walk_jaw_lower_pose_matrix" name="Armature">
        <source id="walk__Armature_Walk_jaw_lower_pose_matrix-input">
          <float_array id="walk__Armature_Walk_jaw_lower_pose_matrix-input-array" count="9">0.04166662 0.25 0.4583333 0.6666667 0.875 1.083333 1.291667 1.5 1.666667</float_array>
          <technique_common>
            <accessor source="#walk__Armature_Walk_jaw_lower_pose_matrix-input-array" count="9" stride="1">
              <param name="TIME" type="float" />
            </accessor>
          </technique_common>
        </source>
        <source id="walk__Armature_Walk_jaw_lower_pose_matrix-output">
          <float_array id="walk__Armature_Walk_jaw_lower_pose_matrix-output-array" count="144">0.7979137 -0.5986946 0.06998882 -0.0303961 0.3714709 0.5798472 0.7251114 0.0883244 -0.4747032 -0.5525775 0.6850656 -0.02667942 0 0 0 1 0.8153225 -0.575525 0.06340444 -0.03001289 0.3679448 0.5995531 0.7107409 0.08889857 -0.4470635 -0.5561538 0.7005906 -0.02717891 0 0 0 1 0.8457677 -0.5308619 0.05350363 -0.02932875 0.3587495 0.6400378 0.6794485 0.09012757 -0.3949377 -0.5554612 0.7317698 -0.02803 0 0 0 1 0.8614714 -0.5044084 0.05864629 -0.02904192 0.3506951 0.6744835 0.6496807 0.09127137 -0.3672603 -0.5391143 0.7579417 -0.02826168 0 0 0 1 0.831625 -0.5383617 0.1362587 -0.03056632 0.3304806 0.6769565 0.6576569 0.09134904 -0.4462985 -0.501893 0.7408919 -0.02674287 0 0 0 1 0.7935491 -0.5741017 0.2017108 -0.03201847 0.311482 0.6679996 0.6758369 0.09099948 -0.5227419 -0.4734804 0.7089127 -0.02542494 0 0 0 1 0.79445 -0.5836494 0.1679361 -0.03159785 0.3279533 0.6450051 0.6902283 0.09030592 -0.511171 -0.4932767 0.703834 -0.02575017 0 0 0 1 0.7971574 -0.594668 0.1044523 -0.03081669 0.3562275 0.6029143 0.7138604 0.08901793 -0.4874856 -0.5318502 0.6924545 -0.02635418 0 0 0 1 0.7978884 -0.5985276 0.07168564 -0.03041675 0.3707214 0.5809866 0.7245829 0.08835849 -0.4753313 -0.5515608 0.6854494 -0.02666343 0 0 0 1</float_array>
          <technique_common>
            <accessor source="#walk__Armature_Walk_jaw_lower_pose_matrix-output-array" count="9" stride="16">
              <param name="TRANSFORM" type="float4x4" />
            </accessor>
          </technique_common>
        </source>
        <source id="walk__Armature_Walk_jaw_lower_pose_matrix-interpolation">
          <Name_array id="walk__Armature_Walk_jaw_lower_pose_matrix-interpolation-array" count="9">LINEAR LINEAR LINEAR LINEAR LINEAR LINEAR LINEAR LINEAR LINEAR</Name_array>
          <technique_common>
            <accessor source="#walk__Armature_Walk_jaw_lower_pose_matrix-interpolation-array" count="9" stride="1">
              <param name="INTERPOLATION" type="name" />
            </accessor>
          </technique_common>
        </source>
        <sampler id="walk__Armature_Walk_jaw_lower_pose_matrix-sampler">
          <input semantic="INPUT" source="#walk__Armature_Walk_jaw_lower_pose_matrix-input" />
          <input semantic="OUTPUT" source="#walk__Armature_Walk_jaw_lower_pose_matrix-output" />
          <input semantic="INTERPOLATION" source="#walk__Armature_Walk_jaw_lower_pose_matrix-interpolation" />
        </sampler>
        <channel source="#walk__Armature_Walk_jaw_lower_pose_matrix-sampler" target="Armature_jaw_lower/transform" />
      </animation>
      <animation id="walk__Armature_Walk_tongue_pose_matrix" name="Armature">
        <source id="walk__Armature_Walk_tongue_pose_matrix-input">
          <float_array id="walk__Armature_Walk_tongue_pose_matrix-input-array" count="9">0.04166662 0.25 0.4583333 0.6666667 0.875 1.083333 1.291667 1.5 1.666667</float_array>
          <technique_common>
            <accessor source="#walk__Armature_Walk_tongue_pose_matrix-input-array" count="9" stride="1">
              <param name="TIME" type="float" />
            </accessor>
          </technique_common>
        </source>
        <source id="walk__Armature_Walk_tongue_pose_matrix-output">
          <float_array id="walk__Armature_Walk_tongue_pose_matrix-output-array" count="144">0.7883343 -0.6070161 -0.1003008 -0.01200674 0.5314001 0.5896289 0.6082364 0.08162263 -0.3100692 -0.5327934 0.7873932 -0.001832645 0 0 0 1 0.8051146 -0.5825886 -0.1112688 -0.01238851 0.5234375 0.6096879 0.5952257 0.08141921 -0.2789325 -0.5374672 0.7958176 -0.002077844 0 0 0 1 0.8337984 -0.5368027 -0.12893 -0.01309754 0.5061852 0.6501429 0.5666484 0.08104143 -0.2203555 -0.537733 0.8138099 -0.002533197 0 0 0 1 0.8483344 -0.5137718 -0.1279331 -0.01347934 0.4946776 0.682983 0.5374274 0.08083802 -0.1887389 -0.5192039 0.8335495 -0.002778389 0 0 0 1 0.8405795 -0.5398531 -0.04455081 -0.01315216 0.4720994 0.6897839 0.5489265 0.08090825 -0.2656094 -0.4824487 0.8346826 -0.002721498 0 0 0 1 0.8143122 -0.5797334 0.02836663 -0.0125632 0.4624163 0.6775118 0.5719692 0.08108824 -0.3508085 -0.4526444 0.8197845 -0.002540283 0 0 0 1 0.7975561 -0.6032234 -0.005031168 -0.01218623 0.4923358 0.6460806 0.583254 0.08132435 -0.348582 -0.4676548 0.8122742 -0.002246309 0 0 0 1 0.7904629 -0.6088291 -0.06704977 -0.01203465 0.5193714 0.6082089 0.6002793 0.08153287 -0.3246872 -0.5093222 0.7969749 -0.001960866 0 0 0 1 0.7884148 -0.6071787 -0.09867141 -0.01200728 0.5308448 0.5905136 0.6078628 0.08161852 -0.3108147 -0.5316273 0.7878875 -0.001838561 0 0 0 1</float_array>
          <technique_common>
            <accessor source="#walk__Armature_Walk_tongue_pose_matrix-output-array" count="9" stride="16">
              <param name="TRANSFORM" type="float4x4" />
            </accessor>
          </technique_common>
        </source>
        <source id="walk__Armature_Walk_tongue_pose_matrix-interpolation">
          <Name_array id="walk__Armature_Walk_tongue_pose_matrix-interpolation-array" count="9">LINEAR LINEAR LINEAR LINEAR LINEAR LINEAR LINEAR LINEAR LINEAR</Name_array>
          <technique_common>
            <accessor source="#walk__Armature_Walk_tongue_pose_matrix-interpolation-array" count="9" stride="1">
              <param name="INTERPOLATION" type="name" />
            </accessor>
          </technique_common>
        </source>
        <sampler id="walk__Armature_Walk_tongue_pose_matrix-sampler">
          <input semantic="INPUT" source="#walk__Armature_Walk_tongue_pose_matrix-input" />
          <input semantic="OUTPUT" source="#walk__Armature_Walk_tongue_pose_matrix-output" />
          <input semantic="INTERPOLATION" source="#walk__Armature_Walk_tongue_pose_matrix-interpolation" />
        </sampler>
        <channel source="#walk__Armature_Walk_tongue_pose_matrix-sampler" target="Armature_tongue/transform" />
      </animation>
      <animation id="walk__Armature_Walk_leg_front_shoulder_L_pose_matrix" name="Armature">
        <source id="walk__Armature_Walk_leg_front_shoulder_L_pose_matrix-input">
          <float_array id="walk__Armature_Walk_leg_front_shoulder_L_pose_matrix-input-array" count="9">0.04166662 0.25 0.4583333 0.6666667 0.875 1.083333 1.291667 1.5 1.666667</float_array>
          <technique_common>
            <accessor source="#walk__Armature_Walk_leg_front_shoulder_L_pose_matrix-input-array" count="9" stride="1">
              <param name="TIME" type="float" />
            </accessor>
          </technique_common>
        </source>
        <source id="walk__Armature_Walk_leg_front_shoulder_L_pose_matrix-output">
          <float_array id="walk__Armature_Walk_leg_front_shoulder_L_pose_matrix-output-array" count="144">-0.3231765 0.8847873 -0.3357203 1.86265e-9 -0.9463241 -0.3041116 0.1094836 0.1054889 -0.005226731 0.3530828 0.9355774 3.72529e-9 0 0 0 1 -0.250459 0.9344027 -0.2533011 9.31323e-10 -0.9674424 -0.2317255 0.1017756 0.1054889 0.03640309 0.2705449 0.9620187 3.72529e-9 0 0 0 1 -0.07550822 0.994958 -0.06600545 1.86265e-9 -0.9918327 -0.06811765 0.1078319 0.1054889 0.1027921 0.07360859 0.9919754 3.72529e-9 0 0 0 1 0.0991716 0.9891257 0.1086053 9.31323e-10 -0.9864073 0.08335037 0.1416085 0.1054889 0.1310164 -0.1211727 0.9839469 3.72529e-9 0 0 0 1 0.1528882 0.9751998 0.1600324 9.31323e-10 -0.9792894 0.1277536 0.1570701 0.1054889 0.13273 -0.1807322 0.974535 0 0 0 0 1 0.0568306 0.9961112 0.06732289 -9.31323e-10 -0.9902252 0.04763474 0.1310907 0.1054889 0.1273742 -0.07411481 0.9890817 3.72529e-9 0 0 0 1 -0.1127097 0.9880954 -0.1047075 0 -0.9893476 -0.1018289 0.1040287 0.1054889 0.09212804 0.1153172 0.9890471 0 0 0 0 1 -0.2629062 0.9270869 -0.2671889 0 -0.9643562 -0.243905 0.1026027 0.1054889 0.02995294 0.2846403 0.9581662 0 0 0 0 1 -0.3205108 0.8869175 -0.3326407 9.31323e-10 -0.9472381 -0.3014022 0.1090707 0.1054889 -0.00352183 0.3500484 0.9367249 0 0 0 0 1</float_array>
          <technique_common>
            <accessor source="#walk__Armature_Walk_leg_front_shoulder_L_pose_matrix-output-array" count="9" stride="16">
              <param name="TRANSFORM" type="float4x4" />
            </accessor>
          </technique_common>
        </source>
        <source id="walk__Armature_Walk_leg_front_shoulder_L_pose_matrix-interpolation">
          <Name_array id="walk__Armature_Walk_leg_front_shoulder_L_pose_matrix-interpolation-array" count="9">LINEAR LINEAR LINEAR LINEAR LINEAR LINEAR LINEAR LINEAR LINEAR</Name_array>
          <technique_common>
            <accessor source="#walk__Armature_Walk_leg_front_shoulder_L_pose_matrix-interpolation-array" count="9" stride="1">
              <param name="INTERPOLATION" type="name" />
            </accessor>
          </technique_common>
        </source>
        <sampler id="walk__Armature_Walk_leg_front_shoulder_L_pose_matrix-sampler">
          <input semantic="INPUT" source="#walk__Armature_Walk_leg_front_shoulder_L_pose_matrix-input" />
          <input semantic="OUTPUT" source="#walk__Armature_Walk_leg_front_shoulder_L_pose_matrix-output" />
          <input semantic="INTERPOLATION" source="#walk__Armature_Walk_leg_front_shoulder_L_pose_matrix-interpolation" />
        </sampler>
        <channel source="#walk__Armature_Walk_leg_front_shoulder_L_pose_matrix-sampler" target="Armature_leg_front_shoulder_L/transform" />
      </animation>
      <animation id="walk__Armature_Walk_leg_front_upper_L_pose_matrix" name="Armature">
        <source id="walk__Armature_Walk_leg_front_upper_L_pose_matrix-input">
          <float_array id="walk__Armature_Walk_leg_front_upper_L_pose_matrix-input-array" count="9">0.04166662 0.25 0.4583333 0.6666667 0.875 1.083333 1.291667 1.5 1.666667</float_array>
          <technique_common>
            <accessor source="#walk__Armature_Walk_leg_front_upper_L_pose_matrix-input-array" count="9" stride="1">
              <param name="TIME" type="float" />
            </accessor>
          </technique_common>
        </source>
        <source id="walk__Armature_Walk_leg_front_upper_L_pose_matrix-output">
          <float_array id="walk__Armature_Walk_leg_front_upper_L_pose_matrix-output-array" count="144">0.4033144 0.8672727 -0.2918484 3.72529e-9 0.2628416 0.1957004 0.9447834 0.1358971 0.8764998 -0.4577546 -0.1490266 1.11759e-8 0 0 0 1 0.5076531 0.8178377 -0.270979 0 0.2321629 0.1730328 0.9571624 0.1358971 0.8296919 -0.5488179 -0.1020309 0 0 0 0 1 0.6576375 0.7337791 -0.1705314 0 0.08401276 0.15352 0.9845676 0.1358971 0.7486352 -0.6618154 0.03931361 7.45058e-9 0 0 0 1 0.7642079 0.6439199 -0.03679007 -7.45058e-9 -0.1056472 0.1812457 0.9777467 0.1358971 0.6362586 -0.743315 0.2065377 3.72529e-9 0 0 0 1 0.8850623 0.4650763 0.01920232 3.72529e-9 -0.1383638 0.223476 0.9648389 0.1358971 0.4444324 -0.8565994 0.2621399 1.11759e-8 0 0 0 1 0.9817257 0.1842138 -0.04774554 3.72529e-9 0.005455971 0.2235458 0.974678 0.1358971 0.1902227 -0.9571272 0.2184556 7.45058e-9 0 0 0 1 0.9639022 0.1746516 -0.2009703 -7.45058e-9 0.1696978 0.1786514 0.9691678 0.1358971 0.2051703 -0.9682873 0.1425645 0 0 0 0 1 0.6958367 0.6498817 -0.3057203 -1.11759e-8 0.2509073 0.1788835 0.9513392 0.1358971 0.6729462 -0.7386842 -0.03858636 7.45058e-9 0 0 0 1 0.4196151 0.8588483 -0.2937732 1.11759e-8 0.2628105 0.1948285 0.9449723 0.1358971 0.8688233 -0.4737314 -0.1439614 1.49012e-8 0 0 0 1</float_array>
          <technique_common>
            <accessor source="#walk__Armature_Walk_leg_front_upper_L_pose_matrix-output-array" count="9" stride="16">
              <param name="TRANSFORM" type="float4x4" />
            </accessor>
          </technique_common>
        </source>
        <source id="walk__Armature_Walk_leg_front_upper_L_pose_matrix-interpolation">
          <Name_array id="walk__Armature_Walk_leg_front_upper_L_pose_matrix-interpolation-array" count="9">LINEAR LINEAR LINEAR LINEAR LINEAR LINEAR LINEAR LINEAR LINEAR</Name_array>
          <technique_common>
            <accessor source="#walk__Armature_Walk_leg_front_upper_L_pose_matrix-interpolation-array" count="9" stride="1">
              <param name="INTERPOLATION" type="name" />
            </accessor>
          </technique_common>
        </source>
        <sampler id="walk__Armature_Walk_leg_front_upper_L_pose_matrix-sampler">
          <input semantic="INPUT" source="#walk__Armature_Walk_leg_front_upper_L_pose_matrix-input" />
          <input semantic="OUTPUT" source="#walk__Armature_Walk_leg_front_upper_L_pose_matrix-output" />
          <input semantic="INTERPOLATION" source="#walk__Armature_Walk_leg_front_upper_L_pose_matrix-interpolation" />
        </sampler>
        <channel source="#walk__Armature_Walk_leg_front_upper_L_pose_matrix-sampler" target="Armature_leg_front_upper_L/transform" />
      </animation>
      <animation id="walk__Armature_Walk_leg_front_lower_L_pose_matrix" name="Armature">
        <source id="walk__Armature_Walk_leg_front_lower_L_pose_matrix-input">
          <float_array id="walk__Armature_Walk_leg_front_lower_L_pose_matrix-input-array" count="9">0.04166662 0.25 0.4583333 0.6666667 0.875 1.083333 1.291667 1.5 1.666667</float_array>
          <technique_common>
            <accessor source="#walk__Armature_Walk_leg_front_lower_L_pose_matrix-input-array" count="9" stride="1">
              <param name="TIME" type="float" />
            </accessor>
          </technique_common>
        </source>
        <source id="walk__Armature_Walk_leg_front_lower_L_pose_matrix-output">
          <float_array id="walk__Armature_Walk_leg_front_lower_L_pose_matrix-output-array" count="144">-0.9629523 0.2692957 -0.01423942 1.49012e-8 0.2696503 0.9621997 -0.03821701 0.1167948 0.003409515 -0.04064083 -0.999168 1.49012e-8 0 0 0 1 -0.9791924 0.200531 -0.03114047 -7.45058e-9 0.201568 0.9788572 -0.03477069 0.1167948 0.02350947 -0.04032413 -0.99891 -1.49012e-8 0 0 0 1 -0.9511969 0.3046546 -0.04909211 0 0.3062012 0.951564 -0.02769046 0.1167948 0.03827829 -0.0413712 -0.9984103 0 0 0 0 1 -0.841418 0.5360482 -0.06832471 3.72529e-9 0.5386633 0.842091 -0.02692477 0.1167948 0.04310265 -0.05945902 -0.9972999 1.49012e-8 0 0 0 1 -0.6230381 0.7775918 -0.08470295 -5.58794e-9 0.7812828 0.6238734 -0.01947954 0.1167948 0.03769679 -0.07831347 -0.9962159 0 0 0 0 1 -0.4085534 0.9095306 -0.07640865 5.58794e-9 0.9127242 0.4075126 -0.02946578 0.1167948 0.004337465 -0.08177842 -0.9966413 0 0 0 0 1 -0.3641101 0.9295034 -0.05871429 5.58794e-9 0.9311259 0.361895 -0.0451321 0.1167948 -0.02070206 -0.07110345 -0.9972541 1.49012e-8 0 0 0 1 -0.5848767 0.8106782 -0.02682945 -7.45058e-9 0.8109245 0.5836841 -0.04140371 0.1167948 -0.01790515 -0.04597272 -0.9987823 0 0 0 0 1 -0.926771 0.375298 -0.01572183 0 0.3756247 0.9261068 -0.03510462 0.1167948 0.001385407 -0.03843947 -0.9992601 0 0 0 0 1</float_array>
          <technique_common>
            <accessor source="#walk__Armature_Walk_leg_front_lower_L_pose_matrix-output-array" count="9" stride="16">
              <param name="TRANSFORM" type="float4x4" />
            </accessor>
          </technique_common>
        </source>
        <source id="walk__Armature_Walk_leg_front_lower_L_pose_matrix-interpolation">
          <Name_array id="walk__Armature_Walk_leg_front_lower_L_pose_matrix-interpolation-array" count="9">LINEAR LINEAR LINEAR LINEAR LINEAR LINEAR LINEAR LINEAR LINEAR</Name_array>
          <technique_common>
            <accessor source="#walk__Armature_Walk_leg_front_lower_L_pose_matrix-interpolation-array" count="9" stride="1">
              <param name="INTERPOLATION" type="name" />
            </accessor>
          </technique_common>
        </source>
        <sampler id="walk__Armature_Walk_leg_front_lower_L_pose_matrix-sampler">
          <input semantic="INPUT" source="#walk__Armature_Walk_leg_front_lower_L_pose_matrix-input" />
          <input semantic="OUTPUT" source="#walk__Armature_Walk_leg_front_lower_L_pose_matrix-output" />
          <input semantic="INTERPOLATION" source="#walk__Armature_Walk_leg_front_lower_L_pose_matrix-interpolation" />
        </sampler>
        <channel source="#walk__Armature_Walk_leg_front_lower_L_pose_matrix-sampler" target="Armature_leg_front_lower_L/transform" />
      </animation>
      <animation id="walk__Armature_Walk_leg_front_foot_L_pose_matrix" name="Armature">
        <source id="walk__Armature_Walk_leg_front_foot_L_pose_matrix-input">
          <float_array id="walk__Armature_Walk_leg_front_foot_L_pose_matrix-input-array" count="9">0.04166662 0.25 0.4583333 0.6666667 0.875 1.083333 1.291667 1.5 1.666667</float_array>
          <technique_common>
            <accessor source="#walk__Armature_Walk_leg_front_foot_L_pose_matrix-input-array" count="9" stride="1">
              <param name="TIME" type="float" />
            </accessor>
          </technique_common>
        </source>
        <source id="walk__Armature_Walk_leg_front_foot_L_pose_matrix-output">
          <float_array id="walk__Armature_Walk_leg_front_foot_L_pose_matrix-output-array" count="144">0.1593411 -0.6976106 -0.698534 -2.98023e-8 0.1278184 0.7161967 -0.6860937 0.1562065 0.9789141 0.02003738 0.203287 -2.23517e-8 0 0 0 1 0.1322944 -0.864816 -0.4843465 1.49012e-8 0.1628914 0.5009665 -0.8499995 0.1562064 0.9777345 0.03355421 0.207146 1.49012e-8 0 0 0 1 0.1253165 -0.8686401 -0.4793328 -1.49012e-8 0.1665013 0.4947027 -0.8529633 0.1562064 0.9780456 0.02708074 0.2066241 -1.49012e-8 0 0 0 1 0.1302961 -0.8382557 -0.5294808 -1.49012e-8 0.1546463 0.5446796 -0.8242624 0.1562064 0.9793402 0.02551588 0.2006028 0 0 0 0 1 0.1349275 -0.8127643 -0.5667523 -1.49012e-8 0.1472263 0.5820785 -0.799693 0.1562065 0.9798564 0.02445966 0.1981988 -1.49012e-8 0 0 0 1 0.1571396 -0.7393572 -0.6547198 -1.49012e-8 0.13572 0.6728334 -0.7272382 0.1562065 0.9782062 0.02541927 0.2060743 0 0 0 0 1 0.2254404 -0.3127759 -0.9226849 2.23517e-8 0.04262277 0.949325 -0.3113926 0.1562065 0.973324 0.03087303 0.2273476 -1.49012e-8 0 0 0 1 0.2254405 -0.3127759 -0.9226851 -1.49012e-8 0.0426228 0.949325 -0.3113926 0.1562065 0.9733242 0.03087304 0.2273476 -1.49012e-8 0 0 0 1 0.165358 -0.6103195 -0.7747043 1.49012e-8 0.1181931 0.7921203 -0.5988121 0.1562065 0.9791257 0.00745356 0.203119 7.45058e-9 0 0 0 1</float_array>
          <technique_common>
            <accessor source="#walk__Armature_Walk_leg_front_foot_L_pose_matrix-output-array" count="9" stride="16">
              <param name="TRANSFORM" type="float4x4" />
            </accessor>
          </technique_common>
        </source>
        <source id="walk__Armature_Walk_leg_front_foot_L_pose_matrix-interpolation">
          <Name_array id="walk__Armature_Walk_leg_front_foot_L_pose_matrix-interpolation-array" count="9">LINEAR LINEAR LINEAR LINEAR LINEAR LINEAR LINEAR LINEAR LINEAR</Name_array>
          <technique_common>
            <accessor source="#walk__Armature_Walk_leg_front_foot_L_pose_matrix-interpolation-array" count="9" stride="1">
              <param name="INTERPOLATION" type="name" />
            </accessor>
          </technique_common>
        </source>
        <sampler id="walk__Armature_Walk_leg_front_foot_L_pose_matrix-sampler">
          <input semantic="INPUT" source="#walk__Armature_Walk_leg_front_foot_L_pose_matrix-input" />
          <input semantic="OUTPUT" source="#walk__Armature_Walk_leg_front_foot_L_pose_matrix-output" />
          <input semantic="INTERPOLATION" source="#walk__Armature_Walk_leg_front_foot_L_pose_matrix-interpolation" />
        </sampler>
        <channel source="#walk__Armature_Walk_leg_front_foot_L_pose_matrix-sampler" target="Armature_leg_front_foot_L/transform" />
      </animation>
      <animation id="walk__Armature_Walk_wing_lower_L_pose_matrix" name="Armature">
        <source id="walk__Armature_Walk_wing_lower_L_pose_matrix-input">
          <float_array id="walk__Armature_Walk_wing_lower_L_pose_matrix-input-array" count="9">0.04166662 0.25 0.4583333 0.6666667 0.875 1.083333 1.291667 1.5 1.666667</float_array>
          <technique_common>
            <accessor source="#walk__Armature_Walk_wing_lower_L_pose_matrix-input-array" count="9" stride="1">
              <param name="TIME" type="float" />
            </accessor>
          </technique_common>
        </source>
        <source id="walk__Armature_Walk_wing_lower_L_pose_matrix-output">
          <float_array id="walk__Armature_Walk_wing_lower_L_pose_matrix-output-array" count="144">-0.1324141 0.4399495 -0.8882065 1.86265e-9 -0.1698495 0.8727714 0.4576254 0.1054889 0.9765335 0.2114576 -0.040842 3.72529e-9 0 0 0 1 -0.1056467 0.4865449 -0.8672442 9.31323e-10 -0.1736107 0.8497058 0.4978546 0.1054889 0.9791313 0.2031597 -0.005299211 3.72529e-9 0 0 0 1 -0.1066813 0.4992259 -0.8598793 1.86265e-9 -0.1708811 0.8427414 0.5104765 0.1054889 0.9794993 0.2013955 -0.004596502 3.72529e-9 0 0 0 1 -0.2266541 0.4182163 -0.8796151 9.31323e-10 -0.1346705 0.8809869 0.4535698 0.1054889 0.96462 0.2212618 -0.1433579 3.72529e-9 0 0 0 1 -0.3925555 0.29773 -0.870205 9.31323e-10 -0.09859309 0.92708 0.3616652 0.1054889 0.9144285 0.2277699 -0.3345764 0 0 0 0 1 -0.5045667 0.2104197 -0.8373385 -9.31323e-10 -0.08416399 0.9532391 0.290261 0.1054889 0.8592607 0.2169299 -0.463263 3.72529e-9 0 0 0 1 -0.4679186 0.2333465 -0.8524091 0 -0.09010851 0.9468898 0.3086745 0.1054889 0.8791659 0.2212439 -0.4220409 0 0 0 0 1 -0.2627853 0.3631589 -0.8939012 0 -0.1327748 0.9040372 0.4063095 0.1054889 0.955675 0.2254598 -0.1893494 0 0 0 0 1 -0.1390344 0.4361519 -0.8890674 9.31323e-10 -0.1677894 0.8744309 0.455211 0.1054889 0.9759693 0.2124661 -0.04839432 0 0 0 0 1</float_array>
          <technique_common>
            <accessor source="#walk__Armature_Walk_wing_lower_L_pose_matrix-output-array" count="9" stride="16">
              <param name="TRANSFORM" type="float4x4" />
            </accessor>
          </technique_common>
        </source>
        <source id="walk__Armature_Walk_wing_lower_L_pose_matrix-interpolation">
          <Name_array id="walk__Armature_Walk_wing_lower_L_pose_matrix-interpolation-array" count="9">LINEAR LINEAR LINEAR LINEAR LINEAR LINEAR LINEAR LINEAR LINEAR</Name_array>
          <technique_common>
            <accessor source="#walk__Armature_Walk_wing_lower_L_pose_matrix-interpolation-array" count="9" stride="1">
              <param name="INTERPOLATION" type="name" />
            </accessor>
          </technique_common>
        </source>
        <sampler id="walk__Armature_Walk_wing_lower_L_pose_matrix-sampler">
          <input semantic="INPUT" source="#walk__Armature_Walk_wing_lower_L_pose_matrix-input" />
          <input semantic="OUTPUT" source="#walk__Armature_Walk_wing_lower_L_pose_matrix-output" />
          <input semantic="INTERPOLATION" source="#walk__Armature_Walk_wing_lower_L_pose_matrix-interpolation" />
        </sampler>
        <channel source="#walk__Armature_Walk_wing_lower_L_pose_matrix-sampler" target="Armature_wing_lower_L/transform" />
      </animation>
      <animation id="walk__Armature_Walk_wing_upper_L_pose_matrix" name="Armature">
        <source id="walk__Armature_Walk_wing_upper_L_pose_matrix-input">
          <float_array id="walk__Armature_Walk_wing_upper_L_pose_matrix-input-array" count="9">0.04166662 0.25 0.4583333 0.6666667 0.875 1.083333 1.291667 1.5 1.666667</float_array>
          <technique_common>
            <accessor source="#walk__Armature_Walk_wing_upper_L_pose_matrix-input-array" count="9" stride="1">
              <param name="TIME" type="float" />
            </accessor>
          </technique_common>
        </source>
        <source id="walk__Armature_Walk_wing_upper_L_pose_matrix-output">
          <float_array id="walk__Armature_Walk_wing_upper_L_pose_matrix-output-array" count="144">-0.368681 -0.8609096 0.3505836 0 0.1759761 0.3056902 0.9357277 0.2469093 -0.912747 0.4066793 0.03879741 7.45058e-9 0 0 0 1 -0.2718353 -0.9511848 0.1461274 3.72529e-9 0.08630341 0.1271378 0.9881234 0.2469093 -0.9584662 0.2812181 0.04753011 7.45058e-9 0 0 0 1 -0.2215041 -0.973725 0.05287462 3.72529e-9 0.05289906 0.04214348 0.9977103 0.2469093 -0.9737236 0.2237939 0.04217419 0 0 0 0 1 -0.2410405 -0.9662567 0.09081617 -7.45058e-9 0.06444415 0.07743344 0.9949127 0.2469093 -0.9683732 0.2456668 0.04360506 7.45058e-9 0 0 0 1 -0.2734788 -0.9492846 0.1551397 3.72529e-9 0.08626854 0.1364319 0.9868862 0.2469093 -0.9580017 0.2832761 0.04458217 7.45058e-9 0 0 0 1 -0.3091661 -0.9233083 0.2278558 0 0.1147082 0.2016401 0.9727197 0.2469093 -0.9440649 0.3268688 0.04357073 3.72529e-9 0 0 0 1 -0.3400187 -0.8941026 0.2914924 0 0.1439739 0.2568147 0.9556767 0.2469093 -0.9293326 0.3669153 0.04140558 -3.72529e-9 0 0 0 1 -0.3609464 -0.8704649 0.3346768 -3.72529e-9 0.1668267 0.2928135 0.9415037 0.2469092 -0.9175439 0.3956653 0.03952676 -7.45058e-9 0 0 0 1 -0.3683498 -0.8613259 0.3499089 0 0.1755755 0.3051507 0.935979 0.2469093 -0.9129579 0.406203 0.03882548 0 0 0 0 1</float_array>
          <technique_common>
            <accessor source="#walk__Armature_Walk_wing_upper_L_pose_matrix-output-array" count="9" stride="16">
              <param name="TRANSFORM" type="float4x4" />
            </accessor>
          </technique_common>
        </source>
        <source id="walk__Armature_Walk_wing_upper_L_pose_matrix-interpolation">
          <Name_array id="walk__Armature_Walk_wing_upper_L_pose_matrix-interpolation-array" count="9">LINEAR LINEAR LINEAR LINEAR LINEAR LINEAR LINEAR LINEAR LINEAR</Name_array>
          <technique_common>
            <accessor source="#walk__Armature_Walk_wing_upper_L_pose_matrix-interpolation-array" count="9" stride="1">
              <param name="INTERPOLATION" type="name" />
            </accessor>
          </technique_common>
        </source>
        <sampler id="walk__Armature_Walk_wing_upper_L_pose_matrix-sampler">
          <input semantic="INPUT" source="#walk__Armature_Walk_wing_upper_L_pose_matrix-input" />
          <input semantic="OUTPUT" source="#walk__Armature_Walk_wing_upper_L_pose_matrix-output" />
          <input semantic="INTERPOLATION" source="#walk__Armature_Walk_wing_upper_L_pose_matrix-interpolation" />
        </sampler>
        <channel source="#walk__Armature_Walk_wing_upper_L_pose_matrix-sampler" target="Armature_wing_upper_L/transform" />
      </animation>
      <animation id="walk__Armature_Walk_leg_front_shoulder_R_pose_matrix" name="Armature">
        <source id="walk__Armature_Walk_leg_front_shoulder_R_pose_matrix-input">
          <float_array id="walk__Armature_Walk_leg_front_shoulder_R_pose_matrix-input-array" count="9">0.04166662 0.25 0.4583333 0.6666667 0.875 1.083333 1.291667 1.5 1.666667</float_array>
          <technique_common>
            <accessor source="#walk__Armature_Walk_leg_front_shoulder_R_pose_matrix-input-array" count="9" stride="1">
              <param name="TIME" type="float" />
            </accessor>
          </technique_common>
        </source>
        <source id="walk__Armature_Walk_leg_front_shoulder_R_pose_matrix-output">
          <float_array id="walk__Armature_Walk_leg_front_shoulder_R_pose_matrix-output-array" count="144">0.1953332 -0.8270001 -0.5271771 1.86265e-9 0.9787759 0.1304098 0.1580845 0.1054889 -0.06198677 -0.5468675 0.8349214 3.72529e-9 0 0 0 1 0.1147807 -0.8822931 -0.4564915 9.31323e-10 0.9891692 0.05919114 0.1343149 0.1054889 -0.09148487 -0.4669642 0.8795312 3.72529e-9 0 0 0 1 -0.07021095 -0.956181 -0.2842328 1.86265e-9 0.9891891 -0.1035123 0.1038747 0.1054889 -0.1287446 -0.2738669 0.9531118 3.72529e-9 0 0 0 1 -0.2449864 -0.9632929 -0.1097651 9.31323e-10 0.9610465 -0.2562234 0.10363 0.1054889 -0.1279504 -0.08010137 0.9885406 3.72529e-9 0 0 0 1 -0.2969151 -0.9532803 -0.05566061 9.31323e-10 0.9472382 -0.3014017 0.1090722 0.1054889 -0.1207526 -0.02033868 0.9924743 0 0 0 0 1 -0.2034568 -0.967172 -0.1522627 -9.31323e-10 0.9702351 -0.2200261 0.1011555 0.1054889 -0.1313364 -0.1271498 0.98315 3.72529e-9 0 0 0 1 -0.03177512 -0.9465168 -0.3210864 0 0.9917396 -0.06979863 0.1076126 0.1054889 -0.1242685 -0.3150148 0.9409161 0 0 0 0 1 0.1283928 -0.8740119 -0.4686348 0 0.9878902 0.07120892 0.1378484 0.1054889 -0.08711007 -0.4806586 0.8725705 0 0 0 0 1 0.1923336 -0.8293403 -0.5245975 9.31323e-10 0.9792893 0.1277533 0.1570716 0.1054889 -0.06324661 -0.5439429 0.8367354 0 0 0 0 1</float_array>
          <technique_common>
            <accessor source="#walk__Armature_Walk_leg_front_shoulder_R_pose_matrix-output-array" count="9" stride="16">
              <param name="TRANSFORM" type="float4x4" />
            </accessor>
          </technique_common>
        </source>
        <source id="walk__Armature_Walk_leg_front_shoulder_R_pose_matrix-interpolation">
          <Name_array id="walk__Armature_Walk_leg_front_shoulder_R_pose_matrix-interpolation-array" count="9">LINEAR LINEAR LINEAR LINEAR LINEAR LINEAR LINEAR LINEAR LINEAR</Name_array>
          <technique_common>
            <accessor source="#walk__Armature_Walk_leg_front_shoulder_R_pose_matrix-interpolation-array" count="9" stride="1">
              <param name="INTERPOLATION" type="name" />
            </accessor>
          </technique_common>
        </source>
        <sampler id="walk__Armature_Walk_leg_front_shoulder_R_pose_matrix-sampler">
          <input semantic="INPUT" source="#walk__Armature_Walk_leg_front_shoulder_R_pose_matrix-input" />
          <input semantic="OUTPUT" source="#walk__Armature_Walk_leg_front_shoulder_R_pose_matrix-output" />
          <input semantic="INTERPOLATION" source="#walk__Armature_Walk_leg_front_shoulder_R_pose_matrix-interpolation" />
        </sampler>
        <channel source="#walk__Armature_Walk_leg_front_shoulder_R_pose_matrix-sampler" target="Armature_leg_front_shoulder_R/transform" />
      </animation>
      <animation id="walk__Armature_Walk_leg_front_upper_R_pose_matrix" name="Armature">
        <source id="walk__Armature_Walk_leg_front_upper_R_pose_matrix-input">
          <float_array id="walk__Armature_Walk_leg_front_upper_R_pose_matrix-input-array" count="9">0.04166662 0.25 0.4583333 0.6666667 0.875 1.083333 1.291667 1.5 1.666667</float_array>
          <technique_common>
            <accessor source="#walk__Armature_Walk_leg_front_upper_R_pose_matrix-input-array" count="9" stride="1">
              <param name="TIME" type="float" />
            </accessor>
          </technique_common>
        </source>
        <source id="walk__Armature_Walk_leg_front_upper_R_pose_matrix-output">
          <float_array id="walk__Armature_Walk_leg_front_upper_R_pose_matrix-output-array" count="144">0.857662 -0.5138577 -0.01912918 0 0.1513763 0.2167549 0.9644181 0.1358971 -0.4914274 -0.8300406 0.2636883 -7.45058e-9 0 0 0 1 0.9793855 -0.1917827 0.06343144 3.72529e-9 -0.02036255 0.2186843 0.9755833 0.1358971 -0.2009714 -0.9567635 0.2102711 0 0 0 0 1 0.9374021 -0.2507707 0.2416428 0 -0.2022688 0.1727818 0.9639677 0.1358971 -0.2834862 -0.9525023 0.1112429 0 0 0 0 1 0.6083899 -0.7290071 0.3137038 0 -0.2622485 0.1884058 0.9464296 0.1358971 -0.7490575 -0.6580667 -0.0765569 7.45058e-9 0 0 0 1 0.4074565 -0.8659909 0.2898943 0 -0.2622906 0.1930913 0.9454731 0.1358971 -0.8747472 -0.4612759 -0.1484651 0 0 0 0 1 0.5075549 -0.8192174 0.2669658 -3.72529e-9 -0.2275613 0.1713875 0.9585624 0.1358971 -0.8310257 -0.5472742 -0.09943365 0 0 0 0 1 0.6808507 -0.7099447 0.1800575 0 -0.09950849 0.1538959 0.9830636 0.1358971 -0.7256308 -0.687237 0.03413461 -3.72529e-9 0 0 0 1 0.8149749 -0.5772613 0.05084699 -7.45058e-9 0.07127587 0.1869294 0.9797843 0.1358971 -0.5750964 -0.7948753 0.1934875 3.72529e-9 0 0 0 1 0.855966 -0.5167924 -0.01574241 3.72529e-9 0.1476551 0.2151555 0.9653527 0.1358971 -0.4955 -0.8286335 0.2604729 0 0 0 0 1</float_array>
          <technique_common>
            <accessor source="#walk__Armature_Walk_leg_front_upper_R_pose_matrix-output-array" count="9" stride="16">
              <param name="TRANSFORM" type="float4x4" />
            </accessor>
          </technique_common>
        </source>
        <source id="walk__Armature_Walk_leg_front_upper_R_pose_matrix-interpolation">
          <Name_array id="walk__Armature_Walk_leg_front_upper_R_pose_matrix-interpolation-array" count="9">LINEAR LINEAR LINEAR LINEAR LINEAR LINEAR LINEAR LINEAR LINEAR</Name_array>
          <technique_common>
            <accessor source="#walk__Armature_Walk_leg_front_upper_R_pose_matrix-interpolation-array" count="9" stride="1">
              <param name="INTERPOLATION" type="name" />
            </accessor>
          </technique_common>
        </source>
        <sampler id="walk__Armature_Walk_leg_front_upper_R_pose_matrix-sampler">
          <input semantic="INPUT" source="#walk__Armature_Walk_leg_front_upper_R_pose_matrix-input" />
          <input semantic="OUTPUT" source="#walk__Armature_Walk_leg_front_upper_R_pose_matrix-output" />
          <input semantic="INTERPOLATION" source="#walk__Armature_Walk_leg_front_upper_R_pose_matrix-interpolation" />
        </sampler>
        <channel source="#walk__Armature_Walk_leg_front_upper_R_pose_matrix-sampler" target="Armature_leg_front_upper_R/transform" />
      </animation>
      <animation id="walk__Armature_Walk_leg_front_lower_R_pose_matrix" name="Armature">
        <source id="walk__Armature_Walk_leg_front_lower_R_pose_matrix-input">
          <float_array id="walk__Armature_Walk_leg_front_lower_R_pose_matrix-input-array" count="9">0.04166662 0.25 0.4583333 0.6666667 0.875 1.083333 1.291667 1.5 1.666667</float_array>
          <technique_common>
            <accessor source="#walk__Armature_Walk_leg_front_lower_R_pose_matrix-input-array" count="9" stride="1">
              <param name="TIME" type="float" />
            </accessor>
          </technique_common>
        </source>
        <source id="walk__Armature_Walk_leg_front_lower_R_pose_matrix-output">
          <float_array id="walk__Armature_Walk_leg_front_lower_R_pose_matrix-output-array" count="144">-0.6711082 -0.736728 0.08273748 1.86265e-9 -0.7402725 0.6719788 -0.02100013 0.1167948 -0.04012642 -0.07534167 -0.9963502 0 0 0 0 1 -0.4258209 -0.9018967 0.07251696 -9.31323e-9 -0.9048072 0.4244946 -0.03358575 0.1167948 -4.92174e-4 -0.07991543 -0.9968015 0 0 0 0 1 -0.3769518 -0.9246807 0.05359903 7.45058e-9 -0.9259908 0.374899 -0.04462742 0.1167948 0.02117191 -0.06645465 -0.9975649 1.49012e-8 0 0 0 1 -0.6943331 -0.7193904 0.01947116 -7.45058e-9 -0.7194616 0.6932679 -0.04188849 0.1167948 0.01663544 -0.04309334 -0.9989326 -1.49012e-8 0 0 0 1 -0.9641297 -0.2647036 0.01963994 1.49012e-8 -0.2652658 0.9634994 -0.0360937 0.1167948 -0.009368978 -0.04000884 -0.9991555 1.49012e-8 0 0 0 1 -0.9662332 -0.2550623 0.03656228 7.45058e-9 -0.2561704 0.9661759 -0.02968213 0.1167948 -0.02775485 -0.03804605 -0.9988906 0 0 0 0 1 -0.9434971 -0.3277144 0.04915587 7.45058e-9 -0.3292819 0.943818 -0.02794438 0.1167948 -0.03723644 -0.0425516 -0.9984 0 0 0 0 1 -0.7983532 -0.5979605 0.07124092 1.86265e-9 -0.6007333 0.7990519 -0.02520657 0.1167948 -0.04185271 -0.06292055 -0.9971406 -1.49012e-8 0 0 0 1 -0.6781489 -0.7303138 0.08219332 -1.86265e-9 -0.7338194 0.679012 -0.02125441 0.1167948 -0.04028784 -0.0747287 -0.9963899 0 0 0 0 1</float_array>
          <technique_common>
            <accessor source="#walk__Armature_Walk_leg_front_lower_R_pose_matrix-output-array" count="9" stride="16">
              <param name="TRANSFORM" type="float4x4" />
            </accessor>
          </technique_common>
        </source>
        <source id="walk__Armature_Walk_leg_front_lower_R_pose_matrix-interpolation">
          <Name_array id="walk__Armature_Walk_leg_front_lower_R_pose_matrix-interpolation-array" count="9">LINEAR LINEAR LINEAR LINEAR LINEAR LINEAR LINEAR LINEAR LINEAR</Name_array>
          <technique_common>
            <accessor source="#walk__Armature_Walk_leg_front_lower_R_pose_matrix-interpolation-array" count="9" stride="1">
              <param name="INTERPOLATION" type="name" />
            </accessor>
          </technique_common>
        </source>
        <sampler id="walk__Armature_Walk_leg_front_lower_R_pose_matrix-sampler">
          <input semantic="INPUT" source="#walk__Armature_Walk_leg_front_lower_R_pose_matrix-input" />
          <input semantic="OUTPUT" source="#walk__Armature_Walk_leg_front_lower_R_pose_matrix-output" />
          <input semantic="INTERPOLATION" source="#walk__Armature_Walk_leg_front_lower_R_pose_matrix-interpolation" />
        </sampler>
        <channel source="#walk__Armature_Walk_leg_front_lower_R_pose_matrix-sampler" target="Armature_leg_front_lower_R/transform" />
      </animation>
      <animation id="walk__Armature_Walk_leg_front_foot_R_pose_matrix" name="Armature">
        <source id="walk__Armature_Walk_leg_front_foot_R_pose_matrix-input">
          <float_array id="walk__Armature_Walk_leg_front_foot_R_pose_matrix-input-array" count="9">0.04166662 0.25 0.4583333 0.6666667 0.875 1.083333 1.291667 1.5 1.666667</float_array>
          <technique_common>
            <accessor source="#walk__Armature_Walk_leg_front_foot_R_pose_matrix-input-array" count="9" stride="1">
              <param name="TIME" type="float" />
            </accessor>
          </technique_common>
        </source>
        <source id="walk__Armature_Walk_leg_front_foot_R_pose_matrix-output">
          <float_array id="walk__Armature_Walk_leg_front_foot_R_pose_matrix-output-array" count="144">0.1545578 0.7369667 0.6580213 -1.49012e-8 -0.09785365 0.6741683 -0.7320667 0.1562065 -0.9831258 0.04875687 0.1763128 1.49012e-8 0 0 0 1 0.1841314 0.59806 0.7800128 -7.45058e-9 -0.08364829 0.8002375 -0.5938205 0.1562065 -0.9793359 0.04409432 0.1973756 1.49012e-8 0 0 0 1 0.2121905 0.380775 0.8999922 -7.45058e-9 -0.04903182 0.9239523 -0.3793519 0.1562065 -0.9759974 0.03636666 0.2147241 0 0 0 0 1 0.2294457 0.3587125 0.9048094 -1.49012e-8 -0.05614518 0.9329399 -0.3556271 0.1562065 -0.9717007 0.0307965 0.234199 1.49012e-8 0 0 0 1 0.188786 0.811343 0.5532475 0 -0.1727704 0.5820317 -0.7946002 0.1562064 -0.9667007 0.05442467 0.2500555 -7.45058e-9 0 0 0 1 0.1627613 0.8635475 0.4772786 -1.49012e-8 -0.1695004 0.5010096 -0.8486809 0.1562065 -0.9719972 0.05723356 0.2279165 -1.49012e-8 0 0 0 1 0.1542181 0.8419797 0.5169981 1.49012e-8 -0.1416821 0.5366956 -0.8317957 0.1562065 -0.9778256 0.05502863 0.2020616 0 0 0 0 1 0.1540574 0.7778928 0.6092204 0 -0.111891 0.62635 -0.7714702 0.1562065 -0.9817061 0.05068441 0.183533 1.49012e-8 0 0 0 1 0.1545248 0.7390815 0.6556529 7.45058e-9 -0.09851442 0.6718428 -0.7341131 0.1562065 -0.9830651 0.04884749 0.1766265 1.49012e-8 0 0 0 1</float_array>
          <technique_common>
            <accessor source="#walk__Armature_Walk_leg_front_foot_R_pose_matrix-output-array" count="9" stride="16">
              <param name="TRANSFORM" type="float4x4" />
            </accessor>
          </technique_common>
        </source>
        <source id="walk__Armature_Walk_leg_front_foot_R_pose_matrix-interpolation">
          <Name_array id="walk__Armature_Walk_leg_front_foot_R_pose_matrix-interpolation-array" count="9">LINEAR LINEAR LINEAR LINEAR LINEAR LINEAR LINEAR LINEAR LINEAR</Name_array>
          <technique_common>
            <accessor source="#walk__Armature_Walk_leg_front_foot_R_pose_matrix-interpolation-array" count="9" stride="1">
              <param name="INTERPOLATION" type="name" />
            </accessor>
          </technique_common>
        </source>
        <sampler id="walk__Armature_Walk_leg_front_foot_R_pose_matrix-sampler">
          <input semantic="INPUT" source="#walk__Armature_Walk_leg_front_foot_R_pose_matrix-input" />
          <input semantic="OUTPUT" source="#walk__Armature_Walk_leg_front_foot_R_pose_matrix-output" />
          <input semantic="INTERPOLATION" source="#walk__Armature_Walk_leg_front_foot_R_pose_matrix-interpolation" />
        </sampler>
        <channel source="#walk__Armature_Walk_leg_front_foot_R_pose_matrix-sampler" target="Armature_leg_front_foot_R/transform" />
      </animation>
      <animation id="walk__Armature_Walk_wing_lower_R_pose_matrix" name="Armature">
        <source id="walk__Armature_Walk_wing_lower_R_pose_matrix-input">
          <float_array id="walk__Armature_Walk_wing_lower_R_pose_matrix-input-array" count="9">0.04166662 0.25 0.4583333 0.6666667 0.875 1.083333 1.291667 1.5 1.666667</float_array>
          <technique_common>
            <accessor source="#walk__Armature_Walk_wing_lower_R_pose_matrix-input-array" count="9" stride="1">
              <param name="TIME" type="float" />
            </accessor>
          </technique_common>
        </source>
        <source id="walk__Armature_Walk_wing_lower_R_pose_matrix-output">
          <float_array id="walk__Armature_Walk_wing_lower_R_pose_matrix-output-array" count="144">0.4696927 -0.3913913 0.7913289 1.86265e-9 0.2560468 0.9182209 0.3021758 0.1054889 -0.8448839 0.0606876 0.5314963 3.72529e-9 0 0 0 1 0.5125958 -0.4811949 0.7111236 9.31323e-10 0.2830633 0.8766116 0.3891362 0.1054889 -0.8106298 0.001823425 0.5855562 3.72529e-9 0 0 0 1 0.5132443 -0.5256149 0.678461 1.86265e-9 0.3113208 0.8507002 0.4235425 0.1054889 -0.7997872 -0.006161779 0.600252 3.72529e-9 0 0 0 1 0.4209791 -0.5012756 0.7559758 9.31323e-10 0.3085981 0.8628596 0.4003001 0.1054889 -0.8529617 0.06477481 0.5179387 3.72529e-9 0 0 0 1 0.2885234 -0.4473622 0.8465349 9.31323e-10 0.2965388 0.8824137 0.3652539 0.1054889 -0.910395 0.1456463 0.3872574 0 0 0 0 1 0.1903604 -0.3997849 0.8966241 -9.31323e-10 0.2887461 0.8957266 0.3380815 0.1054889 -0.9382902 0.1945394 0.2859473 3.72529e-9 0 0 0 1 0.2201102 -0.3962812 0.8913544 0 0.2843601 0.900144 0.3299694 0.1054889 -0.9331082 0.180836 0.3108175 0 0 0 0 1 0.3776371 -0.3971218 0.8364715 0 0.2678566 0.9115907 0.3118575 0.1054889 -0.8863651 0.1062856 0.4506223 0 0 0 0 1 0.4651197 -0.3917969 0.7938254 9.31323e-10 0.2566755 0.9178927 0.3026392 0.1054889 -0.8472198 0.06299227 0.5274948 0 0 0 0 1</float_array>
          <technique_common>
            <accessor source="#walk__Armature_Walk_wing_lower_R_pose_matrix-output-array" count="9" stride="16">
              <param name="TRANSFORM" type="float4x4" />
            </accessor>
          </technique_common>
        </source>
        <source id="walk__Armature_Walk_wing_lower_R_pose_matrix-interpolation">
          <Name_array id="walk__Armature_Walk_wing_lower_R_pose_matrix-interpolation-array" count="9">LINEAR LINEAR LINEAR LINEAR LINEAR LINEAR LINEAR LINEAR LINEAR</Name_array>
          <technique_common>
            <accessor source="#walk__Armature_Walk_wing_lower_R_pose_matrix-interpolation-array" count="9" stride="1">
              <param name="INTERPOLATION" type="name" />
            </accessor>
          </technique_common>
        </source>
        <sampler id="walk__Armature_Walk_wing_lower_R_pose_matrix-sampler">
          <input semantic="INPUT" source="#walk__Armature_Walk_wing_lower_R_pose_matrix-input" />
          <input semantic="OUTPUT" source="#walk__Armature_Walk_wing_lower_R_pose_matrix-output" />
          <input semantic="INTERPOLATION" source="#walk__Armature_Walk_wing_lower_R_pose_matrix-interpolation" />
        </sampler>
        <channel source="#walk__Armature_Walk_wing_lower_R_pose_matrix-sampler" target="Armature_wing_lower_R/transform" />
      </animation>
      <animation id="walk__Armature_Walk_wing_upper_R_pose_matrix" name="Armature">
        <source id="walk__Armature_Walk_wing_upper_R_pose_matrix-input">
          <float_array id="walk__Armature_Walk_wing_upper_R_pose_matrix-input-array" count="9">0.04166662 0.25 0.4583333 0.6666667 0.875 1.083333 1.291667 1.5 1.666667</float_array>
          <technique_common>
            <accessor source="#walk__Armature_Walk_wing_upper_R_pose_matrix-input-array" count="9" stride="1">
              <param name="TIME" type="float" />
            </accessor>
          </technique_common>
        </source>
        <source id="walk__Armature_Walk_wing_upper_R_pose_matrix-output">
          <float_array id="walk__Armature_Walk_wing_upper_R_pose_matrix-output-array" count="144">-0.09405439 0.9465395 -0.3085714 0 -0.05660224 0.30436 0.9508739 0.2469092 0.9939566 0.1068997 0.02494991 0 0 0 0 1 -0.03776264 0.9205564 -0.38878 3.72529e-9 -0.04319698 0.3871901 0.9209876 0.2469093 0.9983526 0.05157315 0.02514386 -1.49012e-8 0 0 0 1 0.04183803 0.9080164 -0.4168403 7.45058e-9 0.01154214 0.4167386 0.9089531 0.2469093 0.9990578 -0.04283999 0.006954879 0 0 0 0 1 0.1106031 0.9370247 -0.3312874 1.86265e-9 -0.007179916 0.3340772 0.9425185 0.2469092 0.9938387 -0.1018667 0.04367769 -7.45058e-9 0 0 0 1 0.1532989 0.9667615 -0.204625 1.86265e-9 -0.05057323 0.2144768 0.9754188 0.2469093 0.9868848 -0.139182 0.08177131 -7.45058e-9 0 0 0 1 0.1694112 0.9793052 -0.1107299 -7.45058e-9 -0.08597702 0.1266111 0.9882194 0.2469092 0.9817879 -0.1578951 0.1056471 7.45058e-9 0 0 0 1 0.1313663 0.9819191 -0.1363003 0 -0.03183548 0.1415994 0.989412 0.2469093 0.9908225 -0.1256361 0.04986131 -7.45058e-9 0 0 0 1 -0.03273094 0.9673777 -0.2512151 0 0.1177195 0.2533317 0.9601902 0.2469093 0.9925073 0.00185509 -0.122171 7.45058e-9 0 0 0 1 -0.1040996 0.9464183 -0.3057049 -3.72529e-9 0.02428064 0.3097017 0.9505237 0.2469093 0.9942704 0.09152655 -0.0552195 0 0 0 0 1</float_array>
          <technique_common>
            <accessor source="#walk__Armature_Walk_wing_upper_R_pose_matrix-output-array" count="9" stride="16">
              <param name="TRANSFORM" type="float4x4" />
            </accessor>
          </technique_common>
        </source>
        <source id="walk__Armature_Walk_wing_upper_R_pose_matrix-interpolation">
          <Name_array id="walk__Armature_Walk_wing_upper_R_pose_matrix-interpolation-array" count="9">LINEAR LINEAR LINEAR LINEAR LINEAR LINEAR LINEAR LINEAR LINEAR</Name_array>
          <technique_common>
            <accessor source="#walk__Armature_Walk_wing_upper_R_pose_matrix-interpolation-array" count="9" stride="1">
              <param name="INTERPOLATION" type="name" />
            </accessor>
          </technique_common>
        </source>
        <sampler id="walk__Armature_Walk_wing_upper_R_pose_matrix-sampler">
          <input semantic="INPUT" source="#walk__Armature_Walk_wing_upper_R_pose_matrix-input" />
          <input semantic="OUTPUT" source="#walk__Armature_Walk_wing_upper_R_pose_matrix-output" />
          <input semantic="INTERPOLATION" source="#walk__Armature_Walk_wing_upper_R_pose_matrix-interpolation" />
        </sampler>
        <channel source="#walk__Armature_Walk_wing_upper_R_pose_matrix-sampler" target="Armature_wing_upper_R/transform" />
      </animation>
      <animation id="walk__Armature_Walk_back2_pose_matrix" name="Armature">
        <source id="walk__Armature_Walk_back2_pose_matrix-input">
          <float_array id="walk__Armature_Walk_back2_pose_matrix-input-array" count="9">0.04166662 0.25 0.4583333 0.6666667 0.875 1.083333 1.291667 1.5 1.666667</float_array>
          <technique_common>
            <accessor source="#walk__Armature_Walk_back2_pose_matrix-input-array" count="9" stride="1">
              <param name="TIME" type="float" />
            </accessor>
          </technique_common>
        </source>
        <source id="walk__Armature_Walk_back2_pose_matrix-output">
          <float_array id="walk__Armature_Walk_back2_pose_matrix-output-array" count="144">0.7444665 0.1731103 0.6448273 -2.91038e-11 -0.3818153 0.9026749 0.1984817 0.1554319 -0.5477102 -0.3939679 0.7381076 2.32831e-9 0 0 0 1 0.7580577 0.1329288 0.638497 8.73115e-11 -0.3598994 0.90171 0.2395646 0.1554319 -0.5438942 -0.4113985 0.7313893 2.32831e-9 0 0 0 1 0.7841297 0.04651225 0.6188515 -2.91038e-11 -0.3106116 0.8927128 0.326472 0.1554319 -0.5372719 -0.4482189 0.71445 2.32831e-9 0 0 0 1 0.804451 -0.03389535 0.5930511 -1.45519e-10 -0.2620645 0.8757092 0.4055309 0.1554319 -0.5330861 -0.4816474 0.6955825 2.32831e-9 0 0 0 1 0.8099 -0.05856195 0.5836372 -1.45519e-10 -0.2466363 0.8687725 0.4294238 0.1554319 -0.5321959 -0.4917365 0.6891755 2.32831e-9 0 0 0 1 0.7999136 -0.01453937 0.5999389 -2.18279e-10 -0.2739928 0.8805794 0.3866621 0.1554319 -0.5339158 -0.4736752 0.700404 2.32831e-9 0 0 0 1 0.7791718 0.0641101 0.6235232 2.03727e-10 -0.3208883 0.8953153 0.3089353 0.1554319 -0.5384442 -0.4407949 0.7181767 2.32831e-9 0 0 0 1 0.7558788 0.1395599 0.639664 -2.03727e-10 -0.3635599 0.9020097 0.2328141 0.1554319 -0.5444918 -0.4085355 0.7325486 -1.39698e-9 0 0 0 1 0.7450054 0.1715682 0.6446172 -1.45519e-10 -0.3809859 0.9026754 0.2000662 0.1554319 -0.5475553 -0.3946404 0.7378633 6.0536e-9 0 0 0 1</float_array>
          <technique_common>
            <accessor source="#walk__Armature_Walk_back2_pose_matrix-output-array" count="9" stride="16">
              <param name="TRANSFORM" type="float4x4" />
            </accessor>
          </technique_common>
        </source>
        <source id="walk__Armature_Walk_back2_pose_matrix-interpolation">
          <Name_array id="walk__Armature_Walk_back2_pose_matrix-interpolation-array" count="9">LINEAR LINEAR LINEAR LINEAR LINEAR LINEAR LINEAR LINEAR LINEAR</Name_array>
          <technique_common>
            <accessor source="#walk__Armature_Walk_back2_pose_matrix-interpolation-array" count="9" stride="1">
              <param name="INTERPOLATION" type="name" />
            </accessor>
          </technique_common>
        </source>
        <sampler id="walk__Armature_Walk_back2_pose_matrix-sampler">
          <input semantic="INPUT" source="#walk__Armature_Walk_back2_pose_matrix-input" />
          <input semantic="OUTPUT" source="#walk__Armature_Walk_back2_pose_matrix-output" />
          <input semantic="INTERPOLATION" source="#walk__Armature_Walk_back2_pose_matrix-interpolation" />
        </sampler>
        <channel source="#walk__Armature_Walk_back2_pose_matrix-sampler" target="Armature_back2/transform" />
      </animation>
      <animation id="walk__Armature_Walk_tail1_pose_matrix" name="Armature">
        <source id="walk__Armature_Walk_tail1_pose_matrix-input">
          <float_array id="walk__Armature_Walk_tail1_pose_matrix-input-array" count="9">0.04166662 0.25 0.4583333 0.6666667 0.875 1.083333 1.291667 1.5 1.666667</float_array>
          <technique_common>
            <accessor source="#walk__Armature_Walk_tail1_pose_matrix-input-array" count="9" stride="1">
              <param name="TIME" type="float" />
            </accessor>
          </technique_common>
        </source>
        <source id="walk__Armature_Walk_tail1_pose_matrix-output">
          <float_array id="walk__Armature_Walk_tail1_pose_matrix-output-array" count="144">0.9952346 -0.01399699 -0.09650037 0 0.0123456 0.9997673 -0.01768851 0.1813676 0.09672555 0.01641285 0.9951757 0 0 0 0 1 0.9951144 0.01803337 -0.0970681 0 -0.01595207 0.9996269 0.02217489 0.1813676 0.09743172 -0.02051818 0.9950306 0 0 0 0 1 0.9940879 0.05004467 -0.09635848 7.45058e-9 -0.04418601 0.9970974 0.06200361 0.1813676 0.0991818 -0.05737934 0.9934137 7.45058e-9 0 0 0 1 0.9951972 0.01271513 -0.0970622 -7.45058e-9 -0.01125686 0.9998157 0.01555693 0.1813676 0.09724212 -0.01438957 0.9951567 7.45058e-9 0 0 0 1 0.9952345 -0.01399702 -0.09650037 -1.49012e-8 0.01234558 0.9997674 -0.01768857 0.1813676 0.09672543 0.01641282 0.9951757 7.45058e-9 0 0 0 1 0.9952346 -0.01399697 -0.09650037 -1.49012e-8 0.0123456 0.9997673 -0.01768851 0.1813676 0.09672561 0.01641291 0.9951757 0 0 0 0 1 0.9952345 -0.01399703 -0.09650034 -7.45058e-9 0.01234561 0.9997673 -0.01768854 0.1813676 0.09672555 0.01641291 0.9951757 7.45058e-9 0 0 0 1 0.9952346 -0.01399699 -0.0965004 0 0.0123456 0.9997674 -0.01768854 0.1813676 0.09672555 0.01641288 0.9951758 7.45058e-9 0 0 0 1 0.9952345 -0.01399697 -0.09650034 -7.45058e-9 0.01234561 0.9997674 -0.01768851 0.1813676 0.09672549 0.01641288 0.9951757 3.72529e-9 0 0 0 1</float_array>
          <technique_common>
            <accessor source="#walk__Armature_Walk_tail1_pose_matrix-output-array" count="9" stride="16">
              <param name="TRANSFORM" type="float4x4" />
            </accessor>
          </technique_common>
        </source>
        <source id="walk__Armature_Walk_tail1_pose_matrix-interpolation">
          <Name_array id="walk__Armature_Walk_tail1_pose_matrix-interpolation-array" count="9">LINEAR LINEAR LINEAR LINEAR LINEAR LINEAR LINEAR LINEAR LINEAR</Name_array>
          <technique_common>
            <accessor source="#walk__Armature_Walk_tail1_pose_matrix-interpolation-array" count="9" stride="1">
              <param name="INTERPOLATION" type="name" />
            </accessor>
          </technique_common>
        </source>
        <sampler id="walk__Armature_Walk_tail1_pose_matrix-sampler">
          <input semantic="INPUT" source="#walk__Armature_Walk_tail1_pose_matrix-input" />
          <input semantic="OUTPUT" source="#walk__Armature_Walk_tail1_pose_matrix-output" />
          <input semantic="INTERPOLATION" source="#walk__Armature_Walk_tail1_pose_matrix-interpolation" />
        </sampler>
        <channel source="#walk__Armature_Walk_tail1_pose_matrix-sampler" target="Armature_tail1/transform" />
      </animation>
      <animation id="walk__Armature_Walk_tail2_pose_matrix" name="Armature">
        <source id="walk__Armature_Walk_tail2_pose_matrix-input">
          <float_array id="walk__Armature_Walk_tail2_pose_matrix-input-array" count="9">0.04166662 0.25 0.4583333 0.6666667 0.875 1.083333 1.291667 1.5 1.666667</float_array>
          <technique_common>
            <accessor source="#walk__Armature_Walk_tail2_pose_matrix-input-array" count="9" stride="1">
              <param name="TIME" type="float" />
            </accessor>
          </technique_common>
        </source>
        <source id="walk__Armature_Walk_tail2_pose_matrix-output">
          <float_array id="walk__Armature_Walk_tail2_pose_matrix-output-array" count="144">0.6012051 -0.3368578 -0.7246234 0 0.1762112 0.94037 -0.2909537 0.1722811 0.7794243 0.04723611 0.6247133 -7.45058e-9 0 0 0 1 0.6420956 -0.2637367 -0.7198305 7.45058e-9 0.07034875 0.9552698 -0.2872469 0.172281 0.7633899 0.1338008 0.6319281 -1.49012e-8 0 0 0 1 0.6949927 -0.1166657 -0.7094886 0 -0.1292154 0.9504181 -0.2828585 0.172281 0.7073107 0.2882616 0.6454586 0 0 0 0 1 0.7100208 -0.03427622 -0.703346 0 -0.2343628 0.9303718 -0.2819267 0.172281 0.6640366 0.365012 0.6525502 2.98023e-8 0 0 0 1 0.7051482 -0.06743274 -0.705846 7.45058e-9 -0.1925826 0.9398335 -0.2821788 0.172281 0.6824059 0.3349117 0.6497356 2.98023e-8 0 0 0 1 0.6872883 -0.145793 -0.7116032 0 -0.09095371 0.9546677 -0.2834379 0.172281 0.7206679 0.2595266 0.6428715 0 0 0 0 1 0.65471 -0.2363692 -0.7179723 7.45058e-9 0.03195165 0.9576548 -0.2861407 0.1722811 0.7552046 0.1643988 0.6345385 0 0 0 0 1 0.6185656 -0.3081763 -0.7227751 -2.98023e-8 0.1340855 0.9477822 -0.2893616 0.172281 0.7742078 0.0820756 0.6275874 -7.45058e-9 0 0 0 1 0.6020112 -0.3355895 -0.7245427 0 0.1743308 0.9407435 -0.2908793 0.172281 0.7792248 0.04880258 0.6248416 -1.49012e-8 0 0 0 1</float_array>
          <technique_common>
            <accessor source="#walk__Armature_Walk_tail2_pose_matrix-output-array" count="9" stride="16">
              <param name="TRANSFORM" type="float4x4" />
            </accessor>
          </technique_common>
        </source>
        <source id="walk__Armature_Walk_tail2_pose_matrix-interpolation">
          <Name_array id="walk__Armature_Walk_tail2_pose_matrix-interpolation-array" count="9">LINEAR LINEAR LINEAR LINEAR LINEAR LINEAR LINEAR LINEAR LINEAR</Name_array>
          <technique_common>
            <accessor source="#walk__Armature_Walk_tail2_pose_matrix-interpolation-array" count="9" stride="1">
              <param name="INTERPOLATION" type="name" />
            </accessor>
          </technique_common>
        </source>
        <sampler id="walk__Armature_Walk_tail2_pose_matrix-sampler">
          <input semantic="INPUT" source="#walk__Armature_Walk_tail2_pose_matrix-input" />
          <input semantic="OUTPUT" source="#walk__Armature_Walk_tail2_pose_matrix-output" />
          <input semantic="INTERPOLATION" source="#walk__Armature_Walk_tail2_pose_matrix-interpolation" />
        </sampler>
        <channel source="#walk__Armature_Walk_tail2_pose_matrix-sampler" target="Armature_tail2/transform" />
      </animation>
      <animation id="walk__Armature_Walk_tail3_pose_matrix" name="Armature">
        <source id="walk__Armature_Walk_tail3_pose_matrix-input">
          <float_array id="walk__Armature_Walk_tail3_pose_matrix-input-array" count="9">0.04166662 0.25 0.4583333 0.6666667 0.875 1.083333 1.291667 1.5 1.666667</float_array>
          <technique_common>
            <accessor source="#walk__Armature_Walk_tail3_pose_matrix-input-array" count="9" stride="1">
              <param name="TIME" type="float" />
            </accessor>
          </technique_common>
        </source>
        <source id="walk__Armature_Walk_tail3_pose_matrix-output">
          <float_array id="walk__Armature_Walk_tail3_pose_matrix-output-array" count="144">0.5935724 -0.1936201 -0.7811424 0 -0.2215511 0.8938091 -0.3898981 0.1556355 0.7736843 0.4044955 0.4876436 -7.45058e-9 0 0 0 1 0.5308105 0.0314873 -0.8469053 0 -0.3823918 0.9007027 -0.2061823 0.1556354 0.7563179 0.4332935 0.4901429 -1.49012e-8 0 0 0 1 0.3725895 0.3506199 -0.8592106 -3.72529e-9 -0.5795469 0.8110376 0.07964621 0.1556356 0.7247778 0.4682775 0.5053847 -7.45058e-9 0 0 0 1 0.3579431 0.3730788 -0.8559726 -1.49012e-8 -0.5918564 0.7996846 0.1010482 0.1556356 0.7222071 0.4704432 0.5070505 7.45058e-9 0 0 0 1 0.4140423 0.2822364 -0.8653969 -3.72529e-9 -0.540666 0.8410921 0.01563237 0.1556355 0.7322905 0.4614181 0.5008433 -7.45058e-9 0 0 0 1 0.4874994 0.1380488 -0.8621409 7.45058e-9 -0.4524679 0.8844345 -0.1142304 0.1556355 0.7467378 0.4457782 0.4936239 0 0 0 0 1 0.5484778 -0.01967837 -0.8359336 0 -0.3473501 0.904021 -0.2491866 0.1556355 0.7606051 0.4270349 0.4890001 -1.86265e-8 0 0 0 1 0.5830914 -0.1440342 -0.7995366 7.45058e-9 -0.2584711 0.9001298 -0.3506553 0.1556356 0.7701931 0.4111211 0.4876292 1.86265e-8 0 0 0 1 0.5931519 -0.1914391 -0.7819987 0 -0.2231929 0.8941453 -0.3881869 0.1556355 0.7735348 0.4047903 0.4876361 -1.49012e-8 0 0 0 1</float_array>
          <technique_common>
            <accessor source="#walk__Armature_Walk_tail3_pose_matrix-output-array" count="9" stride="16">
              <param name="TRANSFORM" type="float4x4" />
            </accessor>
          </technique_common>
        </source>
        <source id="walk__Armature_Walk_tail3_pose_matrix-interpolation">
          <Name_array id="walk__Armature_Walk_tail3_pose_matrix-interpolation-array" count="9">LINEAR LINEAR LINEAR LINEAR LINEAR LINEAR LINEAR LINEAR LINEAR</Name_array>
          <technique_common>
            <accessor source="#walk__Armature_Walk_tail3_pose_matrix-interpolation-array" count="9" stride="1">
              <param name="INTERPOLATION" type="name" />
            </accessor>
          </technique_common>
        </source>
        <sampler id="walk__Armature_Walk_tail3_pose_matrix-sampler">
          <input semantic="INPUT" source="#walk__Armature_Walk_tail3_pose_matrix-input" />
          <input semantic="OUTPUT" source="#walk__Armature_Walk_tail3_pose_matrix-output" />
          <input semantic="INTERPOLATION" source="#walk__Armature_Walk_tail3_pose_matrix-interpolation" />
        </sampler>
        <channel source="#walk__Armature_Walk_tail3_pose_matrix-sampler" target="Armature_tail3/transform" />
      </animation>
      <animation id="walk__Armature_Walk_leg_back_hip_L_pose_matrix" name="Armature">
        <source id="walk__Armature_Walk_leg_back_hip_L_pose_matrix-input">
          <float_array id="walk__Armature_Walk_leg_back_hip_L_pose_matrix-input-array" count="9">0.04166662 0.25 0.4583333 0.6666667 0.875 1.083333 1.291667 1.5 1.666667</float_array>
          <technique_common>
            <accessor source="#walk__Armature_Walk_leg_back_hip_L_pose_matrix-input-array" count="9" stride="1">
              <param name="TIME" type="float" />
            </accessor>
          </technique_common>
        </source>
        <source id="walk__Armature_Walk_leg_back_hip_L_pose_matrix-output">
          <float_array id="walk__Armature_Walk_leg_back_hip_L_pose_matrix-output-array" count="144">0.04275712 0.863687 0.5022117 -2.91038e-11 -0.8306514 0.3100438 -0.4624834 0.1554319 -0.5551485 -0.3973884 0.7306795 2.32831e-9 0 0 0 1 -0.01082326 0.8836708 0.4679836 8.73115e-11 -0.8296552 0.2533097 -0.4975002 0.1554319 -0.5581712 -0.3936497 0.7304004 2.32831e-9 0 0 0 1 -0.1256121 0.9136736 0.3865517 -2.91038e-11 -0.8153263 0.1269122 -0.5649213 0.1554319 -0.5652118 -0.3861268 0.7290004 2.32831e-9 0 0 0 1 -0.2305279 0.9250281 0.3019599 -1.45519e-10 -0.7869346 0.005300365 -0.6170137 0.1554319 -0.5723555 -0.3798615 0.7267147 2.32831e-9 0 0 0 1 -0.2621004 0.9251932 0.2744464 -1.45519e-10 -0.7752948 -0.03252833 -0.6307612 0.1554319 -0.5746487 -0.3780997 0.7258232 2.32831e-9 0 0 0 1 -0.2055251 0.9237952 0.3230509 -2.18279e-10 -0.7951029 0.03483994 -0.605473 0.1554319 -0.5705881 -0.3812987 0.7273516 2.32831e-9 0 0 0 1 -0.102349 0.9090312 0.4039642 2.03727e-10 -0.819599 0.1530726 -0.5521106 0.1554319 -0.5637216 -0.3875967 0.7293742 2.32831e-9 0 0 0 1 -0.001980148 0.8806319 0.4737968 -2.03727e-10 -0.8300665 0.2627715 -0.4918747 0.1554319 -0.5576609 -0.3942569 0.7304627 -1.39698e-9 0 0 0 1 0.04070192 0.8645229 0.5009426 -1.45519e-10 -0.8306792 0.3078939 -0.4638677 0.1554319 -0.5552614 -0.3972424 0.7306731 6.0536e-9 0 0 0 1</float_array>
          <technique_common>
            <accessor source="#walk__Armature_Walk_leg_back_hip_L_pose_matrix-output-array" count="9" stride="16">
              <param name="TRANSFORM" type="float4x4" />
            </accessor>
          </technique_common>
        </source>
        <source id="walk__Armature_Walk_leg_back_hip_L_pose_matrix-interpolation">
          <Name_array id="walk__Armature_Walk_leg_back_hip_L_pose_matrix-interpolation-array" count="9">LINEAR LINEAR LINEAR LINEAR LINEAR LINEAR LINEAR LINEAR LINEAR</Name_array>
          <technique_common>
            <accessor source="#walk__Armature_Walk_leg_back_hip_L_pose_matrix-interpolation-array" count="9" stride="1">
              <param name="INTERPOLATION" type="name" />
            </accessor>
          </technique_common>
        </source>
        <sampler id="walk__Armature_Walk_leg_back_hip_L_pose_matrix-sampler">
          <input semantic="INPUT" source="#walk__Armature_Walk_leg_back_hip_L_pose_matrix-input" />
          <input semantic="OUTPUT" source="#walk__Armature_Walk_leg_back_hip_L_pose_matrix-output" />
          <input semantic="INTERPOLATION" source="#walk__Armature_Walk_leg_back_hip_L_pose_matrix-interpolation" />
        </sampler>
        <channel source="#walk__Armature_Walk_leg_back_hip_L_pose_matrix-sampler" target="Armature_leg_back_hip_L/transform" />
      </animation>
      <animation id="walk__Armature_Walk_leg_back_upper_L_pose_matrix" name="Armature">
        <source id="walk__Armature_Walk_leg_back_upper_L_pose_matrix-input">
          <float_array id="walk__Armature_Walk_leg_back_upper_L_pose_matrix-input-array" count="9">0.04166662 0.25 0.4583333 0.6666667 0.875 1.083333 1.291667 1.5 1.666667</float_array>
          <technique_common>
            <accessor source="#walk__Armature_Walk_leg_back_upper_L_pose_matrix-input-array" count="9" stride="1">
              <param name="TIME" type="float" />
            </accessor>
          </technique_common>
        </source>
        <source id="walk__Armature_Walk_leg_back_upper_L_pose_matrix-output">
          <float_array id="walk__Armature_Walk_leg_back_upper_L_pose_matrix-output-array" count="144">0.8825428 0.4220189 -0.2074078 0 -0.1627547 0.6879566 0.707267 0.112305 0.4411676 -0.5904368 0.6758368 0 0 0 0 1 0.8331791 0.5000379 -0.2361663 0 -0.1999339 0.6705517 0.7144137 0.112305 0.5155956 -0.5480171 0.6586642 0 0 0 0 1 0.6996737 0.6522057 -0.2916919 -7.45058e-9 -0.2734446 0.6216332 0.7340302 0.112305 0.660064 -0.4338201 0.6132826 -3.72529e-9 0 0 0 1 0.5461003 0.768535 -0.3333588 0 -0.3310208 0.5635189 0.7568828 0.112305 0.7695451 -0.3029853 0.562139 -3.72529e-9 0 0 0 1 0.4942867 0.7983961 -0.3438665 1.49012e-8 -0.346132 0.5436175 0.7646389 0.112305 0.7974166 -0.2589276 0.5450534 7.45058e-9 0 0 0 1 0.5853274 0.7431008 -0.3243344 0 -0.3182812 0.5784973 0.7510247 0.112305 0.7457138 -0.3363658 0.5751253 -1.11759e-8 0 0 0 1 0.7297161 0.6232516 -0.281197 0 -0.259333 0.6328072 0.7295902 0.112305 0.6326616 -0.4594701 0.6233993 7.45058e-9 0 0 0 1 0.8419048 0.4874315 -0.2315309 0 -0.1939064 0.6736655 0.7131448 0.112305 0.5035836 -0.5555047 0.6616784 0 0 0 0 1 0.8808052 0.4250806 -0.2085394 7.45058e-9 -0.1642084 0.6873538 0.7075171 0.112305 0.4440921 -0.5889408 0.6752266 0 0 0 0 1</float_array>
          <technique_common>
            <accessor source="#walk__Armature_Walk_leg_back_upper_L_pose_matrix-output-array" count="9" stride="16">
              <param name="TRANSFORM" type="float4x4" />
            </accessor>
          </technique_common>
        </source>
        <source id="walk__Armature_Walk_leg_back_upper_L_pose_matrix-interpolation">
          <Name_array id="walk__Armature_Walk_leg_back_upper_L_pose_matrix-interpolation-array" count="9">LINEAR LINEAR LINEAR LINEAR LINEAR LINEAR LINEAR LINEAR LINEAR</Name_array>
          <technique_common>
            <accessor source="#walk__Armature_Walk_leg_back_upper_L_pose_matrix-interpolation-array" count="9" stride="1">
              <param name="INTERPOLATION" type="name" />
            </accessor>
          </technique_common>
        </source>
        <sampler id="walk__Armature_Walk_leg_back_upper_L_pose_matrix-sampler">
          <input semantic="INPUT" source="#walk__Armature_Walk_leg_back_upper_L_pose_matrix-input" />
          <input semantic="OUTPUT" source="#walk__Armature_Walk_leg_back_upper_L_pose_matrix-output" />
          <input semantic="INTERPOLATION" source="#walk__Armature_Walk_leg_back_upper_L_pose_matrix-interpolation" />
        </sampler>
        <channel source="#walk__Armature_Walk_leg_back_upper_L_pose_matrix-sampler" target="Armature_leg_back_upper_L/transform" />
      </animation>
      <animation id="walk__Armature_Walk_leg_back_lower_L_pose_matrix" name="Armature">
        <source id="walk__Armature_Walk_leg_back_lower_L_pose_matrix-input">
          <float_array id="walk__Armature_Walk_leg_back_lower_L_pose_matrix-input-array" count="9">0.04166662 0.25 0.4583333 0.6666667 0.875 1.083333 1.291667 1.5 1.666667</float_array>
          <technique_common>
            <accessor source="#walk__Armature_Walk_leg_back_lower_L_pose_matrix-input-array" count="9" stride="1">
              <param name="TIME" type="float" />
            </accessor>
          </technique_common>
        </source>
        <source id="walk__Armature_Walk_leg_back_lower_L_pose_matrix-output">
          <float_array id="walk__Armature_Walk_leg_back_lower_L_pose_matrix-output-array" count="144">0.7036675 -0.7083543 -0.05555758 1.49012e-8 0.7098466 0.6974111 0.09867051 0.1195141 -0.03114724 -0.1088686 0.9935681 1.49012e-8 0 0 0 1 0.6037503 -0.7967336 -0.02647747 0 0.7921983 0.5959464 0.1314137 0.1195141 -0.08892253 -0.1003164 0.990974 0 0 0 0 1 0.3995793 -0.9166037 0.01318798 0 0.8977324 0.3941828 0.1967137 0.1195142 -0.185507 -0.0667634 0.9803723 -7.45058e-9 0 0 0 1 0.326701 -0.9448611 0.02245315 0 0.9203017 0.3234389 0.220073 0.1195141 -0.2152006 -0.05123439 0.9752249 0 0 0 0 1 0.5857821 -0.8101164 -0.02389541 0 0.8037078 0.5768427 0.1459676 0.1195142 -0.1044669 -0.1047101 0.9890008 -7.45058e-9 0 0 0 1 0.6853199 -0.7264923 -0.05045535 0 0.7267622 0.6778688 0.1109551 0.1195141 -0.04640587 -0.1127087 0.9925438 7.45058e-9 0 0 0 1 0.6982923 -0.7137723 -0.05401402 7.45058e-9 0.7149245 0.6916784 0.1022955 0.1195142 -0.03565535 -0.1100481 0.9932866 1.49012e-8 0 0 0 1 0.7029983 -0.7090334 -0.05536316 0 0.7104843 0.696697 0.09912296 0.1195141 -0.03171013 -0.1090178 0.9935338 1.49012e-8 0 0 0 1 0.703662 -0.7083598 -0.05555598 0 0.7098517 0.6974053 0.09867412 0.1195141 -0.03115174 -0.1088697 0.9935678 0 0 0 0 1</float_array>
          <technique_common>
            <accessor source="#walk__Armature_Walk_leg_back_lower_L_pose_matrix-output-array" count="9" stride="16">
              <param name="TRANSFORM" type="float4x4" />
            </accessor>
          </technique_common>
        </source>
        <source id="walk__Armature_Walk_leg_back_lower_L_pose_matrix-interpolation">
          <Name_array id="walk__Armature_Walk_leg_back_lower_L_pose_matrix-interpolation-array" count="9">LINEAR LINEAR LINEAR LINEAR LINEAR LINEAR LINEAR LINEAR LINEAR</Name_array>
          <technique_common>
            <accessor source="#walk__Armature_Walk_leg_back_lower_L_pose_matrix-interpolation-array" count="9" stride="1">
              <param name="INTERPOLATION" type="name" />
            </accessor>
          </technique_common>
        </source>
        <sampler id="walk__Armature_Walk_leg_back_lower_L_pose_matrix-sampler">
          <input semantic="INPUT" source="#walk__Armature_Walk_leg_back_lower_L_pose_matrix-input" />
          <input semantic="OUTPUT" source="#walk__Armature_Walk_leg_back_lower_L_pose_matrix-output" />
          <input semantic="INTERPOLATION" source="#walk__Armature_Walk_leg_back_lower_L_pose_matrix-interpolation" />
        </sampler>
        <channel source="#walk__Armature_Walk_leg_back_lower_L_pose_matrix-sampler" target="Armature_leg_back_lower_L/transform" />
      </animation>
      <animation id="walk__Armature_Walk_leg_back_foot_L_pose_matrix" name="Armature">
        <source id="walk__Armature_Walk_leg_back_foot_L_pose_matrix-input">
          <float_array id="walk__Armature_Walk_leg_back_foot_L_pose_matrix-input-array" count="9">0.04166662 0.25 0.4583333 0.6666667 0.875 1.083333 1.291667 1.5 1.666667</float_array>
          <technique_common>
            <accessor source="#walk__Armature_Walk_leg_back_foot_L_pose_matrix-input-array" count="9" stride="1">
              <param name="TIME" type="float" />
            </accessor>
          </technique_common>
        </source>
        <source id="walk__Armature_Walk_leg_back_foot_L_pose_matrix-output">
          <float_array id="walk__Armature_Walk_leg_back_foot_L_pose_matrix-output-array" count="144">-0.0404103 0.9020287 -0.4297801 7.45058e-9 -0.02794414 -0.4309835 -0.9019271 0.149302 -0.9987925 -0.02443722 0.04262258 0 0 0 0 1 -0.04483522 0.7646097 -0.6429321 -7.45058e-9 -0.189057 -0.6384437 -0.7460879 0.149302 -0.9809422 0.08809988 0.1731797 0 0 0 0 1 0.03200144 0.6264147 -0.7788329 0 -0.3777584 -0.7138523 -0.5896725 0.149302 -0.9253511 0.3130811 0.2137891 0 0 0 0 1 0.2798417 0.5773817 -0.7670196 7.45058e-9 -0.3839273 -0.6649701 -0.6406362 0.149302 -0.8799367 0.4737566 0.03558626 -1.49012e-8 0 0 0 1 0.3669686 0.6418188 -0.6733518 -7.45058e-9 -0.321475 -0.5917548 -0.739243 0.149302 -0.8729193 0.4877449 -0.01082677 0 0 0 0 1 0.08930416 0.9162056 -0.3906304 -7.45058e-9 -0.1487662 -0.3755278 -0.9147937 0.149302 -0.9848319 0.1398075 0.1027642 0 0 0 0 1 -0.0107941 0.9147202 -0.4039438 -2.98023e-8 -0.07973339 -0.4034685 -0.911513 0.149302 -0.9967579 0.02236892 0.07728883 2.98023e-8 0 0 0 1 -0.04001931 0.9059908 -0.4214015 1.49012e-8 -0.04022238 -0.4228582 -0.9053029 0.149302 -0.9983893 -0.01927981 0.05336361 1.49012e-8 0 0 0 1 -0.0406166 0.9022067 -0.429387 0 -0.02841073 -0.4306107 -0.9020905 0.149302 -0.998771 -0.02444058 0.04312229 0 0 0 0 1</float_array>
          <technique_common>
            <accessor source="#walk__Armature_Walk_leg_back_foot_L_pose_matrix-output-array" count="9" stride="16">
              <param name="TRANSFORM" type="float4x4" />
            </accessor>
          </technique_common>
        </source>
        <source id="walk__Armature_Walk_leg_back_foot_L_pose_matrix-interpolation">
          <Name_array id="walk__Armature_Walk_leg_back_foot_L_pose_matrix-interpolation-array" count="9">LINEAR LINEAR LINEAR LINEAR LINEAR LINEAR LINEAR LINEAR LINEAR</Name_array>
          <technique_common>
            <accessor source="#walk__Armature_Walk_leg_back_foot_L_pose_matrix-interpolation-array" count="9" stride="1">
              <param name="INTERPOLATION" type="name" />
            </accessor>
          </technique_common>
        </source>
        <sampler id="walk__Armature_Walk_leg_back_foot_L_pose_matrix-sampler">
          <input semantic="INPUT" source="#walk__Armature_Walk_leg_back_foot_L_pose_matrix-input" />
          <input semantic="OUTPUT" source="#walk__Armature_Walk_leg_back_foot_L_pose_matrix-output" />
          <input semantic="INTERPOLATION" source="#walk__Armature_Walk_leg_back_foot_L_pose_matrix-interpolation" />
        </sampler>
        <channel source="#walk__Armature_Walk_leg_back_foot_L_pose_matrix-sampler" target="Armature_leg_back_foot_L/transform" />
      </animation>
      <animation id="walk__Armature_Walk_leg_back_hip_R_pose_matrix" name="Armature">
        <source id="walk__Armature_Walk_leg_back_hip_R_pose_matrix-input">
          <float_array id="walk__Armature_Walk_leg_back_hip_R_pose_matrix-input-array" count="9">0.04166662 0.25 0.4583333 0.6666667 0.875 1.083333 1.291667 1.5 1.666667</float_array>
          <technique_common>
            <accessor source="#walk__Armature_Walk_leg_back_hip_R_pose_matrix-input-array" count="9" stride="1">
              <param name="TIME" type="float" />
            </accessor>
          </technique_common>
        </source>
        <source id="walk__Armature_Walk_leg_back_hip_R_pose_matrix-output">
          <float_array id="walk__Armature_Walk_leg_back_hip_R_pose_matrix-output-array" count="144">-0.3260513 -0.8775921 -0.3514581 -2.91038e-11 0.7745417 -0.03483685 -0.6315627 0.1554319 0.5420107 -0.4781408 0.6910904 2.32831e-9 0 0 0 1 -0.2490676 -0.8742613 -0.4166921 8.73115e-11 0.8005308 0.05630921 -0.5966403 0.1554319 0.5450832 -0.4821786 0.6858485 2.32831e-9 0 0 0 1 -0.1001358 -0.8435905 -0.5275679 -2.91038e-11 0.8277458 0.2235873 -0.5146315 0.1554319 0.5520956 -0.4882251 0.6758894 2.32831e-9 0 0 0 1 -0.01899528 -0.8143573 -0.580053 -1.45519e-10 0.8306514 0.3100438 -0.4624834 0.1554319 0.5564685 -0.4906068 0.6705578 2.32831e-9 0 0 0 1 -0.06786328 -0.8329983 -0.5490977 -1.45519e-10 0.8298867 0.2583608 -0.4945075 0.1554319 0.5537893 -0.4892478 0.6737611 2.32831e-9 0 0 0 1 -0.175235 -0.862872 -0.4740723 -2.18279e-10 0.8176548 0.1406626 -0.5582601 0.1554319 0.5483913 -0.4854542 0.6808827 2.32831e-9 0 0 0 1 -0.2800304 -0.8766918 -0.3911451 2.03727e-10 0.7911165 0.02005796 -0.6113365 0.1554319 0.5437993 -0.4806341 0.6879486 2.32831e-9 0 0 0 1 -0.3260513 -0.8775921 -0.3514581 -2.03727e-10 0.7745417 -0.03483685 -0.6315627 0.1554319 0.5420107 -0.4781408 0.6910904 -1.39698e-9 0 0 0 1 -0.3260513 -0.8775921 -0.3514581 -1.45519e-10 0.7745417 -0.03483685 -0.6315627 0.1554319 0.5420107 -0.4781408 0.6910904 6.0536e-9 0 0 0 1</float_array>
          <technique_common>
            <accessor source="#walk__Armature_Walk_leg_back_hip_R_pose_matrix-output-array" count="9" stride="16">
              <param name="TRANSFORM" type="float4x4" />
            </accessor>
          </technique_common>
        </source>
        <source id="walk__Armature_Walk_leg_back_hip_R_pose_matrix-interpolation">
          <Name_array id="walk__Armature_Walk_leg_back_hip_R_pose_matrix-interpolation-array" count="9">LINEAR LINEAR LINEAR LINEAR LINEAR LINEAR LINEAR LINEAR LINEAR</Name_array>
          <technique_common>
            <accessor source="#walk__Armature_Walk_leg_back_hip_R_pose_matrix-interpolation-array" count="9" stride="1">
              <param name="INTERPOLATION" type="name" />
            </accessor>
          </technique_common>
        </source>
        <sampler id="walk__Armature_Walk_leg_back_hip_R_pose_matrix-sampler">
          <input semantic="INPUT" source="#walk__Armature_Walk_leg_back_hip_R_pose_matrix-input" />
          <input semantic="OUTPUT" source="#walk__Armature_Walk_leg_back_hip_R_pose_matrix-output" />
          <input semantic="INTERPOLATION" source="#walk__Armature_Walk_leg_back_hip_R_pose_matrix-interpolation" />
        </sampler>
        <channel source="#walk__Armature_Walk_leg_back_hip_R_pose_matrix-sampler" target="Armature_leg_back_hip_R/transform" />
      </animation>
      <animation id="walk__Armature_Walk_leg_back_upper_R_pose_matrix" name="Armature">
        <source id="walk__Armature_Walk_leg_back_upper_R_pose_matrix-input">
          <float_array id="walk__Armature_Walk_leg_back_upper_R_pose_matrix-input-array" count="9">0.04166662 0.25 0.4583333 0.6666667 0.875 1.083333 1.291667 1.5 1.666667</float_array>
          <technique_common>
            <accessor source="#walk__Armature_Walk_leg_back_upper_R_pose_matrix-input-array" count="9" stride="1">
              <param name="TIME" type="float" />
            </accessor>
          </technique_common>
        </source>
        <source id="walk__Armature_Walk_leg_back_upper_R_pose_matrix-output">
          <float_array id="walk__Armature_Walk_leg_back_upper_R_pose_matrix-output-array" count="144">0.4689689 -0.8323721 0.2953383 0 0.3197322 0.4717084 0.8217437 0.112305 -0.8233099 -0.2909432 0.4873527 -3.72529e-9 0 0 0 1 0.5980789 -0.748823 0.2855966 0 0.2935914 0.5362948 0.7913231 0.112305 -0.745725 -0.3894249 0.5405946 0 0 0 0 1 0.8007048 -0.5477751 0.2425161 0 0.216682 0.6422433 0.7352364 0.112305 -0.5584986 -0.5361586 0.6329402 -3.72529e-9 0 0 0 1 0.8825429 -0.4220189 0.2074079 0 0.1627547 0.6879568 0.7072669 0.112305 -0.4411678 -0.5904366 0.6758369 0 0 0 0 1 0.8084981 -0.5353354 0.2444312 0 0.2147018 0.6550369 0.7244513 0.112305 -0.5479359 -0.5332377 0.6445336 7.45058e-9 0 0 0 1 0.6233442 -0.7230303 0.2977732 0 0.2961836 0.5707536 0.7658431 0.112305 -0.723683 -0.3891885 0.5699257 0 0 0 0 1 0.4885926 -0.8151699 0.3110868 -7.45058e-9 0.3267775 0.5015555 0.8010359 0.112305 -0.8090076 -0.2897242 0.5114354 -3.72529e-9 0 0 0 1 0.4713342 -0.8290901 0.3007553 0 0.3223079 0.4793462 0.8162996 0.112305 -0.8209518 -0.2878141 0.4931544 1.11759e-8 0 0 0 1 0.4689816 -0.8322721 0.2956001 0 0.3198589 0.472019 0.8215159 0.112305 -0.8232536 -0.2907257 0.4875778 3.72529e-9 0 0 0 1</float_array>
          <technique_common>
            <accessor source="#walk__Armature_Walk_leg_back_upper_R_pose_matrix-output-array" count="9" stride="16">
              <param name="TRANSFORM" type="float4x4" />
            </accessor>
          </technique_common>
        </source>
        <source id="walk__Armature_Walk_leg_back_upper_R_pose_matrix-interpolation">
          <Name_array id="walk__Armature_Walk_leg_back_upper_R_pose_matrix-interpolation-array" count="9">LINEAR LINEAR LINEAR LINEAR LINEAR LINEAR LINEAR LINEAR LINEAR</Name_array>
          <technique_common>
            <accessor source="#walk__Armature_Walk_leg_back_upper_R_pose_matrix-interpolation-array" count="9" stride="1">
              <param name="INTERPOLATION" type="name" />
            </accessor>
          </technique_common>
        </source>
        <sampler id="walk__Armature_Walk_leg_back_upper_R_pose_matrix-sampler">
          <input semantic="INPUT" source="#walk__Armature_Walk_leg_back_upper_R_pose_matrix-input" />
          <input semantic="OUTPUT" source="#walk__Armature_Walk_leg_back_upper_R_pose_matrix-output" />
          <input semantic="INTERPOLATION" source="#walk__Armature_Walk_leg_back_upper_R_pose_matrix-interpolation" />
        </sampler>
        <channel source="#walk__Armature_Walk_leg_back_upper_R_pose_matrix-sampler" target="Armature_leg_back_upper_R/transform" />
      </animation>
      <animation id="walk__Armature_Walk_leg_back_lower_R_pose_matrix" name="Armature">
        <source id="walk__Armature_Walk_leg_back_lower_R_pose_matrix-input">
          <float_array id="walk__Armature_Walk_leg_back_lower_R_pose_matrix-input-array" count="9">0.04166662 0.25 0.4583333 0.6666667 0.875 1.083333 1.291667 1.5 1.666667</float_array>
          <technique_common>
            <accessor source="#walk__Armature_Walk_leg_back_lower_R_pose_matrix-input-array" count="9" stride="1">
              <param name="TIME" type="float" />
            </accessor>
          </technique_common>
        </source>
        <source id="walk__Armature_Walk_leg_back_lower_R_pose_matrix-output">
          <float_array id="walk__Armature_Walk_leg_back_lower_R_pose_matrix-output-array" count="144">0.6767669 0.7346157 0.04823227 3.72529e-9 -0.7342583 0.6687822 0.1165986 0.1195142 0.05339825 -0.114325 0.9920071 7.45058e-9 0 0 0 1 0.6838588 0.7278947 0.05006871 7.45058e-9 -0.7280598 0.6763154 0.1119229 0.1195142 0.04760582 -0.1129925 0.9924548 0 0 0 0 1 0.6968116 0.7152491 0.05359602 -7.45058e-9 -0.7163048 0.6901006 0.1032902 0.1195142 0.03689153 -0.1103649 0.9932061 0 0 0 0 1 0.7036673 0.7083544 0.05555743 0 -0.7098466 0.6974109 0.09867062 0.1195142 0.03114736 -0.1088685 0.993568 0 0 0 0 1 0.5895367 0.8074154 0.02295575 7.45058e-9 -0.8019598 0.5816861 0.1360216 0.1195142 0.09647286 -0.09859926 0.9904398 0 0 0 0 1 0.3724791 0.9278859 -0.01694702 7.45058e-9 -0.9069578 0.367827 0.2052587 0.1195142 0.1966902 -0.06108437 0.978561 -1.49012e-8 0 0 0 1 0.343294 0.9390061 -0.02042801 0 -0.9157072 0.3394548 0.2150603 0.1195141 0.2088773 -0.05512286 0.9763871 -7.45058e-9 0 0 0 1 0.5524136 0.833423 0.01566417 0 -0.8249658 0.5439221 0.1535581 0.1195142 0.1194587 -0.09774999 0.9880154 7.45058e-9 0 0 0 1 0.6707439 0.7402364 0.0463974 3.72529e-9 -0.7395035 0.6626589 0.1183977 0.1195141 0.05689662 -0.1137256 0.9918816 0 0 0 0 1</float_array>
          <technique_common>
            <accessor source="#walk__Armature_Walk_leg_back_lower_R_pose_matrix-output-array" count="9" stride="16">
              <param name="TRANSFORM" type="float4x4" />
            </accessor>
          </technique_common>
        </source>
        <source id="walk__Armature_Walk_leg_back_lower_R_pose_matrix-interpolation">
          <Name_array id="walk__Armature_Walk_leg_back_lower_R_pose_matrix-interpolation-array" count="9">LINEAR LINEAR LINEAR LINEAR LINEAR LINEAR LINEAR LINEAR LINEAR</Name_array>
          <technique_common>
            <accessor source="#walk__Armature_Walk_leg_back_lower_R_pose_matrix-interpolation-array" count="9" stride="1">
              <param name="INTERPOLATION" type="name" />
            </accessor>
          </technique_common>
        </source>
        <sampler id="walk__Armature_Walk_leg_back_lower_R_pose_matrix-sampler">
          <input semantic="INPUT" source="#walk__Armature_Walk_leg_back_lower_R_pose_matrix-input" />
          <input semantic="OUTPUT" source="#walk__Armature_Walk_leg_back_lower_R_pose_matrix-output" />
          <input semantic="INTERPOLATION" source="#walk__Armature_Walk_leg_back_lower_R_pose_matrix-interpolation" />
        </sampler>
        <channel source="#walk__Armature_Walk_leg_back_lower_R_pose_matrix-sampler" target="Armature_leg_back_lower_R/transform" />
      </animation>
      <animation id="walk__Armature_Walk_leg_back_foot_R_pose_matrix" name="Armature">
        <source id="walk__Armature_Walk_leg_back_foot_R_pose_matrix-input">
          <float_array id="walk__Armature_Walk_leg_back_foot_R_pose_matrix-input-array" count="9">0.04166662 0.25 0.4583333 0.6666667 0.875 1.083333 1.291667 1.5 1.666667</float_array>
          <technique_common>
            <accessor source="#walk__Armature_Walk_leg_back_foot_R_pose_matrix-input-array" count="9" stride="1">
              <param name="TIME" type="float" />
            </accessor>
          </technique_common>
        </source>
        <source id="walk__Armature_Walk_leg_back_foot_R_pose_matrix-output">
          <float_array id="walk__Armature_Walk_leg_back_foot_R_pose_matrix-output-array" count="144">0.5121022 -0.7800938 0.359451 -1.49012e-8 0.1641242 -0.3219065 -0.9324374 0.149302 0.8430981 0.5364977 -0.03681671 0 0 0 0 1 0.3788432 -0.8456391 0.3759949 1.49012e-8 0.1345746 -0.3516227 -0.9264183 0.149302 0.9156242 0.4015665 -0.01940834 -1.49012e-8 0 0 0 1 0.1078232 -0.9082512 0.404294 1.49012e-8 0.06841987 -0.3989214 -0.9144289 0.149302 0.9918128 0.1262583 0.01912946 -1.49012e-8 0 0 0 1 -0.0404102 -0.9020289 0.4297801 -1.49012e-8 0.02794448 -0.4309834 -0.9019271 0.1493021 0.9987924 -0.02443723 0.04262285 1.49012e-8 0 0 0 1 0.06456965 -0.8223631 0.5652874 -2.23517e-8 0.02096337 -0.5652267 -0.8246694 0.1493021 0.9976931 0.06509874 -0.01925693 -1.49012e-8 0 0 0 1 0.2179928 -0.7151146 0.6641462 -2.23517e-8 0.06625101 -0.6680994 -0.7411166 0.149302 0.973699 0.2055583 -0.09826368 0 0 0 0 1 0.2792231 -0.7330912 0.6201705 -2.98023e-8 0.1528517 -0.6036896 -0.782429 0.1493021 0.9479825 0.3132662 -0.05650977 7.45058e-9 0 0 0 1 0.4074296 -0.7790326 0.4765598 -3.72529e-8 0.1877814 -0.4392202 -0.8785351 0.149302 0.8937222 0.44743 -0.0326634 2.23517e-8 0 0 0 1 0.5065782 -0.7806925 0.3659202 0 0.166124 -0.3280746 -0.9299301 0.149302 0.8460386 0.5318703 -0.03650367 -7.45058e-9 0 0 0 1</float_array>
          <technique_common>
            <accessor source="#walk__Armature_Walk_leg_back_foot_R_pose_matrix-output-array" count="9" stride="16">
              <param name="TRANSFORM" type="float4x4" />
            </accessor>
          </technique_common>
        </source>
        <source id="walk__Armature_Walk_leg_back_foot_R_pose_matrix-interpolation">
          <Name_array id="walk__Armature_Walk_leg_back_foot_R_pose_matrix-interpolation-array" count="9">LINEAR LINEAR LINEAR LINEAR LINEAR LINEAR LINEAR LINEAR LINEAR</Name_array>
          <technique_common>
            <accessor source="#walk__Armature_Walk_leg_back_foot_R_pose_matrix-interpolation-array" count="9" stride="1">
              <param name="INTERPOLATION" type="name" />
            </accessor>
          </technique_common>
        </source>
        <sampler id="walk__Armature_Walk_leg_back_foot_R_pose_matrix-sampler">
          <input semantic="INPUT" source="#walk__Armature_Walk_leg_back_foot_R_pose_matrix-input" />
          <input semantic="OUTPUT" source="#walk__Armature_Walk_leg_back_foot_R_pose_matrix-output" />
          <input semantic="INTERPOLATION" source="#walk__Armature_Walk_leg_back_foot_R_pose_matrix-interpolation" />
        </sampler>
        <channel source="#walk__Armature_Walk_leg_back_foot_R_pose_matrix-sampler" target="Armature_leg_back_foot_R/transform" />
      </animation>
    </animation>
  <animation id="attack__action_container-Armature" name="Armature">
      <animation id="attack__Armature_Attack_base_pose_matrix" name="Armature">
        <source id="attack__Armature_Attack_base_pose_matrix-input">
          <float_array id="attack__Armature_Attack_base_pose_matrix-input-array" count="9">0.04166662 0.25 0.4583333 0.6666667 0.875 1.083333 1.291667 1.5 1.708333</float_array>
          <technique_common>
            <accessor source="#attack__Armature_Attack_base_pose_matrix-input-array" count="9" stride="1">
              <param name="TIME" type="float" />
            </accessor>
          </technique_common>
        </source>
        <source id="attack__Armature_Attack_base_pose_matrix-output">
          <float_array id="attack__Armature_Attack_base_pose_matrix-output-array" count="144">0.9803394 0 0.1973186 0 0.1542276 0.6237587 -0.76625 -0.1273851 -0.1230792 0.781617 0.6114951 -0.1374949 0 0 0 1 0.9803394 0 0.1973186 0 0.1542276 0.6237587 -0.76625 -0.09216282 -0.1230792 0.781617 0.6114951 -0.1469448 0 0 0 1 0.9803394 0 0.1973186 1.86265e-9 0.1542276 0.6237587 -0.76625 -0.03052385 -0.1230792 0.781617 0.6114951 -0.1634821 0 0 0 1 0.9803394 -2.03727e-10 0.1973186 0 0.154488 0.6221011 -0.7675439 -0.009190045 -0.1227521 0.7829369 0.6098701 -0.1711563 0 0 0 1 0.9803394 -5.58794e-9 0.1973186 -1.86265e-9 0.160631 0.5807681 -0.798064 -0.07308402 -0.1145963 0.8140691 0.5693498 -0.2016304 0 0 0 1 0.9803395 -2.04891e-8 0.1973186 9.31323e-10 0.166344 0.5378787 -0.826448 -0.136978 -0.1061334 0.8430223 0.5273036 -0.2321045 0 0 0 1 0.9803393 -1.11759e-8 0.1973186 2.79397e-9 0.1665685 0.5360911 -0.8275635 -0.1395953 -0.1057807 0.8441602 0.5255511 -0.2333528 0 0 0 1 0.9803394 -6.51926e-9 0.1973186 1.86265e-9 0.1616495 0.5734642 -0.8031241 -0.1345035 -0.1131552 0.8192307 0.5621895 -0.1933791 0 0 0 1 0.9803394 0 0.1973186 0 0.1542276 0.6237587 -0.76625 -0.1273851 -0.1230792 0.781617 0.6114951 -0.1374949 0 0 0 1</float_array>
          <technique_common>
            <accessor source="#attack__Armature_Attack_base_pose_matrix-output-array" count="9" stride="16">
              <param name="TRANSFORM" type="float4x4" />
            </accessor>
          </technique_common>
        </source>
        <source id="attack__Armature_Attack_base_pose_matrix-interpolation">
          <Name_array id="attack__Armature_Attack_base_pose_matrix-interpolation-array" count="9">LINEAR LINEAR LINEAR LINEAR LINEAR LINEAR LINEAR LINEAR LINEAR</Name_array>
          <technique_common>
            <accessor source="#attack__Armature_Attack_base_pose_matrix-interpolation-array" count="9" stride="1">
              <param name="INTERPOLATION" type="name" />
            </accessor>
          </technique_common>
        </source>
        <sampler id="attack__Armature_Attack_base_pose_matrix-sampler">
          <input semantic="INPUT" source="#attack__Armature_Attack_base_pose_matrix-input" />
          <input semantic="OUTPUT" source="#attack__Armature_Attack_base_pose_matrix-output" />
          <input semantic="INTERPOLATION" source="#attack__Armature_Attack_base_pose_matrix-interpolation" />
        </sampler>
        <channel source="#attack__Armature_Attack_base_pose_matrix-sampler" target="Armature_base/transform" />
      </animation>
      <animation id="attack__Armature_Attack_neck1_pose_matrix" name="Armature">
        <source id="attack__Armature_Attack_neck1_pose_matrix-input">
          <float_array id="attack__Armature_Attack_neck1_pose_matrix-input-array" count="9">0.04166662 0.25 0.4583333 0.6666667 0.875 1.083333 1.291667 1.5 1.708333</float_array>
          <technique_common>
            <accessor source="#attack__Armature_Attack_neck1_pose_matrix-input-array" count="9" stride="1">
              <param name="TIME" type="float" />
            </accessor>
          </technique_common>
        </source>
        <source id="attack__Armature_Attack_neck1_pose_matrix-output">
          <float_array id="attack__Armature_Attack_neck1_pose_matrix-output-array" count="144">0.9695646 -0.1875137 0.1574272 9.31323e-10 0.2190369 0.3770207 -0.8999323 0.1054889 0.1093963 0.9070249 0.4066183 -3.72529e-9 0 0 0 1 0.9685028 -0.1934402 0.1567911 -4.65661e-10 0.2239113 0.4011053 -0.8882445 0.1054889 0.1089325 0.8953745 0.431785 -1.86265e-9 0 0 0 1 0.9647439 -0.2127185 0.1549844 1.86265e-9 0.2362423 0.4403282 -0.866199 0.1054889 0.1160125 0.872274 0.475057 5.58794e-9 0 0 0 1 0.9563835 -0.2476586 0.154907 9.31323e-10 0.2531655 0.438162 -0.8625088 0.1054889 0.1457333 0.8641062 0.4817492 0 0 0 0 1 0.9304416 -0.2800398 0.2363399 4.65661e-10 0.2553249 0.03281716 -0.9662983 0.1054889 0.2628459 0.9594274 0.1020353 7.45058e-9 0 0 0 1 0.9087521 -0.1733868 0.3796143 1.86265e-9 0.1348546 -0.7388164 -0.6602764 0.1054889 0.3949483 0.6512201 -0.6480188 -7.45058e-9 0 0 0 1 0.9087833 -0.1611341 0.384901 3.72529e-9 0.1237041 -0.776922 -0.6173245 0.1054889 0.39851 0.6086281 -0.6861208 0 0 0 0 1 0.9319621 -0.2096889 0.2957658 9.31323e-10 0.2100735 -0.3525658 -0.9119025 0.1054889 0.2954927 0.9119911 -0.2845279 -3.72529e-9 0 0 0 1 0.9695646 -0.1875137 0.1574272 9.31323e-10 0.2190369 0.3770207 -0.8999323 0.1054889 0.1093963 0.9070249 0.4066183 -3.72529e-9 0 0 0 1</float_array>
          <technique_common>
            <accessor source="#attack__Armature_Attack_neck1_pose_matrix-output-array" count="9" stride="16">
              <param name="TRANSFORM" type="float4x4" />
            </accessor>
          </technique_common>
        </source>
        <source id="attack__Armature_Attack_neck1_pose_matrix-interpolation">
          <Name_array id="attack__Armature_Attack_neck1_pose_matrix-interpolation-array" count="9">LINEAR LINEAR LINEAR LINEAR LINEAR LINEAR LINEAR LINEAR LINEAR</Name_array>
          <technique_common>
            <accessor source="#attack__Armature_Attack_neck1_pose_matrix-interpolation-array" count="9" stride="1">
              <param name="INTERPOLATION" type="name" />
            </accessor>
          </technique_common>
        </source>
        <sampler id="attack__Armature_Attack_neck1_pose_matrix-sampler">
          <input semantic="INPUT" source="#attack__Armature_Attack_neck1_pose_matrix-input" />
          <input semantic="OUTPUT" source="#attack__Armature_Attack_neck1_pose_matrix-output" />
          <input semantic="INTERPOLATION" source="#attack__Armature_Attack_neck1_pose_matrix-interpolation" />
        </sampler>
        <channel source="#attack__Armature_Attack_neck1_pose_matrix-sampler" target="Armature_neck1/transform" />
      </animation>
      <animation id="attack__Armature_Attack_neck2_pose_matrix" name="Armature">
        <source id="attack__Armature_Attack_neck2_pose_matrix-input">
          <float_array id="attack__Armature_Attack_neck2_pose_matrix-input-array" count="9">0.04166662 0.25 0.4583333 0.6666667 0.875 1.083333 1.291667 1.5 1.708333</float_array>
          <technique_common>
            <accessor source="#attack__Armature_Attack_neck2_pose_matrix-input-array" count="9" stride="1">
              <param name="TIME" type="float" />
            </accessor>
          </technique_common>
        </source>
        <source id="attack__Armature_Attack_neck2_pose_matrix-output">
          <float_array id="attack__Armature_Attack_neck2_pose_matrix-output-array" count="144">0.2201689 0.188399 0.9570953 -1.86265e-9 -0.3514764 0.9305878 -0.102328 0.1416763 -0.9099396 -0.3138669 0.2711042 7.45058e-9 0 0 0 1 0.2082752 0.2391514 0.9483818 -1.86265e-9 -0.518029 0.8494459 -0.1004379 0.1416763 -0.8296188 -0.4703705 0.3008059 7.45058e-9 0 0 0 1 0.1625433 0.3219759 0.9326904 9.31323e-10 -0.7715994 0.6306398 -0.083235 0.1416763 -0.6149912 -0.706134 0.3509426 -1.86265e-9 0 0 0 1 0.1272427 0.3554861 0.9259799 1.86265e-9 -0.8679785 0.4917148 -0.06949809 0.1416763 -0.4800237 -0.7948874 0.3711214 -1.62981e-9 0 0 0 1 0.1185767 0.3487789 0.9296735 0 -0.8846555 0.4622906 -0.06059932 0.1416763 -0.450915 -0.8152551 0.363366 0 0 0 0 1 0.2302804 0.2347551 0.9443839 0 -0.427828 0.8960688 -0.1184226 0.1416763 -0.8740332 -0.3767634 0.3067819 -3.72529e-9 0 0 0 1 0.3183318 0.1888331 0.9289817 -3.72529e-9 -0.233879 0.9653121 -0.1160752 0.1416763 -0.9186759 -0.1803189 0.3514535 0 0 0 0 1 0.279483 0.1946805 0.9402068 -1.86265e-9 -0.300879 0.9476649 -0.1067864 0.1416763 -0.9117901 -0.2530434 0.3234315 7.45058e-9 0 0 0 1 0.2201689 0.188399 0.9570953 -1.86265e-9 -0.3514764 0.9305878 -0.102328 0.1416763 -0.9099396 -0.3138669 0.2711042 7.45058e-9 0 0 0 1</float_array>
          <technique_common>
            <accessor source="#attack__Armature_Attack_neck2_pose_matrix-output-array" count="9" stride="16">
              <param name="TRANSFORM" type="float4x4" />
            </accessor>
          </technique_common>
        </source>
        <source id="attack__Armature_Attack_neck2_pose_matrix-interpolation">
          <Name_array id="attack__Armature_Attack_neck2_pose_matrix-interpolation-array" count="9">LINEAR LINEAR LINEAR LINEAR LINEAR LINEAR LINEAR LINEAR LINEAR</Name_array>
          <technique_common>
            <accessor source="#attack__Armature_Attack_neck2_pose_matrix-interpolation-array" count="9" stride="1">
              <param name="INTERPOLATION" type="name" />
            </accessor>
          </technique_common>
        </source>
        <sampler id="attack__Armature_Attack_neck2_pose_matrix-sampler">
          <input semantic="INPUT" source="#attack__Armature_Attack_neck2_pose_matrix-input" />
          <input semantic="OUTPUT" source="#attack__Armature_Attack_neck2_pose_matrix-output" />
          <input semantic="INTERPOLATION" source="#attack__Armature_Attack_neck2_pose_matrix-interpolation" />
        </sampler>
        <channel source="#attack__Armature_Attack_neck2_pose_matrix-sampler" target="Armature_neck2/transform" />
      </animation>
      <animation id="attack__Armature_Attack_neck3_pose_matrix" name="Armature">
        <source id="attack__Armature_Attack_neck3_pose_matrix-input">
          <float_array id="attack__Armature_Attack_neck3_pose_matrix-input-array" count="9">0.04166662 0.25 0.4583333 0.6666667 0.875 1.083333 1.291667 1.5 1.708333</float_array>
          <technique_common>
            <accessor source="#attack__Armature_Attack_neck3_pose_matrix-input-array" count="9" stride="1">
              <param name="TIME" type="float" />
            </accessor>
          </technique_common>
        </source>
        <source id="attack__Armature_Attack_neck3_pose_matrix-output">
          <float_array id="attack__Armature_Attack_neck3_pose_matrix-output-array" count="144">0.4657144 -0.7905083 0.3977521 1.49012e-8 0.5941353 0.6124164 0.5214874 0.1335502 -0.6558301 -0.0065457 0.7548801 -1.86265e-9 0 0 0 1 0.4039144 -0.8351961 0.3732297 0 0.6673954 0.5480713 0.5041838 0.1335502 -0.6256488 0.0454446 0.77878 9.31323e-10 0 0 0 1 0.2844097 -0.8982486 0.3350531 -9.31323e-9 0.7785568 0.4203373 0.4660105 0.1335502 -0.5594288 0.1283199 0.8188856 0 0 0 0 1 0.2344933 -0.9169984 0.3226868 3.72529e-9 0.814393 0.3665662 0.4498814 0.1335502 -0.5308268 0.1572997 0.8327544 9.31323e-10 0 0 0 1 0.2612485 -0.8980521 0.3539085 0 0.7466986 0.4203667 0.5154928 0.1335501 -0.6117109 0.1295912 0.7803946 9.31323e-10 0 0 0 1 0.5822135 -0.3756344 0.721059 -7.45058e-9 0.08242087 0.9095721 0.4072897 0.1335502 -0.8088473 -0.1776994 0.5605255 -3.72529e-9 0 0 0 1 0.6329718 0.1015308 0.7674884 -3.72529e-9 -0.2215204 0.9736657 0.05388878 0.1335502 -0.7418056 -0.2041245 0.6387939 -3.72529e-9 0 0 0 1 0.665992 -0.4032723 0.6275559 -1.49012e-8 0.2949581 0.915078 0.2750127 0.1335502 -0.6851675 0.001946467 0.7283831 -4.65661e-10 0 0 0 1 0.4657144 -0.7905083 0.3977521 1.49012e-8 0.5941353 0.6124164 0.5214874 0.1335502 -0.6558301 -0.0065457 0.7548801 -1.86265e-9 0 0 0 1</float_array>
          <technique_common>
            <accessor source="#attack__Armature_Attack_neck3_pose_matrix-output-array" count="9" stride="16">
              <param name="TRANSFORM" type="float4x4" />
            </accessor>
          </technique_common>
        </source>
        <source id="attack__Armature_Attack_neck3_pose_matrix-interpolation">
          <Name_array id="attack__Armature_Attack_neck3_pose_matrix-interpolation-array" count="9">LINEAR LINEAR LINEAR LINEAR LINEAR LINEAR LINEAR LINEAR LINEAR</Name_array>
          <technique_common>
            <accessor source="#attack__Armature_Attack_neck3_pose_matrix-interpolation-array" count="9" stride="1">
              <param name="INTERPOLATION" type="name" />
            </accessor>
          </technique_common>
        </source>
        <sampler id="attack__Armature_Attack_neck3_pose_matrix-sampler">
          <input semantic="INPUT" source="#attack__Armature_Attack_neck3_pose_matrix-input" />
          <input semantic="OUTPUT" source="#attack__Armature_Attack_neck3_pose_matrix-output" />
          <input semantic="INTERPOLATION" source="#attack__Armature_Attack_neck3_pose_matrix-interpolation" />
        </sampler>
        <channel source="#attack__Armature_Attack_neck3_pose_matrix-sampler" target="Armature_neck3/transform" />
      </animation>
      <animation id="attack__Armature_Attack_jaw_upper_pose_matrix" name="Armature">
        <source id="attack__Armature_Attack_jaw_upper_pose_matrix-input">
          <float_array id="attack__Armature_Attack_jaw_upper_pose_matrix-input-array" count="9">0.04166662 0.25 0.4583333 0.6666667 0.875 1.083333 1.291667 1.5 1.708333</float_array>
          <technique_common>
            <accessor source="#attack__Armature_Attack_jaw_upper_pose_matrix-input-array" count="9" stride="1">
              <param name="TIME" type="float" />
            </accessor>
          </technique_common>
        </source>
        <source id="attack__Armature_Attack_jaw_upper_pose_matrix-output">
          <float_array id="attack__Armature_Attack_jaw_upper_pose_matrix-output-array" count="144">0.2205761 -0.5423435 0.8106847 1.49012e-8 -0.4293922 0.6922863 0.5799672 0.1076932 -0.8757675 -0.4760287 -0.08017629 1.49012e-8 0 0 0 1 0.2592109 -0.5344165 0.8044928 -2.23517e-8 -0.4005673 0.6984591 0.5930437 0.1076932 -0.8788377 -0.4759769 -0.03302148 3.72529e-9 0 0 0 1 0.3253607 -0.5195841 0.790046 -3.72529e-9 -0.3478595 0.7111474 0.6109526 0.1076932 -0.8792806 -0.4736049 0.05063722 -5.58794e-9 0 0 0 1 0.3439439 -0.5104689 0.7881144 -1.86265e-9 -0.3281074 0.7210781 0.6102394 0.1076932 -0.8798001 -0.4684742 0.0805217 1.86265e-9 0 0 0 1 0.2073434 -0.481217 0.851727 0 -0.3538095 0.7748225 0.5238978 0.1076932 -0.9120458 -0.4099758 -0.009604812 0 0 0 0 1 0.09221739 -0.1839083 0.9786079 2.23517e-8 -0.08169478 0.978085 0.1915083 0.1076933 -0.9923819 -0.09760748 0.07517213 -7.45058e-9 0 0 0 1 0.1484129 0.02242785 0.9886712 -1.11759e-8 -0.01070429 0.9997209 -0.02107164 0.1076932 -0.9888676 -0.007455721 0.1486115 1.11759e-8 0 0 0 1 0.1644564 -0.2212195 0.9612576 0 -0.2519399 0.9327816 0.2577692 0.1076933 -0.9536668 -0.2845709 0.0976679 0 0 0 0 1 0.2205761 -0.5423435 0.8106847 1.49012e-8 -0.4293922 0.6922863 0.5799672 0.1076932 -0.8757675 -0.4760287 -0.08017629 1.49012e-8 0 0 0 1</float_array>
          <technique_common>
            <accessor source="#attack__Armature_Attack_jaw_upper_pose_matrix-output-array" count="9" stride="16">
              <param name="TRANSFORM" type="float4x4" />
            </accessor>
          </technique_common>
        </source>
        <source id="attack__Armature_Attack_jaw_upper_pose_matrix-interpolation">
          <Name_array id="attack__Armature_Attack_jaw_upper_pose_matrix-interpolation-array" count="9">LINEAR LINEAR LINEAR LINEAR LINEAR LINEAR LINEAR LINEAR LINEAR</Name_array>
          <technique_common>
            <accessor source="#attack__Armature_Attack_jaw_upper_pose_matrix-interpolation-array" count="9" stride="1">
              <param name="INTERPOLATION" type="name" />
            </accessor>
          </technique_common>
        </source>
        <sampler id="attack__Armature_Attack_jaw_upper_pose_matrix-sampler">
          <input semantic="INPUT" source="#attack__Armature_Attack_jaw_upper_pose_matrix-input" />
          <input semantic="OUTPUT" source="#attack__Armature_Attack_jaw_upper_pose_matrix-output" />
          <input semantic="INTERPOLATION" source="#attack__Armature_Attack_jaw_upper_pose_matrix-interpolation" />
        </sampler>
        <channel source="#attack__Armature_Attack_jaw_upper_pose_matrix-sampler" target="Armature_jaw_upper/transform" />
      </animation>
      <animation id="attack__Armature_Attack_jaw_lower_pose_matrix" name="Armature">
        <source id="attack__Armature_Attack_jaw_lower_pose_matrix-input">
          <float_array id="attack__Armature_Attack_jaw_lower_pose_matrix-input-array" count="9">0.04166662 0.25 0.4583333 0.6666667 0.875 1.083333 1.291667 1.5 1.708333</float_array>
          <technique_common>
            <accessor source="#attack__Armature_Attack_jaw_lower_pose_matrix-input-array" count="9" stride="1">
              <param name="TIME" type="float" />
            </accessor>
          </technique_common>
        </source>
        <source id="attack__Armature_Attack_jaw_lower_pose_matrix-output">
          <float_array id="attack__Armature_Attack_jaw_lower_pose_matrix-output-array" count="144">0.8121689 -0.5597128 0.1646307 -0.03063554 0.3239904 0.6673616 0.6705661 0.09039895 -0.4851928 -0.4912741 0.7233518 -0.0268896 0 0 0 1 0.8015782 -0.5931051 0.07549158 -0.02902465 0.3570328 0.5761142 0.7352688 0.08900152 -0.4795834 -0.5624224 0.6735582 -0.02691963 0 0 0 1 0.7584095 -0.6436026 -0.1029101 -0.02620552 0.4252419 0.3689475 0.8264665 0.08655606 -0.4939477 -0.6705617 0.5535002 -0.02697217 0 0 0 1 0.6819658 -0.6982375 -0.2176861 -0.02512317 0.4712099 0.1918274 0.8609086 0.08560815 -0.5593606 -0.6896859 0.4598362 -0.0269783 0 0 0 1 0.6011342 -0.7802249 -0.1728778 -0.02549782 0.3886815 0.09643346 0.9163116 0.08733751 -0.6982582 -0.6180207 0.3612284 -0.02564198 0 0 0 1 0.7796094 -0.5911365 0.2068014 -0.02619588 0.3006286 0.6429259 0.7044634 0.1006633 -0.5493921 -0.4870358 0.6789435 -0.02350149 0 0 0 1 0.9220641 -0.04752453 0.3841087 -0.02493626 -0.003362203 0.9914116 0.1307353 0.1104431 -0.3870229 -0.1218379 0.9139851 -0.02491853 0 0 0 1 0.8997651 -0.2809155 0.3339303 -0.02730527 0.1438709 0.9134179 0.3807477 0.1021 -0.4119758 -0.2945406 0.862277 -0.02573754 0 0 0 1 0.8121689 -0.5597128 0.1646307 -0.03063554 0.3239904 0.6673616 0.6705661 0.09039895 -0.4851928 -0.4912741 0.7233518 -0.0268896 0 0 0 1</float_array>
          <technique_common>
            <accessor source="#attack__Armature_Attack_jaw_lower_pose_matrix-output-array" count="9" stride="16">
              <param name="TRANSFORM" type="float4x4" />
            </accessor>
          </technique_common>
        </source>
        <source id="attack__Armature_Attack_jaw_lower_pose_matrix-interpolation">
          <Name_array id="attack__Armature_Attack_jaw_lower_pose_matrix-interpolation-array" count="9">LINEAR LINEAR LINEAR LINEAR LINEAR LINEAR LINEAR LINEAR LINEAR</Name_array>
          <technique_common>
            <accessor source="#attack__Armature_Attack_jaw_lower_pose_matrix-interpolation-array" count="9" stride="1">
              <param name="INTERPOLATION" type="name" />
            </accessor>
          </technique_common>
        </source>
        <sampler id="attack__Armature_Attack_jaw_lower_pose_matrix-sampler">
          <input semantic="INPUT" source="#attack__Armature_Attack_jaw_lower_pose_matrix-input" />
          <input semantic="OUTPUT" source="#attack__Armature_Attack_jaw_lower_pose_matrix-output" />
          <input semantic="INTERPOLATION" source="#attack__Armature_Attack_jaw_lower_pose_matrix-interpolation" />
        </sampler>
        <channel source="#attack__Armature_Attack_jaw_lower_pose_matrix-sampler" target="Armature_jaw_lower/transform" />
      </animation>
      <animation id="attack__Armature_Attack_tongue_pose_matrix" name="Armature">
        <source id="attack__Armature_Attack_tongue_pose_matrix-input">
          <float_array id="attack__Armature_Attack_tongue_pose_matrix-input-array" count="9">0.04166662 0.25 0.4583333 0.6666667 0.875 1.083333 1.291667 1.5 1.708333</float_array>
          <technique_common>
            <accessor source="#attack__Armature_Attack_tongue_pose_matrix-input-array" count="9" stride="1">
              <param name="TIME" type="float" />
            </accessor>
          </technique_common>
        </source>
        <source id="attack__Armature_Attack_tongue_pose_matrix-output">
          <float_array id="attack__Armature_Attack_tongue_pose_matrix-output-array" count="144">0.8226069 -0.5653211 -0.06107265 -0.004939348 0.4948989 0.6589391 0.5664575 0.07935692 -0.2799873 -0.4961966 0.8218248 -0.004335381 0 0 0 1 0.7969779 -0.588876 -0.134355 -0.004298173 0.5379561 0.590896 0.601203 0.0840141 -0.2746443 -0.5514225 0.7877207 -0.004526656 0 0 0 1 0.7352706 -0.623879 -0.2648614 -0.003963199 0.6166451 0.4535798 0.6434389 0.09308166 -0.2812924 -0.6364273 0.7182163 -0.005552272 0 0 0 1 0.6787283 -0.6629118 -0.3160313 -0.0063381 0.6625983 0.3672054 0.6527814 0.09910149 -0.3166882 -0.652463 0.6884771 -0.008206774 0 0 0 1 0.6709337 -0.7128701 -0.2041178 -0.01211344 0.5947732 0.3529796 0.7222533 0.09609029 -0.4428235 -0.6059878 0.6608222 -0.01428004 0 0 0 1 0.8758543 -0.4785542 0.06216708 -0.01259217 0.3994056 0.7911652 0.4631763 0.08907244 -0.2708396 -0.3808451 0.8840829 -0.01421335 0 0 0 1 0.9933596 0.01662103 0.113844 -0.01142979 -0.02384926 0.9977645 0.06242705 0.08513498 -0.1125519 -0.06472764 0.9915353 -0.01201583 0 0 0 1 0.9651251 -0.2478697 0.08422688 -0.008825148 0.2133396 0.9311548 0.2956972 0.08273768 -0.1517226 -0.2674158 0.9515613 -0.008864738 0 0 0 1 0.8226069 -0.5653211 -0.06107265 -0.004939348 0.4948989 0.6589391 0.5664575 0.07935692 -0.2799873 -0.4961966 0.8218248 -0.004335381 0 0 0 1</float_array>
          <technique_common>
            <accessor source="#attack__Armature_Attack_tongue_pose_matrix-output-array" count="9" stride="16">
              <param name="TRANSFORM" type="float4x4" />
            </accessor>
          </technique_common>
        </source>
        <source id="attack__Armature_Attack_tongue_pose_matrix-interpolation">
          <Name_array id="attack__Armature_Attack_tongue_pose_matrix-interpolation-array" count="9">LINEAR LINEAR LINEAR LINEAR LINEAR LINEAR LINEAR LINEAR LINEAR</Name_array>
          <technique_common>
            <accessor source="#attack__Armature_Attack_tongue_pose_matrix-interpolation-array" count="9" stride="1">
              <param name="INTERPOLATION" type="name" />
            </accessor>
          </technique_common>
        </source>
        <sampler id="attack__Armature_Attack_tongue_pose_matrix-sampler">
          <input semantic="INPUT" source="#attack__Armature_Attack_tongue_pose_matrix-input" />
          <input semantic="OUTPUT" source="#attack__Armature_Attack_tongue_pose_matrix-output" />
          <input semantic="INTERPOLATION" source="#attack__Armature_Attack_tongue_pose_matrix-interpolation" />
        </sampler>
        <channel source="#attack__Armature_Attack_tongue_pose_matrix-sampler" target="Armature_tongue/transform" />
      </animation>
      <animation id="attack__Armature_Attack_leg_front_shoulder_L_pose_matrix" name="Armature">
        <source id="attack__Armature_Attack_leg_front_shoulder_L_pose_matrix-input">
          <float_array id="attack__Armature_Attack_leg_front_shoulder_L_pose_matrix-input-array" count="9">0.04166662 0.25 0.4583333 0.6666667 0.875 1.083333 1.291667 1.5 1.708333</float_array>
          <technique_common>
            <accessor source="#attack__Armature_Attack_leg_front_shoulder_L_pose_matrix-input-array" count="9" stride="1">
              <param name="TIME" type="float" />
            </accessor>
          </technique_common>
        </source>
        <source id="attack__Armature_Attack_leg_front_shoulder_L_pose_matrix-output">
          <float_array id="attack__Armature_Attack_leg_front_shoulder_L_pose_matrix-output-array" count="144">-0.07770391 0.9946358 -0.06827415 9.31323e-10 -0.9917232 -0.0700925 0.1075728 0.1054889 0.1022103 0.07606792 0.99185 -3.72529e-9 0 0 0 1 -0.1137522 0.9759943 -0.1857288 -4.65661e-10 -0.9933419 -0.1082997 0.03927839 0.1054889 0.0182212 0.1889603 0.9818156 -1.86265e-9 0 0 0 1 -0.1413263 0.9063842 -0.3981133 1.86265e-9 -0.9731432 -0.2010123 -0.1121877 0.1054889 -0.1817109 0.3715663 0.91045 5.58794e-9 0 0 0 1 -0.09624118 0.8744107 -0.4755451 9.31323e-10 -0.9221214 -0.2581979 -0.2881427 0.1054889 -0.3747399 0.4107791 0.8311621 0 0 0 0 1 0.06147656 0.9780243 -0.1992206 4.65661e-10 -0.8747241 -0.04333721 -0.4826796 0.1054889 -0.4807062 0.2039365 0.8528372 7.45058e-9 0 0 0 1 0.1756658 0.9790252 0.103203 1.86265e-9 -0.822524 0.203565 -0.5310513 0.1054889 -0.5409212 0.008400619 0.8410312 -7.45058e-9 0 0 0 1 0.1796793 0.976939 0.115348 3.72529e-9 -0.8201592 0.2135161 -0.5308008 0.1054889 -0.5431887 7.70204e-4 0.8396103 0 0 0 0 1 0.08907086 0.9958621 0.01801672 9.31323e-10 -0.9540132 0.09049784 -0.2857776 0.1054889 -0.2862257 0.008266304 0.9581264 -3.72529e-9 0 0 0 1 -0.07770391 0.9946358 -0.06827415 9.31323e-10 -0.9917232 -0.0700925 0.1075728 0.1054889 0.1022103 0.07606792 0.99185 -3.72529e-9 0 0 0 1</float_array>
          <technique_common>
            <accessor source="#attack__Armature_Attack_leg_front_shoulder_L_pose_matrix-output-array" count="9" stride="16">
              <param name="TRANSFORM" type="float4x4" />
            </accessor>
          </technique_common>
        </source>
        <source id="attack__Armature_Attack_leg_front_shoulder_L_pose_matrix-interpolation">
          <Name_array id="attack__Armature_Attack_leg_front_shoulder_L_pose_matrix-interpolation-array" count="9">LINEAR LINEAR LINEAR LINEAR LINEAR LINEAR LINEAR LINEAR LINEAR</Name_array>
          <technique_common>
            <accessor source="#attack__Armature_Attack_leg_front_shoulder_L_pose_matrix-interpolation-array" count="9" stride="1">
              <param name="INTERPOLATION" type="name" />
            </accessor>
          </technique_common>
        </source>
        <sampler id="attack__Armature_Attack_leg_front_shoulder_L_pose_matrix-sampler">
          <input semantic="INPUT" source="#attack__Armature_Attack_leg_front_shoulder_L_pose_matrix-input" />
          <input semantic="OUTPUT" source="#attack__Armature_Attack_leg_front_shoulder_L_pose_matrix-output" />
          <input semantic="INTERPOLATION" source="#attack__Armature_Attack_leg_front_shoulder_L_pose_matrix-interpolation" />
        </sampler>
        <channel source="#attack__Armature_Attack_leg_front_shoulder_L_pose_matrix-sampler" target="Armature_leg_front_shoulder_L/transform" />
      </animation>
      <animation id="attack__Armature_Attack_leg_front_upper_L_pose_matrix" name="Armature">
        <source id="attack__Armature_Attack_leg_front_upper_L_pose_matrix-input">
          <float_array id="attack__Armature_Attack_leg_front_upper_L_pose_matrix-input-array" count="9">0.04166662 0.25 0.4583333 0.6666667 0.875 1.083333 1.291667 1.5 1.708333</float_array>
          <technique_common>
            <accessor source="#attack__Armature_Attack_leg_front_upper_L_pose_matrix-input-array" count="9" stride="1">
              <param name="TIME" type="float" />
            </accessor>
          </technique_common>
        </source>
        <source id="attack__Armature_Attack_leg_front_upper_L_pose_matrix-output">
          <float_array id="attack__Armature_Attack_leg_front_upper_L_pose_matrix-output-array" count="144">0.9107189 0.4093871 -0.05470918 5.58794e-9 0.004178111 0.1233209 0.992358 0.1358971 0.4130054 -0.9039879 0.1106002 0 0 0 0 1 0.8334151 0.5402107 -0.1165823 4.65661e-9 0.06252867 0.1174238 0.9911113 0.1358971 0.5490987 -0.8332971 0.06408414 0 0 0 0 1 0.6427995 0.739106 -0.2013229 -5.58794e-9 0.1649487 0.1230995 0.97859 0.1358971 0.7480645 -0.6622451 -0.04278628 5.58794e-9 0 0 0 1 0.5635833 0.7992327 -0.208808 1.86265e-9 0.1988326 0.1140951 0.9733693 0.1358971 0.8017727 -0.5900927 -0.09461138 7.45058e-9 0 0 0 1 0.7254972 0.6834272 -0.08112372 -4.65661e-9 0.05253418 0.06253669 0.996659 0.1358971 0.6862171 -0.7273352 0.009466881 9.31323e-10 0 0 0 1 0.8189023 0.5736916 0.01664234 -9.31323e-10 -0.07220471 0.07421359 0.994625 0.1358971 0.5693728 -0.8157024 0.1021969 0 0 0 0 1 0.8216482 0.569637 0.02019316 -2.32831e-8 -0.07668366 0.07536526 0.994203 0.1358971 0.5648129 -0.8184338 0.1056056 7.45058e-9 0 0 0 1 0.8630909 0.5049223 -0.01129001 5.58794e-9 -0.04389124 0.09725785 0.9942909 0.1358971 0.5031377 -0.857668 0.106104 7.45058e-9 0 0 0 1 0.9107189 0.4093871 -0.05470918 5.58794e-9 0.004178111 0.1233209 0.992358 0.1358971 0.4130054 -0.9039879 0.1106002 0 0 0 0 1</float_array>
          <technique_common>
            <accessor source="#attack__Armature_Attack_leg_front_upper_L_pose_matrix-output-array" count="9" stride="16">
              <param name="TRANSFORM" type="float4x4" />
            </accessor>
          </technique_common>
        </source>
        <source id="attack__Armature_Attack_leg_front_upper_L_pose_matrix-interpolation">
          <Name_array id="attack__Armature_Attack_leg_front_upper_L_pose_matrix-interpolation-array" count="9">LINEAR LINEAR LINEAR LINEAR LINEAR LINEAR LINEAR LINEAR LINEAR</Name_array>
          <technique_common>
            <accessor source="#attack__Armature_Attack_leg_front_upper_L_pose_matrix-interpolation-array" count="9" stride="1">
              <param name="INTERPOLATION" type="name" />
            </accessor>
          </technique_common>
        </source>
        <sampler id="attack__Armature_Attack_leg_front_upper_L_pose_matrix-sampler">
          <input semantic="INPUT" source="#attack__Armature_Attack_leg_front_upper_L_pose_matrix-input" />
          <input semantic="OUTPUT" source="#attack__Armature_Attack_leg_front_upper_L_pose_matrix-output" />
          <input semantic="INTERPOLATION" source="#attack__Armature_Attack_leg_front_upper_L_pose_matrix-interpolation" />
        </sampler>
        <channel source="#attack__Armature_Attack_leg_front_upper_L_pose_matrix-sampler" target="Armature_leg_front_upper_L/transform" />
      </animation>
      <animation id="attack__Armature_Attack_leg_front_lower_L_pose_matrix" name="Armature">
        <source id="attack__Armature_Attack_leg_front_lower_L_pose_matrix-input">
          <float_array id="attack__Armature_Attack_leg_front_lower_L_pose_matrix-input-array" count="9">0.04166662 0.25 0.4583333 0.6666667 0.875 1.083333 1.291667 1.5 1.708333</float_array>
          <technique_common>
            <accessor source="#attack__Armature_Attack_leg_front_lower_L_pose_matrix-input-array" count="9" stride="1">
              <param name="TIME" type="float" />
            </accessor>
          </technique_common>
        </source>
        <source id="attack__Armature_Attack_leg_front_lower_L_pose_matrix-output">
          <float_array id="attack__Armature_Attack_leg_front_lower_L_pose_matrix-output-array" count="144">-0.8780985 0.4687553 0.09597635 6.51926e-9 0.4716156 0.8817657 0.008257898 0.1167948 -0.08075772 0.05251518 -0.9953494 1.49012e-8 0 0 0 1 -0.8722021 0.4807042 0.09048033 3.25963e-9 0.4807475 0.8765637 -0.02275565 0.1167948 -0.09025052 0.02365066 -0.9956382 1.49012e-8 0 0 0 1 -0.8331308 0.5475891 0.07771339 0 0.5426573 0.8364714 -0.07641133 0.1167948 -0.106847 -0.02148889 -0.9940434 0 0 0 0 1 -0.6942149 0.7170076 0.06297586 0 0.7111789 0.6967766 -0.09341912 0.1167948 -0.1108623 -0.02006586 -0.9936332 0 0 0 0 1 -0.1710637 0.9836239 0.05675742 0 0.9826703 0.1745049 -0.06250925 0.1167948 -0.07139003 0.04508076 -0.9964293 0 0 0 0 1 -0.03189278 0.9973649 0.06516512 -7.45058e-9 0.9993029 0.03308594 -0.01731258 0.1167948 -0.01942302 0.06456752 -0.9977244 7.45058e-9 0 0 0 1 -0.0314427 0.9973719 0.06527453 -1.30385e-8 0.9993647 0.03246787 -0.01470433 0.1167948 -0.01678499 0.06477071 -0.9977591 0 0 0 0 1 -0.4486082 0.8900595 0.08089889 7.45058e-9 0.8926097 0.4507353 -0.009259757 0.1167948 -0.04470575 0.06805712 -0.9966794 -1.49012e-8 0 0 0 1 -0.8780985 0.4687553 0.09597635 6.51926e-9 0.4716156 0.8817657 0.008257898 0.1167948 -0.08075772 0.05251518 -0.9953494 1.49012e-8 0 0 0 1</float_array>
          <technique_common>
            <accessor source="#attack__Armature_Attack_leg_front_lower_L_pose_matrix-output-array" count="9" stride="16">
              <param name="TRANSFORM" type="float4x4" />
            </accessor>
          </technique_common>
        </source>
        <source id="attack__Armature_Attack_leg_front_lower_L_pose_matrix-interpolation">
          <Name_array id="attack__Armature_Attack_leg_front_lower_L_pose_matrix-interpolation-array" count="9">LINEAR LINEAR LINEAR LINEAR LINEAR LINEAR LINEAR LINEAR LINEAR</Name_array>
          <technique_common>
            <accessor source="#attack__Armature_Attack_leg_front_lower_L_pose_matrix-interpolation-array" count="9" stride="1">
              <param name="INTERPOLATION" type="name" />
            </accessor>
          </technique_common>
        </source>
        <sampler id="attack__Armature_Attack_leg_front_lower_L_pose_matrix-sampler">
          <input semantic="INPUT" source="#attack__Armature_Attack_leg_front_lower_L_pose_matrix-input" />
          <input semantic="OUTPUT" source="#attack__Armature_Attack_leg_front_lower_L_pose_matrix-output" />
          <input semantic="INTERPOLATION" source="#attack__Armature_Attack_leg_front_lower_L_pose_matrix-interpolation" />
        </sampler>
        <channel source="#attack__Armature_Attack_leg_front_lower_L_pose_matrix-sampler" target="Armature_leg_front_lower_L/transform" />
      </animation>
      <animation id="attack__Armature_Attack_leg_front_foot_L_pose_matrix" name="Armature">
        <source id="attack__Armature_Attack_leg_front_foot_L_pose_matrix-input">
          <float_array id="attack__Armature_Attack_leg_front_foot_L_pose_matrix-input-array" count="9">0.04166662 0.25 0.4583333 0.6666667 0.875 1.083333 1.291667 1.5 1.708333</float_array>
          <technique_common>
            <accessor source="#attack__Armature_Attack_leg_front_foot_L_pose_matrix-input-array" count="9" stride="1">
              <param name="TIME" type="float" />
            </accessor>
          </technique_common>
        </source>
        <source id="attack__Armature_Attack_leg_front_foot_L_pose_matrix-output">
          <float_array id="attack__Armature_Attack_leg_front_foot_L_pose_matrix-output-array" count="144">7.0544e-5 -0.968464 -0.2491534 0 0.1889922 0.2446761 -0.9510078 0.1562065 0.9819786 -0.04702104 0.1830494 1.49012e-8 0 0 0 1 0.009231724 -0.9590739 -0.283005 0 0.1887773 0.2795995 -0.9413753 0.1562065 0.9819765 -0.04473449 0.1836325 -1.49012e-8 0 0 0 1 0.03127752 -0.9216462 -0.3867686 -7.45058e-9 0.1862416 0.385555 -0.9036932 0.1562065 0.982006 -0.0437672 0.1837081 0 0 0 0 1 0.05642541 -0.8290448 -0.5563281 -7.45058e-9 0.1761188 0.5567428 -0.8118002 0.1562065 0.9827504 -0.05217374 0.1774248 0 0 0 0 1 0.03637283 -0.7321909 -0.6801274 -2.23517e-8 0.1214229 0.6787735 -0.7242396 0.1562065 0.9919342 -0.05624051 0.1135937 1.49012e-8 0 0 0 1 -0.03541453 -0.8133565 -0.5806866 7.45058e-9 0.06259359 0.578105 -0.8135581 0.1562065 0.9974105 -0.06515913 0.03043758 1.49012e-8 0 0 0 1 -0.03929881 -0.8192772 -0.5720493 -7.45058e-9 0.05986512 0.5695326 -0.8197858 0.1562065 0.9974326 -0.06646248 0.02666409 0 0 0 0 1 -0.01715312 -0.895766 -0.4441946 0 0.1124473 0.4397131 -0.8910713 0.1562065 0.9935095 -0.06523321 0.09318405 1.49012e-8 0 0 0 1 7.0544e-5 -0.968464 -0.2491534 0 0.1889922 0.2446761 -0.9510078 0.1562065 0.9819786 -0.04702104 0.1830494 1.49012e-8 0 0 0 1</float_array>
          <technique_common>
            <accessor source="#attack__Armature_Attack_leg_front_foot_L_pose_matrix-output-array" count="9" stride="16">
              <param name="TRANSFORM" type="float4x4" />
            </accessor>
          </technique_common>
        </source>
        <source id="attack__Armature_Attack_leg_front_foot_L_pose_matrix-interpolation">
          <Name_array id="attack__Armature_Attack_leg_front_foot_L_pose_matrix-interpolation-array" count="9">LINEAR LINEAR LINEAR LINEAR LINEAR LINEAR LINEAR LINEAR LINEAR</Name_array>
          <technique_common>
            <accessor source="#attack__Armature_Attack_leg_front_foot_L_pose_matrix-interpolation-array" count="9" stride="1">
              <param name="INTERPOLATION" type="name" />
            </accessor>
          </technique_common>
        </source>
        <sampler id="attack__Armature_Attack_leg_front_foot_L_pose_matrix-sampler">
          <input semantic="INPUT" source="#attack__Armature_Attack_leg_front_foot_L_pose_matrix-input" />
          <input semantic="OUTPUT" source="#attack__Armature_Attack_leg_front_foot_L_pose_matrix-output" />
          <input semantic="INTERPOLATION" source="#attack__Armature_Attack_leg_front_foot_L_pose_matrix-interpolation" />
        </sampler>
        <channel source="#attack__Armature_Attack_leg_front_foot_L_pose_matrix-sampler" target="Armature_leg_front_foot_L/transform" />
      </animation>
      <animation id="attack__Armature_Attack_wing_lower_L_pose_matrix" name="Armature">
        <source id="attack__Armature_Attack_wing_lower_L_pose_matrix-input">
          <float_array id="attack__Armature_Attack_wing_lower_L_pose_matrix-input-array" count="9">0.04166662 0.25 0.4583333 0.6666667 0.875 1.083333 1.291667 1.5 1.708333</float_array>
          <technique_common>
            <accessor source="#attack__Armature_Attack_wing_lower_L_pose_matrix-input-array" count="9" stride="1">
              <param name="TIME" type="float" />
            </accessor>
          </technique_common>
        </source>
        <source id="attack__Armature_Attack_wing_lower_L_pose_matrix-output">
          <float_array id="attack__Armature_Attack_wing_lower_L_pose_matrix-output-array" count="144">0.1027202 0.621017 -0.7770369 9.31323e-10 -0.4869097 0.712574 0.5051308 0.1054889 0.8673913 0.3264597 0.375575 -3.72529e-9 0 0 0 1 0.1155493 0.6262788 -0.7709884 -4.65661e-10 -0.459411 0.7218748 0.5175307 0.1054889 0.8806759 0.2944003 0.3711316 -1.86265e-9 0 0 0 1 0.1223707 0.6354424 -0.7623898 1.86265e-9 -0.4028988 0.733826 0.5469659 0.1054889 0.9070271 0.2402333 0.3458179 5.58794e-9 0 0 0 1 0.06981881 0.6432472 -0.7624685 9.31323e-10 -0.3608382 0.7288629 0.5818546 0.1054889 0.9300115 0.2345033 0.2829966 0 0 0 0 1 -0.1534571 0.6413072 -0.7517819 4.65661e-10 -0.4310291 0.6411591 0.6349242 0.1054889 0.8891934 0.4214735 0.1780317 7.45058e-9 0 0 0 1 -0.3396503 0.5963609 -0.7273179 1.86265e-9 -0.4955038 0.5438212 0.6772992 0.1054889 0.7994458 0.5904337 0.11079 -7.45058e-9 0 0 0 1 -0.2606484 0.6070063 -0.7507367 3.72529e-9 -0.505285 0.5768368 0.6418301 0.1054889 0.8226478 0.5466281 0.1563596 0 0 0 0 1 -0.02983209 0.6263568 -0.7789653 9.31323e-10 -0.5018022 0.6646053 0.553619 0.1054889 0.8644677 0.4074022 0.2944807 -3.72529e-9 0 0 0 1 0.1027202 0.621017 -0.7770369 9.31323e-10 -0.4869097 0.712574 0.5051308 0.1054889 0.8673913 0.3264597 0.375575 -3.72529e-9 0 0 0 1</float_array>
          <technique_common>
            <accessor source="#attack__Armature_Attack_wing_lower_L_pose_matrix-output-array" count="9" stride="16">
              <param name="TRANSFORM" type="float4x4" />
            </accessor>
          </technique_common>
        </source>
        <source id="attack__Armature_Attack_wing_lower_L_pose_matrix-interpolation">
          <Name_array id="attack__Armature_Attack_wing_lower_L_pose_matrix-interpolation-array" count="9">LINEAR LINEAR LINEAR LINEAR LINEAR LINEAR LINEAR LINEAR LINEAR</Name_array>
          <technique_common>
            <accessor source="#attack__Armature_Attack_wing_lower_L_pose_matrix-interpolation-array" count="9" stride="1">
              <param name="INTERPOLATION" type="name" />
            </accessor>
          </technique_common>
        </source>
        <sampler id="attack__Armature_Attack_wing_lower_L_pose_matrix-sampler">
          <input semantic="INPUT" source="#attack__Armature_Attack_wing_lower_L_pose_matrix-input" />
          <input semantic="OUTPUT" source="#attack__Armature_Attack_wing_lower_L_pose_matrix-output" />
          <input semantic="INTERPOLATION" source="#attack__Armature_Attack_wing_lower_L_pose_matrix-interpolation" />
        </sampler>
        <channel source="#attack__Armature_Attack_wing_lower_L_pose_matrix-sampler" target="Armature_wing_lower_L/transform" />
      </animation>
      <animation id="attack__Armature_Attack_wing_upper_L_pose_matrix" name="Armature">
        <source id="attack__Armature_Attack_wing_upper_L_pose_matrix-input">
          <float_array id="attack__Armature_Attack_wing_upper_L_pose_matrix-input-array" count="9">0.04166662 0.25 0.4583333 0.6666667 0.875 1.083333 1.291667 1.5 1.708333</float_array>
          <technique_common>
            <accessor source="#attack__Armature_Attack_wing_upper_L_pose_matrix-input-array" count="9" stride="1">
              <param name="TIME" type="float" />
            </accessor>
          </technique_common>
        </source>
        <source id="attack__Armature_Attack_wing_upper_L_pose_matrix-output">
          <float_array id="attack__Armature_Attack_wing_upper_L_pose_matrix-output-array" count="144">0.3836254 -0.7873347 -0.4826341 -7.45058e-9 -0.01078993 -0.526406 0.8501648 0.2469093 -0.9234258 -0.3209372 -0.210438 -7.45058e-9 0 0 0 1 0.3181635 -0.9116907 -0.2599851 9.31323e-10 -0.02182505 -0.2812066 0.9593992 0.2469093 -0.9477847 -0.2995716 -0.1093673 0 0 0 0 1 0.1994197 -0.9610485 0.191357 -7.45058e-9 0.005662501 0.1964063 0.9805064 0.2469093 -0.9798978 -0.1944487 0.04460919 7.45058e-9 0 0 0 1 0.162993 -0.9248468 0.3436452 0 0.02793586 0.3524895 0.9353989 0.2469093 -0.9862317 -0.1428635 0.08328977 -1.49012e-8 0 0 0 1 0.2685689 -0.9600202 -0.07894346 -1.86265e-9 -0.01781598 -0.08689095 0.9960585 0.2469093 -0.9630958 -0.2661039 -0.04043984 0 0 0 0 1 0.3794746 -0.797451 -0.4691173 -7.45058e-9 -0.01209098 -0.5112742 0.8593327 0.2469093 -0.9251232 -0.3204228 -0.2036576 0 0 0 0 1 0.3836254 -0.7873347 -0.4826341 7.45058e-9 -0.0107899 -0.526406 0.8501648 0.2469093 -0.9234258 -0.3209372 -0.210438 1.49012e-8 0 0 0 1 0.3836254 -0.7873348 -0.4826342 0 -0.01078993 -0.5264061 0.8501649 0.2469093 -0.9234257 -0.3209372 -0.210438 7.45058e-9 0 0 0 1 0.3836254 -0.7873347 -0.4826341 -7.45058e-9 -0.01078993 -0.526406 0.8501648 0.2469093 -0.9234258 -0.3209372 -0.210438 -7.45058e-9 0 0 0 1</float_array>
          <technique_common>
            <accessor source="#attack__Armature_Attack_wing_upper_L_pose_matrix-output-array" count="9" stride="16">
              <param name="TRANSFORM" type="float4x4" />
            </accessor>
          </technique_common>
        </source>
        <source id="attack__Armature_Attack_wing_upper_L_pose_matrix-interpolation">
          <Name_array id="attack__Armature_Attack_wing_upper_L_pose_matrix-interpolation-array" count="9">LINEAR LINEAR LINEAR LINEAR LINEAR LINEAR LINEAR LINEAR LINEAR</Name_array>
          <technique_common>
            <accessor source="#attack__Armature_Attack_wing_upper_L_pose_matrix-interpolation-array" count="9" stride="1">
              <param name="INTERPOLATION" type="name" />
            </accessor>
          </technique_common>
        </source>
        <sampler id="attack__Armature_Attack_wing_upper_L_pose_matrix-sampler">
          <input semantic="INPUT" source="#attack__Armature_Attack_wing_upper_L_pose_matrix-input" />
          <input semantic="OUTPUT" source="#attack__Armature_Attack_wing_upper_L_pose_matrix-output" />
          <input semantic="INTERPOLATION" source="#attack__Armature_Attack_wing_upper_L_pose_matrix-interpolation" />
        </sampler>
        <channel source="#attack__Armature_Attack_wing_upper_L_pose_matrix-sampler" target="Armature_wing_upper_L/transform" />
      </animation>
      <animation id="attack__Armature_Attack_leg_front_shoulder_R_pose_matrix" name="Armature">
        <source id="attack__Armature_Attack_leg_front_shoulder_R_pose_matrix-input">
          <float_array id="attack__Armature_Attack_leg_front_shoulder_R_pose_matrix-input-array" count="9">0.04166662 0.25 0.4583333 0.6666667 0.875 1.083333 1.291667 1.5 1.708333</float_array>
          <technique_common>
            <accessor source="#attack__Armature_Attack_leg_front_shoulder_R_pose_matrix-input-array" count="9" stride="1">
              <param name="TIME" type="float" />
            </accessor>
          </technique_common>
        </source>
        <source id="attack__Armature_Attack_leg_front_shoulder_R_pose_matrix-output">
          <float_array id="attack__Armature_Attack_leg_front_shoulder_R_pose_matrix-output-array" count="144">-0.03210993 -0.9466134 -0.3207678 9.31323e-10 0.9917231 -0.0700925 0.1075743 0.1054889 -0.1243146 -0.3146587 0.9410292 -3.72529e-9 0 0 0 1 0.01841101 -0.9455991 -0.3248126 -4.65661e-10 0.9935242 -0.01912734 0.1119987 0.1054889 -0.1121187 -0.3247712 0.9391236 -1.86265e-9 0 0 0 1 0.1064646 -0.9375017 -0.3312945 1.86265e-9 0.9902745 0.06996126 0.1202566 0.1054889 -0.08956301 -0.3408757 0.9358325 5.58794e-9 0 0 0 1 0.1318772 -0.9354019 -0.328073 9.31323e-10 0.9877934 0.09633022 0.1224117 0.1054889 -0.08290073 -0.3402117 0.9366875 0 0 0 0 1 -0.09552541 -0.9782286 -0.1842387 4.65661e-10 0.9873106 -0.1166967 0.1077013 0.1054889 -0.1268564 -0.1716127 0.976963 7.45058e-9 0 0 0 1 -0.3216796 -0.94616 -0.03610762 1.86265e-9 0.9378878 -0.3236375 0.1250005 0.1054889 -0.1299563 0.006345212 0.9914994 -7.45058e-9 0 0 0 1 -0.3305344 -0.9433107 -0.03019702 3.72529e-9 0.9349073 -0.3316348 0.1263594 0.1054889 -0.1292105 0.01353473 0.9915248 0 0 0 0 1 -0.2079279 -0.9661714 -0.1525735 9.31323e-10 0.9681351 -0.2255384 0.1088426 0.1054889 -0.1395717 -0.1250804 0.9822803 -3.72529e-9 0 0 0 1 -0.03210993 -0.9466134 -0.3207678 9.31323e-10 0.9917231 -0.0700925 0.1075743 0.1054889 -0.1243146 -0.3146587 0.9410292 -3.72529e-9 0 0 0 1</float_array>
          <technique_common>
            <accessor source="#attack__Armature_Attack_leg_front_shoulder_R_pose_matrix-output-array" count="9" stride="16">
              <param name="TRANSFORM" type="float4x4" />
            </accessor>
          </technique_common>
        </source>
        <source id="attack__Armature_Attack_leg_front_shoulder_R_pose_matrix-interpolation">
          <Name_array id="attack__Armature_Attack_leg_front_shoulder_R_pose_matrix-interpolation-array" count="9">LINEAR LINEAR LINEAR LINEAR LINEAR LINEAR LINEAR LINEAR LINEAR</Name_array>
          <technique_common>
            <accessor source="#attack__Armature_Attack_leg_front_shoulder_R_pose_matrix-interpolation-array" count="9" stride="1">
              <param name="INTERPOLATION" type="name" />
            </accessor>
          </technique_common>
        </source>
        <sampler id="attack__Armature_Attack_leg_front_shoulder_R_pose_matrix-sampler">
          <input semantic="INPUT" source="#attack__Armature_Attack_leg_front_shoulder_R_pose_matrix-input" />
          <input semantic="OUTPUT" source="#attack__Armature_Attack_leg_front_shoulder_R_pose_matrix-output" />
          <input semantic="INTERPOLATION" source="#attack__Armature_Attack_leg_front_shoulder_R_pose_matrix-interpolation" />
        </sampler>
        <channel source="#attack__Armature_Attack_leg_front_shoulder_R_pose_matrix-sampler" target="Armature_leg_front_shoulder_R/transform" />
      </animation>
      <animation id="attack__Armature_Attack_leg_front_upper_R_pose_matrix" name="Armature">
        <source id="attack__Armature_Attack_leg_front_upper_R_pose_matrix-input">
          <float_array id="attack__Armature_Attack_leg_front_upper_R_pose_matrix-input-array" count="9">0.04166662 0.25 0.4583333 0.6666667 0.875 1.083333 1.291667 1.5 1.708333</float_array>
          <technique_common>
            <accessor source="#attack__Armature_Attack_leg_front_upper_R_pose_matrix-input-array" count="9" stride="1">
              <param name="TIME" type="float" />
            </accessor>
          </technique_common>
        </source>
        <source id="attack__Armature_Attack_leg_front_upper_R_pose_matrix-output">
          <float_array id="attack__Armature_Attack_leg_front_upper_R_pose_matrix-output-array" count="144">0.781743 -0.6215742 0.05023475 -1.86265e-9 0.03041318 0.118462 0.9924928 0.1358971 -0.6228588 -0.7743464 0.1115109 3.72529e-9 0 0 0 1 0.8642733 -0.4981045 0.07016981 -9.31323e-9 0.009897631 0.1563087 0.9876587 0.1358971 -0.5029254 -0.8529124 0.1400235 -1.86265e-9 0 0 0 1 0.962353 -0.2545577 0.09527384 3.72529e-9 -0.04016757 0.2134818 0.9761209 0.1358971 -0.2688182 -0.9431998 0.1952199 -3.72529e-9 0 0 0 1 0.9801904 -0.1645699 0.1101958 -3.72529e-9 -0.07073658 0.2288011 0.9708998 0.1358971 -0.1849938 -0.9594616 0.2126276 0 0 0 0 1 0.8844067 -0.4000274 0.2404228 -1.86265e-9 -0.1729554 0.1975483 0.9649151 0.1358971 -0.4334876 -0.8949597 0.1055262 3.72529e-9 0 0 0 1 0.7161068 -0.6125513 0.334622 1.11759e-8 -0.275722 0.1921662 0.9418331 0.1358971 -0.641224 -0.7667158 -0.03128237 7.45058e-9 0 0 0 1 0.7079579 -0.6203623 0.3375587 2.23517e-8 -0.2797832 0.1925028 0.9405657 0.1358971 -0.6484725 -0.7603244 -0.0372831 -7.45058e-9 0 0 0 1 0.7500899 -0.623609 0.2201744 7.45058e-9 -0.1521159 0.161309 0.9751103 0.1358971 -0.6436036 -0.7649125 0.0261354 0 0 0 0 1 0.781743 -0.6215742 0.05023475 -1.86265e-9 0.03041318 0.118462 0.9924928 0.1358971 -0.6228588 -0.7743464 0.1115109 3.72529e-9 0 0 0 1</float_array>
          <technique_common>
            <accessor source="#attack__Armature_Attack_leg_front_upper_R_pose_matrix-output-array" count="9" stride="16">
              <param name="TRANSFORM" type="float4x4" />
            </accessor>
          </technique_common>
        </source>
        <source id="attack__Armature_Attack_leg_front_upper_R_pose_matrix-interpolation">
          <Name_array id="attack__Armature_Attack_leg_front_upper_R_pose_matrix-interpolation-array" count="9">LINEAR LINEAR LINEAR LINEAR LINEAR LINEAR LINEAR LINEAR LINEAR</Name_array>
          <technique_common>
            <accessor source="#attack__Armature_Attack_leg_front_upper_R_pose_matrix-interpolation-array" count="9" stride="1">
              <param name="INTERPOLATION" type="name" />
            </accessor>
          </technique_common>
        </source>
        <sampler id="attack__Armature_Attack_leg_front_upper_R_pose_matrix-sampler">
          <input semantic="INPUT" source="#attack__Armature_Attack_leg_front_upper_R_pose_matrix-input" />
          <input semantic="OUTPUT" source="#attack__Armature_Attack_leg_front_upper_R_pose_matrix-output" />
          <input semantic="INTERPOLATION" source="#attack__Armature_Attack_leg_front_upper_R_pose_matrix-interpolation" />
        </sampler>
        <channel source="#attack__Armature_Attack_leg_front_upper_R_pose_matrix-sampler" target="Armature_leg_front_upper_R/transform" />
      </animation>
      <animation id="attack__Armature_Attack_leg_front_lower_R_pose_matrix" name="Armature">
        <source id="attack__Armature_Attack_leg_front_lower_R_pose_matrix-input">
          <float_array id="attack__Armature_Attack_leg_front_lower_R_pose_matrix-input-array" count="9">0.04166662 0.25 0.4583333 0.6666667 0.875 1.083333 1.291667 1.5 1.708333</float_array>
          <technique_common>
            <accessor source="#attack__Armature_Attack_leg_front_lower_R_pose_matrix-input-array" count="9" stride="1">
              <param name="TIME" type="float" />
            </accessor>
          </technique_common>
        </source>
        <source id="attack__Armature_Attack_leg_front_lower_R_pose_matrix-output">
          <float_array id="attack__Armature_Attack_leg_front_lower_R_pose_matrix-output-array" count="144">-0.9239704 -0.3747294 -0.07652677 0 -0.3713582 0.9268661 -0.05488351 0.1167948 0.09149653 -0.02229193 -0.9955558 -1.49012e-8 0 0 0 1 -0.8840775 -0.4524528 -0.1170176 5.58794e-9 -0.4381136 0.8895458 -0.1294778 0.1167948 0.1626752 -0.06320143 -0.9846534 -1.49012e-8 0 0 0 1 -0.754135 -0.6364427 -0.1619299 0 -0.5871384 0.763873 -0.2678929 0.1167948 0.2941923 -0.1069522 -0.9497433 -1.49012e-8 0 0 0 1 -0.5400392 -0.8307173 -0.1351525 0 -0.7679301 0.5520673 -0.3248149 0.1167948 0.3444427 -0.07162516 -0.936071 -1.49012e-8 0 0 0 1 -0.2892592 -0.9544384 -0.07332349 3.72529e-9 -0.9333154 0.2982197 -0.1999681 0.1167948 0.2127238 0.01059129 -0.977055 0 0 0 0 1 -0.1307025 -0.9899693 -0.0536421 -7.45058e-9 -0.9889535 0.1340017 -0.06336053 0.1167948 0.06991313 0.04476813 -0.996548 1.49012e-8 0 0 0 1 -0.125125 -0.9907058 -0.05334406 -7.45058e-9 -0.9900742 0.1281524 -0.05770811 0.1167948 0.06400794 0.04559383 -0.9969074 1.49012e-8 0 0 0 1 -0.53647 -0.8415428 -0.06328873 7.45058e-9 -0.8396965 0.5397751 -0.05960106 0.1167948 0.08431855 0.02116912 -0.9962141 0 0 0 0 1 -0.9239704 -0.3747294 -0.07652677 0 -0.3713582 0.9268661 -0.05488351 0.1167948 0.09149653 -0.02229193 -0.9955558 -1.49012e-8 0 0 0 1</float_array>
          <technique_common>
            <accessor source="#attack__Armature_Attack_leg_front_lower_R_pose_matrix-output-array" count="9" stride="16">
              <param name="TRANSFORM" type="float4x4" />
            </accessor>
          </technique_common>
        </source>
        <source id="attack__Armature_Attack_leg_front_lower_R_pose_matrix-interpolation">
          <Name_array id="attack__Armature_Attack_leg_front_lower_R_pose_matrix-interpolation-array" count="9">LINEAR LINEAR LINEAR LINEAR LINEAR LINEAR LINEAR LINEAR LINEAR</Name_array>
          <technique_common>
            <accessor source="#attack__Armature_Attack_leg_front_lower_R_pose_matrix-interpolation-array" count="9" stride="1">
              <param name="INTERPOLATION" type="name" />
            </accessor>
          </technique_common>
        </source>
        <sampler id="attack__Armature_Attack_leg_front_lower_R_pose_matrix-sampler">
          <input semantic="INPUT" source="#attack__Armature_Attack_leg_front_lower_R_pose_matrix-input" />
          <input semantic="OUTPUT" source="#attack__Armature_Attack_leg_front_lower_R_pose_matrix-output" />
          <input semantic="INTERPOLATION" source="#attack__Armature_Attack_leg_front_lower_R_pose_matrix-interpolation" />
        </sampler>
        <channel source="#attack__Armature_Attack_leg_front_lower_R_pose_matrix-sampler" target="Armature_leg_front_lower_R/transform" />
      </animation>
      <animation id="attack__Armature_Attack_leg_front_foot_R_pose_matrix" name="Armature">
        <source id="attack__Armature_Attack_leg_front_foot_R_pose_matrix-input">
          <float_array id="attack__Armature_Attack_leg_front_foot_R_pose_matrix-input-array" count="9">0.04166662 0.25 0.4583333 0.6666667 0.875 1.083333 1.291667 1.5 1.708333</float_array>
          <technique_common>
            <accessor source="#attack__Armature_Attack_leg_front_foot_R_pose_matrix-input-array" count="9" stride="1">
              <param name="TIME" type="float" />
            </accessor>
          </technique_common>
        </source>
        <source id="attack__Armature_Attack_leg_front_foot_R_pose_matrix-output">
          <float_array id="attack__Armature_Attack_leg_front_foot_R_pose_matrix-output-array" count="144">0.1096749 0.9295763 0.3519369 7.45058e-9 -0.1972005 0.3673842 -0.908923 0.1562064 -0.9742092 0.03028395 0.2236057 7.45058e-9 0 0 0 1 0.07266622 0.9314294 0.3565938 7.45058e-9 -0.2128611 0.3637848 -0.9068357 0.1562065 -0.9743767 -0.01000859 0.2246999 -2.98023e-8 0 0 0 1 0.007001001 0.9220085 0.3871067 -1.11759e-8 -0.2376338 0.3775607 -0.8949738 0.1562065 -0.9713296 -0.08572383 0.2217437 -1.49012e-8 0 0 0 1 -0.01532503 0.8789079 0.4767455 1.86265e-8 -0.2395998 0.4596818 -0.8551518 0.1562065 -0.9707509 -0.1273333 0.2035415 1.49012e-8 0 0 0 1 0.1052527 0.5772577 0.8097503 -1.49012e-8 -0.1429457 0.8145993 -0.5621338 0.1562064 -0.9841182 -0.05658411 0.1682553 -1.49012e-8 0 0 0 1 0.1786548 0.1901559 0.9653618 -2.23517e-8 -0.007002149 0.9813675 -0.1920127 0.1562065 -0.9838868 0.02754437 0.1766575 1.49012e-8 0 0 0 1 0.1804082 0.1738968 0.9680977 -1.49012e-8 -0.001104385 0.9842824 -0.1765982 0.1562065 -0.9835912 0.0307906 0.1777647 0 0 0 0 1 0.1761661 0.5630857 0.8074036 0 -0.09082029 0.8260307 -0.5562601 0.1562065 -0.980162 0.02466562 0.1966582 -1.49012e-8 0 0 0 1 0.1096749 0.9295763 0.3519369 7.45058e-9 -0.1972005 0.3673842 -0.908923 0.1562064 -0.9742092 0.03028395 0.2236057 7.45058e-9 0 0 0 1</float_array>
          <technique_common>
            <accessor source="#attack__Armature_Attack_leg_front_foot_R_pose_matrix-output-array" count="9" stride="16">
              <param name="TRANSFORM" type="float4x4" />
            </accessor>
          </technique_common>
        </source>
        <source id="attack__Armature_Attack_leg_front_foot_R_pose_matrix-interpolation">
          <Name_array id="attack__Armature_Attack_leg_front_foot_R_pose_matrix-interpolation-array" count="9">LINEAR LINEAR LINEAR LINEAR LINEAR LINEAR LINEAR LINEAR LINEAR</Name_array>
          <technique_common>
            <accessor source="#attack__Armature_Attack_leg_front_foot_R_pose_matrix-interpolation-array" count="9" stride="1">
              <param name="INTERPOLATION" type="name" />
            </accessor>
          </technique_common>
        </source>
        <sampler id="attack__Armature_Attack_leg_front_foot_R_pose_matrix-sampler">
          <input semantic="INPUT" source="#attack__Armature_Attack_leg_front_foot_R_pose_matrix-input" />
          <input semantic="OUTPUT" source="#attack__Armature_Attack_leg_front_foot_R_pose_matrix-output" />
          <input semantic="INTERPOLATION" source="#attack__Armature_Attack_leg_front_foot_R_pose_matrix-interpolation" />
        </sampler>
        <channel source="#attack__Armature_Attack_leg_front_foot_R_pose_matrix-sampler" target="Armature_leg_front_foot_R/transform" />
      </animation>
      <animation id="attack__Armature_Attack_wing_lower_R_pose_matrix" name="Armature">
        <source id="attack__Armature_Attack_wing_lower_R_pose_matrix-input">
          <float_array id="attack__Armature_Attack_wing_lower_R_pose_matrix-input-array" count="9">0.04166662 0.25 0.4583333 0.6666667 0.875 1.083333 1.291667 1.5 1.708333</float_array>
          <technique_common>
            <accessor source="#attack__Armature_Attack_wing_lower_R_pose_matrix-input-array" count="9" stride="1">
              <param name="TIME" type="float" />
            </accessor>
          </technique_common>
        </source>
        <source id="attack__Armature_Attack_wing_lower_R_pose_matrix-output">
          <float_array id="attack__Armature_Attack_wing_lower_R_pose_matrix-output-array" count="144">0.4230472 -0.7706423 0.4765936 9.31323e-10 0.5894167 0.6335351 0.5012193 0.1054889 -0.6881997 0.0688729 0.7222449 -3.72529e-9 0 0 0 1 0.4230472 -0.7706423 0.4765936 -4.65661e-10 0.5894167 0.6335351 0.5012193 0.1054889 -0.6881997 0.0688729 0.7222449 -1.86265e-9 0 0 0 1 0.4230472 -0.7706423 0.4765936 1.86265e-9 0.5894167 0.6335351 0.5012193 0.1054889 -0.6881997 0.0688729 0.7222449 5.58794e-9 0 0 0 1 0.4087189 -0.7749558 0.482071 9.31323e-10 0.5917472 0.6271516 0.5064742 0.1054889 -0.6948268 0.07825845 0.7149066 0 0 0 0 1 0.02357731 -0.8217695 0.569332 4.65661e-10 0.6059473 0.4647059 0.6456594 0.1054889 -0.7951553 0.3297624 0.5089056 7.45058e-9 0 0 0 1 -0.3668766 -0.748197 0.5528136 1.86265e-9 0.5355412 0.3160345 0.7831459 0.1054889 -0.7606556 0.5833725 0.2847448 -7.45058e-9 0 0 0 1 -0.227162 -0.7888107 0.5711173 3.72529e-9 0.5707452 0.3673424 0.7343768 0.1054889 -0.78908 0.492785 0.3667637 0 0 0 0 1 0.1970046 -0.8160534 0.5433654 9.31323e-10 0.6103178 0.5358213 0.5834444 0.1054889 -0.7672687 0.2166844 0.6036114 -3.72529e-9 0 0 0 1 0.4230472 -0.7706423 0.4765936 9.31323e-10 0.5894167 0.6335351 0.5012193 0.1054889 -0.6881997 0.0688729 0.7222449 -3.72529e-9 0 0 0 1</float_array>
          <technique_common>
            <accessor source="#attack__Armature_Attack_wing_lower_R_pose_matrix-output-array" count="9" stride="16">
              <param name="TRANSFORM" type="float4x4" />
            </accessor>
          </technique_common>
        </source>
        <source id="attack__Armature_Attack_wing_lower_R_pose_matrix-interpolation">
          <Name_array id="attack__Armature_Attack_wing_lower_R_pose_matrix-interpolation-array" count="9">LINEAR LINEAR LINEAR LINEAR LINEAR LINEAR LINEAR LINEAR LINEAR</Name_array>
          <technique_common>
            <accessor source="#attack__Armature_Attack_wing_lower_R_pose_matrix-interpolation-array" count="9" stride="1">
              <param name="INTERPOLATION" type="name" />
            </accessor>
          </technique_common>
        </source>
        <sampler id="attack__Armature_Attack_wing_lower_R_pose_matrix-sampler">
          <input semantic="INPUT" source="#attack__Armature_Attack_wing_lower_R_pose_matrix-input" />
          <input semantic="OUTPUT" source="#attack__Armature_Attack_wing_lower_R_pose_matrix-output" />
          <input semantic="INTERPOLATION" source="#attack__Armature_Attack_wing_lower_R_pose_matrix-interpolation" />
        </sampler>
        <channel source="#attack__Armature_Attack_wing_lower_R_pose_matrix-sampler" target="Armature_wing_lower_R/transform" />
      </animation>
      <animation id="attack__Armature_Attack_wing_upper_R_pose_matrix" name="Armature">
        <source id="attack__Armature_Attack_wing_upper_R_pose_matrix-input">
          <float_array id="attack__Armature_Attack_wing_upper_R_pose_matrix-input-array" count="9">0.04166662 0.25 0.4583333 0.6666667 0.875 1.083333 1.291667 1.5 1.708333</float_array>
          <technique_common>
            <accessor source="#attack__Armature_Attack_wing_upper_R_pose_matrix-input-array" count="9" stride="1">
              <param name="TIME" type="float" />
            </accessor>
          </technique_common>
        </source>
        <source id="attack__Armature_Attack_wing_upper_R_pose_matrix-output">
          <float_array id="attack__Armature_Attack_wing_upper_R_pose_matrix-output-array" count="144">0.3874637 0.7813011 0.4893265 3.72529e-9 0.009294719 -0.534073 0.8453873 0.2469093 0.9218382 -0.3230087 -0.2141958 7.45058e-9 0 0 0 1 0.3459952 0.8845845 0.3127258 3.72529e-9 -1.12027e-4 -0.3332734 0.9428303 0.2469093 0.9382363 -0.3262497 -0.1152118 7.45058e-9 0 0 0 1 0.2791241 0.9592798 -0.0432673 7.45058e-9 -0.04010466 0.05666448 0.9975876 0.2469093 0.9594172 -0.2767155 0.05428812 -1.49012e-8 0 0 0 1 0.2598681 0.9507255 -0.1690843 -3.72529e-9 -0.05974504 0.1905944 0.9798492 0.2469093 0.9637942 -0.2445295 0.1063308 1.49012e-8 0 0 0 1 0.3171051 0.9327948 0.1712839 -1.86265e-9 -0.01308233 -0.1762854 0.984252 0.2469092 0.9483002 -0.314352 -0.04369774 0 0 0 0 1 0.3846837 0.7894008 0.4783983 -7.45058e-9 0.008981645 -0.5214576 0.8532301 0.2469093 0.9230049 -0.3239267 -0.2076862 0 0 0 0 1 0.3874637 0.7813011 0.4893265 0 0.009294659 -0.5340729 0.8453871 0.2469093 0.9218381 -0.3230087 -0.2141957 1.49012e-8 0 0 0 1 0.3874636 0.7813011 0.4893265 0 0.009294599 -0.5340731 0.8453873 0.2469093 0.9218382 -0.3230087 -0.2141958 0 0 0 0 1 0.3874637 0.7813011 0.4893265 3.72529e-9 0.009294719 -0.534073 0.8453873 0.2469093 0.9218382 -0.3230087 -0.2141958 7.45058e-9 0 0 0 1</float_array>
          <technique_common>
            <accessor source="#attack__Armature_Attack_wing_upper_R_pose_matrix-output-array" count="9" stride="16">
              <param name="TRANSFORM" type="float4x4" />
            </accessor>
          </technique_common>
        </source>
        <source id="attack__Armature_Attack_wing_upper_R_pose_matrix-interpolation">
          <Name_array id="attack__Armature_Attack_wing_upper_R_pose_matrix-interpolation-array" count="9">LINEAR LINEAR LINEAR LINEAR LINEAR LINEAR LINEAR LINEAR LINEAR</Name_array>
          <technique_common>
            <accessor source="#attack__Armature_Attack_wing_upper_R_pose_matrix-interpolation-array" count="9" stride="1">
              <param name="INTERPOLATION" type="name" />
            </accessor>
          </technique_common>
        </source>
        <sampler id="attack__Armature_Attack_wing_upper_R_pose_matrix-sampler">
          <input semantic="INPUT" source="#attack__Armature_Attack_wing_upper_R_pose_matrix-input" />
          <input semantic="OUTPUT" source="#attack__Armature_Attack_wing_upper_R_pose_matrix-output" />
          <input semantic="INTERPOLATION" source="#attack__Armature_Attack_wing_upper_R_pose_matrix-interpolation" />
        </sampler>
        <channel source="#attack__Armature_Attack_wing_upper_R_pose_matrix-sampler" target="Armature_wing_upper_R/transform" />
      </animation>
      <animation id="attack__Armature_Attack_back1_pose_matrix" name="Armature">
        <source id="attack__Armature_Attack_back1_pose_matrix-input">
          <float_array id="attack__Armature_Attack_back1_pose_matrix-input-array" count="9">0.04166662 0.25 0.4583333 0.6666667 0.875 1.083333 1.291667 1.5 1.708333</float_array>
          <technique_common>
            <accessor source="#attack__Armature_Attack_back1_pose_matrix-input-array" count="9" stride="1">
              <param name="TIME" type="float" />
            </accessor>
          </technique_common>
        </source>
        <source id="attack__Armature_Attack_back1_pose_matrix-output">
          <float_array id="attack__Armature_Attack_back1_pose_matrix-output-array" count="144">0.9860449 0.1483752 -0.07549872 9.31323e-10 -0.04170829 0.6592116 0.7507998 0.1054889 0.1611697 -0.7371735 0.6562008 -3.72529e-9 0 0 0 1 0.986056 0.1482009 -0.07569697 -4.65661e-10 -0.04165929 0.6602179 0.7499177 0.1054889 0.161115 -0.7363074 0.6571859 -1.86265e-9 0 0 0 1 0.986133 0.1469692 -0.07708277 1.86265e-9 -0.04131307 0.6672519 0.7436854 0.1054889 0.1607325 -0.7301883 0.664071 5.58794e-9 0 0 0 1 0.9863839 0.1427884 -0.08159871 9.31323e-10 -0.04013782 0.6901739 0.7225297 0.1054889 0.1594861 -0.7094163 0.6865076 0 0 0 0 1 0.9876516 0.1167937 -0.1044198 4.65661e-10 -0.03283074 0.8060082 0.5909931 0.1054889 0.1531875 -0.5802671 0.7998898 7.45058e-9 0 0 0 1 0.9885743 0.08985121 -0.1210279 1.86265e-9 -0.02525719 0.8903069 0.45466 0.1054889 0.1486037 -0.4464084 0.8824038 -7.45058e-9 0 0 0 1 0.9886059 0.08872572 -0.1215981 3.72529e-9 -0.02494082 0.8932012 0.4489649 0.1054889 0.1484463 -0.4408167 0.8852369 0 0 0 0 1 0.9876949 0.1157204 -0.1052013 9.31323e-10 -0.03252901 0.8099748 0.5855618 0.1054889 0.1529718 -0.5749343 0.8037724 -3.72529e-9 0 0 0 1 0.9860449 0.1483752 -0.07549872 9.31323e-10 -0.04170829 0.6592116 0.7507998 0.1054889 0.1611697 -0.7371735 0.6562008 -3.72529e-9 0 0 0 1</float_array>
          <technique_common>
            <accessor source="#attack__Armature_Attack_back1_pose_matrix-output-array" count="9" stride="16">
              <param name="TRANSFORM" type="float4x4" />
            </accessor>
          </technique_common>
        </source>
        <source id="attack__Armature_Attack_back1_pose_matrix-interpolation">
          <Name_array id="attack__Armature_Attack_back1_pose_matrix-interpolation-array" count="9">LINEAR LINEAR LINEAR LINEAR LINEAR LINEAR LINEAR LINEAR LINEAR</Name_array>
          <technique_common>
            <accessor source="#attack__Armature_Attack_back1_pose_matrix-interpolation-array" count="9" stride="1">
              <param name="INTERPOLATION" type="name" />
            </accessor>
          </technique_common>
        </source>
        <sampler id="attack__Armature_Attack_back1_pose_matrix-sampler">
          <input semantic="INPUT" source="#attack__Armature_Attack_back1_pose_matrix-input" />
          <input semantic="OUTPUT" source="#attack__Armature_Attack_back1_pose_matrix-output" />
          <input semantic="INTERPOLATION" source="#attack__Armature_Attack_back1_pose_matrix-interpolation" />
        </sampler>
        <channel source="#attack__Armature_Attack_back1_pose_matrix-sampler" target="Armature_back1/transform" />
      </animation>
      <animation id="attack__Armature_Attack_back2_pose_matrix" name="Armature">
        <source id="attack__Armature_Attack_back2_pose_matrix-input">
          <float_array id="attack__Armature_Attack_back2_pose_matrix-input-array" count="9">0.04166662 0.25 0.4583333 0.6666667 0.875 1.083333 1.291667 1.5 1.708333</float_array>
          <technique_common>
            <accessor source="#attack__Armature_Attack_back2_pose_matrix-input-array" count="9" stride="1">
              <param name="TIME" type="float" />
            </accessor>
          </technique_common>
        </source>
        <source id="attack__Armature_Attack_back2_pose_matrix-output">
          <float_array id="attack__Armature_Attack_back2_pose_matrix-output-array" count="144">0.7900306 0.0298919 0.6123381 8.73115e-11 -0.3496987 0.8423566 0.4100561 0.1554319 -0.5035498 -0.5380907 0.6759408 2.32831e-9 0 0 0 1 0.7891916 0.0318227 0.613322 -8.73115e-11 -0.3722865 0.8190441 0.4365426 0.1554319 -0.4884459 -0.5728472 0.6582298 -2.32831e-9 0 0 0 1 0.7875987 0.03506694 0.6151899 5.82077e-11 -0.4102404 0.7747879 0.4810473 0.1554319 -0.4597727 -0.631248 0.6246079 -9.31323e-9 0 0 0 1 0.7870203 0.03613174 0.615868 2.32831e-10 -0.4226974 0.7587183 0.4956543 0.1554319 -0.4493616 -0.6504159 0.6123996 -7.45058e-9 0 0 0 1 0.7888988 0.03245727 0.6136655 0 -0.3797104 0.8109096 0.4452479 0.1554319 -0.4831757 -0.5842707 0.6520501 1.11759e-8 0 0 0 1 0.7905706 0.02854942 0.6117051 -4.65661e-10 -0.3339936 0.8573599 0.3916404 0.1554319 -0.5132703 -0.5139248 0.687339 9.31323e-9 0 0 0 1 0.789128 0.03196188 0.6133965 6.98492e-10 -0.373915 0.8172804 0.4384521 0.1554319 -0.4873033 -0.575353 0.6568901 -7.45058e-9 0 0 0 1 0.7890417 0.03215008 0.613498 0 -0.3761169 0.8148773 0.4410341 0.1554319 -0.4857464 -0.5787412 0.6550645 -1.86265e-9 0 0 0 1 0.7900306 0.0298919 0.6123381 8.73115e-11 -0.3496987 0.8423566 0.4100561 0.1554319 -0.5035498 -0.5380907 0.6759408 2.32831e-9 0 0 0 1</float_array>
          <technique_common>
            <accessor source="#attack__Armature_Attack_back2_pose_matrix-output-array" count="9" stride="16">
              <param name="TRANSFORM" type="float4x4" />
            </accessor>
          </technique_common>
        </source>
        <source id="attack__Armature_Attack_back2_pose_matrix-interpolation">
          <Name_array id="attack__Armature_Attack_back2_pose_matrix-interpolation-array" count="9">LINEAR LINEAR LINEAR LINEAR LINEAR LINEAR LINEAR LINEAR LINEAR</Name_array>
          <technique_common>
            <accessor source="#attack__Armature_Attack_back2_pose_matrix-interpolation-array" count="9" stride="1">
              <param name="INTERPOLATION" type="name" />
            </accessor>
          </technique_common>
        </source>
        <sampler id="attack__Armature_Attack_back2_pose_matrix-sampler">
          <input semantic="INPUT" source="#attack__Armature_Attack_back2_pose_matrix-input" />
          <input semantic="OUTPUT" source="#attack__Armature_Attack_back2_pose_matrix-output" />
          <input semantic="INTERPOLATION" source="#attack__Armature_Attack_back2_pose_matrix-interpolation" />
        </sampler>
        <channel source="#attack__Armature_Attack_back2_pose_matrix-sampler" target="Armature_back2/transform" />
      </animation>
      <animation id="attack__Armature_Attack_tail1_pose_matrix" name="Armature">
        <source id="attack__Armature_Attack_tail1_pose_matrix-input">
          <float_array id="attack__Armature_Attack_tail1_pose_matrix-input-array" count="9">0.04166662 0.25 0.4583333 0.6666667 0.875 1.083333 1.291667 1.5 1.708333</float_array>
          <technique_common>
            <accessor source="#attack__Armature_Attack_tail1_pose_matrix-input-array" count="9" stride="1">
              <param name="TIME" type="float" />
            </accessor>
          </technique_common>
        </source>
        <source id="attack__Armature_Attack_tail1_pose_matrix-output">
          <float_array id="attack__Armature_Attack_tail1_pose_matrix-output-array" count="144">0.9911526 0.1263918 -0.04051533 0 -0.125338 0.9917307 0.02758229 0.1813675 0.04366645 -0.02226019 0.9987981 -7.45058e-9 0 0 0 1 0.9899623 0.1399192 -0.01993123 -7.45058e-9 -0.1403891 0.9897927 -0.02452847 0.1813676 0.01629573 0.02708036 0.9995005 7.45058e-9 0 0 0 1 0.9852347 0.1693291 0.0252974 1.49012e-8 -0.1648304 0.9780748 -0.1272813 0.1813676 -0.04629524 0.1212322 0.9915438 0 0 0 0 1 0.9784645 0.1926701 0.07406268 -1.49012e-8 -0.1749467 0.9645001 -0.1978211 0.1813675 -0.1095477 0.1806038 0.9774362 0 0 0 0 1 0.990239 0.07263514 0.1189572 -3.72529e-9 -0.05236042 0.9848243 -0.1654672 0.1813676 -0.1291707 0.1576234 0.9790146 7.45058e-9 0 0 0 1 0.9910917 -0.0314258 0.1294201 -3.25963e-9 0.05194601 0.9860115 -0.1583762 0.1813676 -0.1226327 0.1636882 0.9788602 4.42378e-9 0 0 0 1 0.9932165 -0.0438584 0.1076922 -2.79397e-9 0.07360093 0.9541228 -0.2902287 0.1813676 -0.09002262 0.2961861 0.9508784 4.65661e-9 0 0 0 1 0.9994492 -0.02039579 0.02617842 0 0.02664551 0.9634172 -0.2666788 0.1813676 -0.01978156 0.2672293 0.9634298 -7.45058e-9 0 0 0 1 0.9911526 0.1263918 -0.04051533 0 -0.125338 0.9917307 0.02758229 0.1813675 0.04366645 -0.02226019 0.9987981 -7.45058e-9 0 0 0 1</float_array>
          <technique_common>
            <accessor source="#attack__Armature_Attack_tail1_pose_matrix-output-array" count="9" stride="16">
              <param name="TRANSFORM" type="float4x4" />
            </accessor>
          </technique_common>
        </source>
        <source id="attack__Armature_Attack_tail1_pose_matrix-interpolation">
          <Name_array id="attack__Armature_Attack_tail1_pose_matrix-interpolation-array" count="9">LINEAR LINEAR LINEAR LINEAR LINEAR LINEAR LINEAR LINEAR LINEAR</Name_array>
          <technique_common>
            <accessor source="#attack__Armature_Attack_tail1_pose_matrix-interpolation-array" count="9" stride="1">
              <param name="INTERPOLATION" type="name" />
            </accessor>
          </technique_common>
        </source>
        <sampler id="attack__Armature_Attack_tail1_pose_matrix-sampler">
          <input semantic="INPUT" source="#attack__Armature_Attack_tail1_pose_matrix-input" />
          <input semantic="OUTPUT" source="#attack__Armature_Attack_tail1_pose_matrix-output" />
          <input semantic="INTERPOLATION" source="#attack__Armature_Attack_tail1_pose_matrix-interpolation" />
        </sampler>
        <channel source="#attack__Armature_Attack_tail1_pose_matrix-sampler" target="Armature_tail1/transform" />
      </animation>
      <animation id="attack__Armature_Attack_tail2_pose_matrix" name="Armature">
        <source id="attack__Armature_Attack_tail2_pose_matrix-input">
          <float_array id="attack__Armature_Attack_tail2_pose_matrix-input-array" count="9">0.04166662 0.25 0.4583333 0.6666667 0.875 1.083333 1.291667 1.5 1.708333</float_array>
          <technique_common>
            <accessor source="#attack__Armature_Attack_tail2_pose_matrix-input-array" count="9" stride="1">
              <param name="TIME" type="float" />
            </accessor>
          </technique_common>
        </source>
        <source id="attack__Armature_Attack_tail2_pose_matrix-output">
          <float_array id="attack__Armature_Attack_tail2_pose_matrix-output-array" count="144">0.6498877 -0.3740547 -0.6616108 1.49012e-8 -0.02283131 0.8605051 -0.5089301 0.172281 0.7596871 0.345853 0.5506915 -1.49012e-8 0 0 0 1 0.7190774 -0.2711907 -0.6398308 0 -0.1350347 0.8486361 -0.5114517 0.172281 0.6816844 0.4541728 0.5736147 1.49012e-8 0 0 0 1 0.8039443 -0.04568828 -0.5929469 2.98023e-8 -0.3421378 0.7799873 -0.5239863 0.172281 0.4864312 0.6241255 0.6114345 0 0 0 0 1 0.8198717 0.1244368 -0.5588611 1.49012e-8 -0.470394 0.7028622 -0.5335864 0.172281 0.3264046 0.7003575 0.6347911 -1.49012e-8 0 0 0 1 0.7352405 0.3300933 -0.5919963 7.45058e-9 -0.3773414 0.9248778 0.04705977 0.172281 0.5630584 0.1887846 0.8045655 -7.45058e-9 0 0 0 1 0.7105426 0.3965092 -0.5812999 0 -0.2420833 0.9134359 0.3271554 0.172281 0.6607003 -0.09173471 0.7450234 0 0 0 0 1 0.7805277 -0.03769711 -0.6239832 -7.45058e-9 -0.2650824 0.8840313 -0.3849937 0.172281 0.5661339 0.4659053 0.680018 0 0 0 0 1 0.7774637 -0.2133871 -0.5916216 3.72529e-9 -0.208648 0.7998983 -0.5626979 0.172281 0.5933096 0.5609179 0.5773689 3.72529e-9 0 0 0 1 0.6498877 -0.3740547 -0.6616108 1.49012e-8 -0.02283131 0.8605051 -0.5089301 0.172281 0.7596871 0.345853 0.5506915 -1.49012e-8 0 0 0 1</float_array>
          <technique_common>
            <accessor source="#attack__Armature_Attack_tail2_pose_matrix-output-array" count="9" stride="16">
              <param name="TRANSFORM" type="float4x4" />
            </accessor>
          </technique_common>
        </source>
        <source id="attack__Armature_Attack_tail2_pose_matrix-interpolation">
          <Name_array id="attack__Armature_Attack_tail2_pose_matrix-interpolation-array" count="9">LINEAR LINEAR LINEAR LINEAR LINEAR LINEAR LINEAR LINEAR LINEAR</Name_array>
          <technique_common>
            <accessor source="#attack__Armature_Attack_tail2_pose_matrix-interpolation-array" count="9" stride="1">
              <param name="INTERPOLATION" type="name" />
            </accessor>
          </technique_common>
        </source>
        <sampler id="attack__Armature_Attack_tail2_pose_matrix-sampler">
          <input semantic="INPUT" source="#attack__Armature_Attack_tail2_pose_matrix-input" />
          <input semantic="OUTPUT" source="#attack__Armature_Attack_tail2_pose_matrix-output" />
          <input semantic="INTERPOLATION" source="#attack__Armature_Attack_tail2_pose_matrix-interpolation" />
        </sampler>
        <channel source="#attack__Armature_Attack_tail2_pose_matrix-sampler" target="Armature_tail2/transform" />
      </animation>
      <animation id="attack__Armature_Attack_tail3_pose_matrix" name="Armature">
        <source id="attack__Armature_Attack_tail3_pose_matrix-input">
          <float_array id="attack__Armature_Attack_tail3_pose_matrix-input-array" count="9">0.04166662 0.25 0.4583333 0.6666667 0.875 1.083333 1.291667 1.5 1.708333</float_array>
          <technique_common>
            <accessor source="#attack__Armature_Attack_tail3_pose_matrix-input-array" count="9" stride="1">
              <param name="TIME" type="float" />
            </accessor>
          </technique_common>
        </source>
        <source id="attack__Armature_Attack_tail3_pose_matrix-output">
          <float_array id="attack__Armature_Attack_tail3_pose_matrix-output-array" count="144">0.6358231 -0.06801116 -0.7688325 0 -0.5072412 0.7139744 -0.4826459 0.1556355 0.5817521 0.6968608 0.4194634 -1.49012e-8 0 0 0 1 0.5573372 0.1181861 -0.8218315 -7.45058e-9 -0.5979225 0.7438946 -0.2985119 0.1556355 0.5760763 0.6577634 0.4852664 -1.11759e-8 0 0 0 1 0.3281649 0.47473 -0.8166636 0 -0.7231529 0.6824838 0.1061419 0.1556356 0.6077484 0.5557406 0.5672695 -3.72529e-9 0 0 0 1 0.06749712 0.6789091 -0.7311133 0 -0.7267126 0.535543 0.4302125 0.1556355 0.6836177 0.5022711 0.5295194 1.86265e-8 0 0 0 1 0.0802175 0.4133209 -0.9070452 -1.49012e-8 0.04415649 0.9076109 0.4174838 0.1556356 0.9957989 -0.07354155 0.05455547 0 0 0 0 1 -0.005215719 0.1428551 -0.9897299 -7.45058e-9 0.4153996 0.9006162 0.1278037 0.1556356 0.9096241 -0.410467 -0.06403943 0 0 0 0 1 0.2129786 0.3166863 -0.9243106 -7.45058e-9 -0.4668514 0.8640215 0.1884588 0.1556355 0.8583065 0.391378 0.3318634 2.98023e-8 0 0 0 1 0.4803844 0.2179327 -0.8495504 -7.45058e-9 -0.6563402 0.7318356 -0.1833965 0.1556355 0.5817633 0.6456949 0.4946003 0 0 0 0 1 0.6358231 -0.06801116 -0.7688325 0 -0.5072412 0.7139744 -0.4826459 0.1556355 0.5817521 0.6968608 0.4194634 -1.49012e-8 0 0 0 1</float_array>
          <technique_common>
            <accessor source="#attack__Armature_Attack_tail3_pose_matrix-output-array" count="9" stride="16">
              <param name="TRANSFORM" type="float4x4" />
            </accessor>
          </technique_common>
        </source>
        <source id="attack__Armature_Attack_tail3_pose_matrix-interpolation">
          <Name_array id="attack__Armature_Attack_tail3_pose_matrix-interpolation-array" count="9">LINEAR LINEAR LINEAR LINEAR LINEAR LINEAR LINEAR LINEAR LINEAR</Name_array>
          <technique_common>
            <accessor source="#attack__Armature_Attack_tail3_pose_matrix-interpolation-array" count="9" stride="1">
              <param name="INTERPOLATION" type="name" />
            </accessor>
          </technique_common>
        </source>
        <sampler id="attack__Armature_Attack_tail3_pose_matrix-sampler">
          <input semantic="INPUT" source="#attack__Armature_Attack_tail3_pose_matrix-input" />
          <input semantic="OUTPUT" source="#attack__Armature_Attack_tail3_pose_matrix-output" />
          <input semantic="INTERPOLATION" source="#attack__Armature_Attack_tail3_pose_matrix-interpolation" />
        </sampler>
        <channel source="#attack__Armature_Attack_tail3_pose_matrix-sampler" target="Armature_tail3/transform" />
      </animation>
      <animation id="attack__Armature_Attack_leg_back_hip_L_pose_matrix" name="Armature">
        <source id="attack__Armature_Attack_leg_back_hip_L_pose_matrix-input">
          <float_array id="attack__Armature_Attack_leg_back_hip_L_pose_matrix-input-array" count="9">0.04166662 0.25 0.4583333 0.6666667 0.875 1.083333 1.291667 1.5 1.708333</float_array>
          <technique_common>
            <accessor source="#attack__Armature_Attack_leg_back_hip_L_pose_matrix-input-array" count="9" stride="1">
              <param name="TIME" type="float" />
            </accessor>
          </technique_common>
        </source>
        <source id="attack__Armature_Attack_leg_back_hip_L_pose_matrix-output">
          <float_array id="attack__Armature_Attack_leg_back_hip_L_pose_matrix-output-array" count="144">-0.002397791 0.8807778 0.4735238 8.73115e-11 -0.8300492 0.2623256 -0.4921417 0.1554319 -0.5576849 -0.3942281 0.7304599 2.32831e-9 0 0 0 1 0.02383858 0.8967428 0.4419094 -8.73115e-11 -0.8300905 0.2640911 -0.491127 0.1554319 -0.5571189 -0.355117 0.7506732 -2.32831e-9 0 0 0 1 0.06962454 0.9204875 0.3845193 5.82077e-11 -0.830034 0.2672651 -0.4895032 0.1554319 -0.55335 -0.2850826 0.782644 -9.31323e-9 0 0 0 1 0.08336961 0.9276403 0.3640504 2.32831e-10 -0.8292307 0.2671811 -0.4909082 0.1554319 -0.5526536 -0.260955 0.7915025 -7.45058e-9 0 0 0 1 -0.01495381 0.9073209 0.420173 0 -0.8080174 0.2365586 -0.5395814 0.1554319 -0.5889689 -0.3475758 0.7295934 1.11759e-8 0 0 0 1 -0.1154362 0.8766089 0.4671523 -4.65661e-10 -0.7809334 0.2105447 -0.5880595 0.1554319 -0.6138546 -0.4326982 0.6602687 9.31323e-9 0 0 0 1 -0.1195656 0.8751391 0.4688662 6.98492e-10 -0.7797076 0.2095858 -0.5900255 0.1554319 -0.6146221 -0.4361252 0.6572933 -7.45058e-9 0 0 0 1 -0.070813 0.878452 0.4725545 0 -0.802594 0.2311307 -0.5499289 0.1554319 -0.5923077 -0.4182114 0.6886731 -1.86265e-9 0 0 0 1 -0.002397791 0.8807778 0.4735238 8.73115e-11 -0.8300492 0.2623256 -0.4921417 0.1554319 -0.5576849 -0.3942281 0.7304599 2.32831e-9 0 0 0 1</float_array>
          <technique_common>
            <accessor source="#attack__Armature_Attack_leg_back_hip_L_pose_matrix-output-array" count="9" stride="16">
              <param name="TRANSFORM" type="float4x4" />
            </accessor>
          </technique_common>
        </source>
        <source id="attack__Armature_Attack_leg_back_hip_L_pose_matrix-interpolation">
          <Name_array id="attack__Armature_Attack_leg_back_hip_L_pose_matrix-interpolation-array" count="9">LINEAR LINEAR LINEAR LINEAR LINEAR LINEAR LINEAR LINEAR LINEAR</Name_array>
          <technique_common>
            <accessor source="#attack__Armature_Attack_leg_back_hip_L_pose_matrix-interpolation-array" count="9" stride="1">
              <param name="INTERPOLATION" type="name" />
            </accessor>
          </technique_common>
        </source>
        <sampler id="attack__Armature_Attack_leg_back_hip_L_pose_matrix-sampler">
          <input semantic="INPUT" source="#attack__Armature_Attack_leg_back_hip_L_pose_matrix-input" />
          <input semantic="OUTPUT" source="#attack__Armature_Attack_leg_back_hip_L_pose_matrix-output" />
          <input semantic="INTERPOLATION" source="#attack__Armature_Attack_leg_back_hip_L_pose_matrix-interpolation" />
        </sampler>
        <channel source="#attack__Armature_Attack_leg_back_hip_L_pose_matrix-sampler" target="Armature_leg_back_hip_L/transform" />
      </animation>
      <animation id="attack__Armature_Attack_leg_back_upper_L_pose_matrix" name="Armature">
        <source id="attack__Armature_Attack_leg_back_upper_L_pose_matrix-input">
          <float_array id="attack__Armature_Attack_leg_back_upper_L_pose_matrix-input-array" count="9">0.04166662 0.25 0.4583333 0.6666667 0.875 1.083333 1.291667 1.5 1.708333</float_array>
          <technique_common>
            <accessor source="#attack__Armature_Attack_leg_back_upper_L_pose_matrix-input-array" count="9" stride="1">
              <param name="TIME" type="float" />
            </accessor>
          </technique_common>
        </source>
        <source id="attack__Armature_Attack_leg_back_upper_L_pose_matrix-output">
          <float_array id="attack__Armature_Attack_leg_back_upper_L_pose_matrix-output-array" count="144">0.7881883 0.5726714 -0.2254026 -7.45058e-9 -0.2655587 0.6468695 0.7148695 0.112305 0.5551916 -0.5035942 0.661933 0 0 0 0 1 0.6609269 0.6968474 -0.2785298 0 -0.3141494 0.5939773 0.7406087 0.112305 0.6815317 -0.4019883 0.61149 7.45058e-9 0 0 0 1 0.3829377 0.8573173 -0.3440428 1.49012e-8 -0.3703147 0.4836629 0.7930556 0.112305 0.8463011 -0.1762869 0.5026901 -7.45058e-9 0 0 0 1 0.2640813 0.8943748 -0.3610468 -1.49012e-8 -0.3807442 0.4406027 0.8129597 0.112305 0.8861687 -0.07722098 0.456883 7.45058e-9 0 0 0 1 0.359069 0.8293151 -0.428142 0 -0.3580321 0.5460343 0.7574033 0.112305 0.8619062 -0.1186716 0.4929856 0 0 0 0 1 0.6399177 0.6280283 -0.4428155 3.72529e-9 -0.2494185 0.7148012 0.6533374 0.112305 0.7268394 -0.3076358 0.6140559 7.45058e-9 0 0 0 1 0.6537806 0.6145312 -0.4415002 3.72529e-9 -0.2411426 0.7222536 0.6482285 0.112305 0.7172316 -0.3173347 0.620385 3.72529e-9 0 0 0 1 0.7152907 0.6032894 -0.3527052 7.45058e-9 -0.2488279 0.6915035 0.678165 0.112305 0.6530267 -0.3973223 0.6447413 3.72529e-9 0 0 0 1 0.7881883 0.5726714 -0.2254026 -7.45058e-9 -0.2655587 0.6468695 0.7148695 0.112305 0.5551916 -0.5035942 0.661933 0 0 0 0 1</float_array>
          <technique_common>
            <accessor source="#attack__Armature_Attack_leg_back_upper_L_pose_matrix-output-array" count="9" stride="16">
              <param name="TRANSFORM" type="float4x4" />
            </accessor>
          </technique_common>
        </source>
        <source id="attack__Armature_Attack_leg_back_upper_L_pose_matrix-interpolation">
          <Name_array id="attack__Armature_Attack_leg_back_upper_L_pose_matrix-interpolation-array" count="9">LINEAR LINEAR LINEAR LINEAR LINEAR LINEAR LINEAR LINEAR LINEAR</Name_array>
          <technique_common>
            <accessor source="#attack__Armature_Attack_leg_back_upper_L_pose_matrix-interpolation-array" count="9" stride="1">
              <param name="INTERPOLATION" type="name" />
            </accessor>
          </technique_common>
        </source>
        <sampler id="attack__Armature_Attack_leg_back_upper_L_pose_matrix-sampler">
          <input semantic="INPUT" source="#attack__Armature_Attack_leg_back_upper_L_pose_matrix-input" />
          <input semantic="OUTPUT" source="#attack__Armature_Attack_leg_back_upper_L_pose_matrix-output" />
          <input semantic="INTERPOLATION" source="#attack__Armature_Attack_leg_back_upper_L_pose_matrix-interpolation" />
        </sampler>
        <channel source="#attack__Armature_Attack_leg_back_upper_L_pose_matrix-sampler" target="Armature_leg_back_upper_L/transform" />
      </animation>
      <animation id="attack__Armature_Attack_leg_back_lower_L_pose_matrix" name="Armature">
        <source id="attack__Armature_Attack_leg_back_lower_L_pose_matrix-input">
          <float_array id="attack__Armature_Attack_leg_back_lower_L_pose_matrix-input-array" count="9">0.04166662 0.25 0.4583333 0.6666667 0.875 1.083333 1.291667 1.5 1.708333</float_array>
          <technique_common>
            <accessor source="#attack__Armature_Attack_leg_back_lower_L_pose_matrix-input-array" count="9" stride="1">
              <param name="TIME" type="float" />
            </accessor>
          </technique_common>
        </source>
        <source id="attack__Armature_Attack_leg_back_lower_L_pose_matrix-output">
          <float_array id="attack__Armature_Attack_leg_back_lower_L_pose_matrix-output-array" count="144">0.8618011 -0.4972126 -0.1003919 0 0.5067533 0.8526574 0.127187 0.1195141 0.02236095 -0.1604838 0.9867852 0 0 0 0 1 0.8515199 -0.5156665 -0.09487839 0 0.5241059 0.8423142 0.1257763 0.1195142 0.01505885 -0.1568273 0.9875113 -1.49012e-8 0 0 0 1 0.8177825 -0.5705911 -0.07521691 0 0.5754795 0.8090158 0.1196528 0.1195142 -0.007421188 -0.1411358 0.9899623 1.49012e-8 0 0 0 1 0.7520762 -0.6580982 -0.03589697 -2.98023e-8 0.6575956 0.7456232 0.1077701 0.1195141 -0.04415774 -0.104657 0.9935275 1.49012e-8 0 0 0 1 0.6888782 -0.7248773 4.7639e-5 1.49012e-8 0.7213036 0.6854886 0.09913017 0.1195142 -0.07188986 -0.06825426 0.9950746 0 0 0 0 1 0.9818838 -0.03618112 -0.1859976 0 0.07765399 0.9722192 0.2208157 0.1195141 0.1728411 -0.2312587 0.9574159 0 0 0 0 1 0.9810152 0.009081006 -0.1937186 -7.45058e-9 0.03672695 0.9721268 0.231561 0.1195141 0.1904218 -0.2342795 0.9533376 1.49012e-8 0 0 0 1 0.9640872 -0.2103957 -0.162079 -1.49012e-8 0.2388316 0.9537438 0.1825719 0.1195142 0.1161695 -0.2147247 0.9697412 -7.45058e-9 0 0 0 1 0.8618011 -0.4972126 -0.1003919 0 0.5067533 0.8526574 0.127187 0.1195141 0.02236095 -0.1604838 0.9867852 0 0 0 0 1</float_array>
          <technique_common>
            <accessor source="#attack__Armature_Attack_leg_back_lower_L_pose_matrix-output-array" count="9" stride="16">
              <param name="TRANSFORM" type="float4x4" />
            </accessor>
          </technique_common>
        </source>
        <source id="attack__Armature_Attack_leg_back_lower_L_pose_matrix-interpolation">
          <Name_array id="attack__Armature_Attack_leg_back_lower_L_pose_matrix-interpolation-array" count="9">LINEAR LINEAR LINEAR LINEAR LINEAR LINEAR LINEAR LINEAR LINEAR</Name_array>
          <technique_common>
            <accessor source="#attack__Armature_Attack_leg_back_lower_L_pose_matrix-interpolation-array" count="9" stride="1">
              <param name="INTERPOLATION" type="name" />
            </accessor>
          </technique_common>
        </source>
        <sampler id="attack__Armature_Attack_leg_back_lower_L_pose_matrix-sampler">
          <input semantic="INPUT" source="#attack__Armature_Attack_leg_back_lower_L_pose_matrix-input" />
          <input semantic="OUTPUT" source="#attack__Armature_Attack_leg_back_lower_L_pose_matrix-output" />
          <input semantic="INTERPOLATION" source="#attack__Armature_Attack_leg_back_lower_L_pose_matrix-interpolation" />
        </sampler>
        <channel source="#attack__Armature_Attack_leg_back_lower_L_pose_matrix-sampler" target="Armature_leg_back_lower_L/transform" />
      </animation>
      <animation id="attack__Armature_Attack_leg_back_foot_L_pose_matrix" name="Armature">
        <source id="attack__Armature_Attack_leg_back_foot_L_pose_matrix-input">
          <float_array id="attack__Armature_Attack_leg_back_foot_L_pose_matrix-input-array" count="9">0.04166662 0.25 0.4583333 0.6666667 0.875 1.083333 1.291667 1.5 1.708333</float_array>
          <technique_common>
            <accessor source="#attack__Armature_Attack_leg_back_foot_L_pose_matrix-input-array" count="9" stride="1">
              <param name="TIME" type="float" />
            </accessor>
          </technique_common>
        </source>
        <source id="attack__Armature_Attack_leg_back_foot_L_pose_matrix-output">
          <float_array id="attack__Armature_Attack_leg_back_foot_L_pose_matrix-output-array" count="144">0.03447492 0.9231933 -0.3827862 0 -0.1020301 -0.3777615 -0.9202641 0.149302 -0.9941839 0.07078181 0.08117019 0 0 0 0 1 0.01817521 0.9634436 -0.2672944 0 -0.09397956 -0.2645087 -0.9597933 0.149302 -0.9954083 0.04256474 0.08573651 0 0 0 0 1 -0.0144894 0.9983487 -0.0555863 0 -0.09128407 -0.05668064 -0.9942106 0.149302 -0.9957196 -0.009331276 0.09195464 1.49012e-8 0 0 0 1 -0.03011891 0.999544 -0.002111524 0 -0.1173444 -0.005633689 -0.9930753 0.149302 -0.9926346 -0.02966253 0.1174606 -1.49012e-8 0 0 0 1 -0.02341712 0.9282708 -0.3711671 1.49012e-8 -0.2050047 -0.3678378 -0.9070107 0.149302 -0.978481 0.05485152 0.1989136 1.49012e-8 0 0 0 1 -0.01232516 0.9566067 -0.2911216 -1.49012e-8 -0.1728266 -0.2887998 -0.9416612 0.149302 -0.9848753 0.03870749 0.1688867 0 0 0 0 1 -0.01123178 0.9635875 -0.2671573 0 -0.1659572 -0.2652651 -0.9497856 0.149302 -0.9860691 0.03366894 0.1628937 -1.49012e-8 0 0 0 1 0.006934203 0.9485445 -0.316568 0 -0.1386313 -0.3126068 -0.9397118 0.149302 -0.9903199 0.05040246 0.1293303 -1.49012e-8 0 0 0 1 0.03447492 0.9231933 -0.3827862 0 -0.1020301 -0.3777615 -0.9202641 0.149302 -0.9941839 0.07078181 0.08117019 0 0 0 0 1</float_array>
          <technique_common>
            <accessor source="#attack__Armature_Attack_leg_back_foot_L_pose_matrix-output-array" count="9" stride="16">
              <param name="TRANSFORM" type="float4x4" />
            </accessor>
          </technique_common>
        </source>
        <source id="attack__Armature_Attack_leg_back_foot_L_pose_matrix-interpolation">
          <Name_array id="attack__Armature_Attack_leg_back_foot_L_pose_matrix-interpolation-array" count="9">LINEAR LINEAR LINEAR LINEAR LINEAR LINEAR LINEAR LINEAR LINEAR</Name_array>
          <technique_common>
            <accessor source="#attack__Armature_Attack_leg_back_foot_L_pose_matrix-interpolation-array" count="9" stride="1">
              <param name="INTERPOLATION" type="name" />
            </accessor>
          </technique_common>
        </source>
        <sampler id="attack__Armature_Attack_leg_back_foot_L_pose_matrix-sampler">
          <input semantic="INPUT" source="#attack__Armature_Attack_leg_back_foot_L_pose_matrix-input" />
          <input semantic="OUTPUT" source="#attack__Armature_Attack_leg_back_foot_L_pose_matrix-output" />
          <input semantic="INTERPOLATION" source="#attack__Armature_Attack_leg_back_foot_L_pose_matrix-interpolation" />
        </sampler>
        <channel source="#attack__Armature_Attack_leg_back_foot_L_pose_matrix-sampler" target="Armature_leg_back_foot_L/transform" />
      </animation>
      <animation id="attack__Armature_Attack_leg_back_hip_R_pose_matrix" name="Armature">
        <source id="attack__Armature_Attack_leg_back_hip_R_pose_matrix-input">
          <float_array id="attack__Armature_Attack_leg_back_hip_R_pose_matrix-input-array" count="9">0.04166662 0.25 0.4583333 0.6666667 0.875 1.083333 1.291667 1.5 1.708333</float_array>
          <technique_common>
            <accessor source="#attack__Armature_Attack_leg_back_hip_R_pose_matrix-input-array" count="9" stride="1">
              <param name="TIME" type="float" />
            </accessor>
          </technique_common>
        </source>
        <source id="attack__Armature_Attack_leg_back_hip_R_pose_matrix-output">
          <float_array id="attack__Armature_Attack_leg_back_hip_R_pose_matrix-output-array" count="144">-0.06415328 -0.8316929 -0.5515173 8.73115e-11 0.8300492 0.2623255 -0.4921417 0.1554319 0.5539879 -0.489359 0.6735171 2.32831e-9 0 0 0 1 -0.01996647 -0.8648418 -0.5016475 -8.73115e-11 0.8300877 0.2653277 -0.4904646 0.1554319 0.5572752 -0.4262042 0.7125969 -2.32831e-9 0 0 0 1 0.05764365 -0.9112905 -0.4077096 5.82077e-11 0.8297879 0.2708058 -0.4879717 0.1554319 0.5550941 -0.3101839 0.771788 -9.31323e-9 0 0 0 1 0.08186302 -0.9242517 -0.3729039 2.32831e-10 0.8290043 0.2708364 -0.4892846 0.1554319 0.553218 -0.2690846 0.7883801 -7.45058e-9 0 0 0 1 -0.05990993 -0.8898121 -0.4523775 0 0.810154 0.2214095 -0.5427967 0.1554319 0.5831479 -0.3990142 0.7076201 1.11759e-8 0 0 0 1 -0.2032013 -0.8327519 -0.5150081 -4.65661e-10 0.7810261 0.1793634 -0.5981864 0.1554319 0.5905147 -0.5237869 0.6139542 9.31323e-9 0 0 0 1 -0.2090136 -0.8299665 -0.5171739 6.98492e-10 0.7796313 0.1778254 -0.6004608 0.1554319 0.5903291 -0.5287094 0.6099001 -7.45058e-9 0 0 0 1 -0.1491089 -0.8323773 -0.5337741 0 0.8033093 0.2127998 -0.5562469 0.1554319 0.5765942 -0.511727 0.6369261 -1.86265e-9 0 0 0 1 -0.06415328 -0.8316929 -0.5515173 8.73115e-11 0.8300492 0.2623255 -0.4921417 0.1554319 0.5539879 -0.489359 0.6735171 2.32831e-9 0 0 0 1</float_array>
          <technique_common>
            <accessor source="#attack__Armature_Attack_leg_back_hip_R_pose_matrix-output-array" count="9" stride="16">
              <param name="TRANSFORM" type="float4x4" />
            </accessor>
          </technique_common>
        </source>
        <source id="attack__Armature_Attack_leg_back_hip_R_pose_matrix-interpolation">
          <Name_array id="attack__Armature_Attack_leg_back_hip_R_pose_matrix-interpolation-array" count="9">LINEAR LINEAR LINEAR LINEAR LINEAR LINEAR LINEAR LINEAR LINEAR</Name_array>
          <technique_common>
            <accessor source="#attack__Armature_Attack_leg_back_hip_R_pose_matrix-interpolation-array" count="9" stride="1">
              <param name="INTERPOLATION" type="name" />
            </accessor>
          </technique_common>
        </source>
        <sampler id="attack__Armature_Attack_leg_back_hip_R_pose_matrix-sampler">
          <input semantic="INPUT" source="#attack__Armature_Attack_leg_back_hip_R_pose_matrix-input" />
          <input semantic="OUTPUT" source="#attack__Armature_Attack_leg_back_hip_R_pose_matrix-output" />
          <input semantic="INTERPOLATION" source="#attack__Armature_Attack_leg_back_hip_R_pose_matrix-interpolation" />
        </sampler>
        <channel source="#attack__Armature_Attack_leg_back_hip_R_pose_matrix-sampler" target="Armature_leg_back_hip_R/transform" />
      </animation>
      <animation id="attack__Armature_Attack_leg_back_upper_R_pose_matrix" name="Armature">
        <source id="attack__Armature_Attack_leg_back_upper_R_pose_matrix-input">
          <float_array id="attack__Armature_Attack_leg_back_upper_R_pose_matrix-input-array" count="9">0.04166662 0.25 0.4583333 0.6666667 0.875 1.083333 1.291667 1.5 1.708333</float_array>
          <technique_common>
            <accessor source="#attack__Armature_Attack_leg_back_upper_R_pose_matrix-input-array" count="9" stride="1">
              <param name="TIME" type="float" />
            </accessor>
          </technique_common>
        </source>
        <source id="attack__Armature_Attack_leg_back_upper_R_pose_matrix-output">
          <float_array id="attack__Armature_Attack_leg_back_upper_R_pose_matrix-output-array" count="144">0.8965525 -0.4045449 0.1803799 1.49012e-8 0.1730765 0.6948198 0.6980473 0.112305 -0.4077231 -0.5946166 0.6929595 -3.72529e-9 0 0 0 1 0.8681576 -0.4751238 0.1433866 1.49012e-8 0.212285 0.6166663 0.7580618 0.112305 -0.4485949 -0.6276784 0.6362251 -3.72529e-9 0 0 0 1 0.8077096 -0.5856453 0.06800352 0 0.2639464 0.4623246 0.8465154 0.112305 -0.5271974 -0.6657895 0.528003 -7.45058e-9 0 0 0 1 0.7822229 -0.6208296 0.05194086 0 0.2637589 0.4055485 0.8751925 0.112305 -0.56441 -0.6708956 0.4809786 7.45058e-9 0 0 0 1 0.8287086 -0.5278971 0.1859207 -1.49012e-8 0.1713098 0.5554984 0.8136798 0.112305 -0.5328177 -0.6424535 0.5507802 1.49012e-8 0 0 0 1 0.7526567 -0.5657396 0.3368183 0 0.159402 0.6529132 0.7404698 0.112305 -0.6388263 -0.5036302 0.5815994 -3.72529e-9 0 0 0 1 0.6135871 -0.7007208 0.3640069 -3.72529e-9 0.2506503 0.6099852 0.7517262 0.112305 -0.7487893 -0.3700113 0.5499149 3.72529e-9 0 0 0 1 0.7514075 -0.5898843 0.2956746 -7.45058e-9 0.2239835 0.6495202 0.7266052 0.112305 -0.6206595 -0.4797504 0.6201786 3.72529e-9 0 0 0 1 0.8965525 -0.4045449 0.1803799 1.49012e-8 0.1730765 0.6948198 0.6980473 0.112305 -0.4077231 -0.5946166 0.6929595 -3.72529e-9 0 0 0 1</float_array>
          <technique_common>
            <accessor source="#attack__Armature_Attack_leg_back_upper_R_pose_matrix-output-array" count="9" stride="16">
              <param name="TRANSFORM" type="float4x4" />
            </accessor>
          </technique_common>
        </source>
        <source id="attack__Armature_Attack_leg_back_upper_R_pose_matrix-interpolation">
          <Name_array id="attack__Armature_Attack_leg_back_upper_R_pose_matrix-interpolation-array" count="9">LINEAR LINEAR LINEAR LINEAR LINEAR LINEAR LINEAR LINEAR LINEAR</Name_array>
          <technique_common>
            <accessor source="#attack__Armature_Attack_leg_back_upper_R_pose_matrix-interpolation-array" count="9" stride="1">
              <param name="INTERPOLATION" type="name" />
            </accessor>
          </technique_common>
        </source>
        <sampler id="attack__Armature_Attack_leg_back_upper_R_pose_matrix-sampler">
          <input semantic="INPUT" source="#attack__Armature_Attack_leg_back_upper_R_pose_matrix-input" />
          <input semantic="OUTPUT" source="#attack__Armature_Attack_leg_back_upper_R_pose_matrix-output" />
          <input semantic="INTERPOLATION" source="#attack__Armature_Attack_leg_back_upper_R_pose_matrix-interpolation" />
        </sampler>
        <channel source="#attack__Armature_Attack_leg_back_upper_R_pose_matrix-sampler" target="Armature_leg_back_upper_R/transform" />
      </animation>
      <animation id="attack__Armature_Attack_leg_back_lower_R_pose_matrix" name="Armature">
        <source id="attack__Armature_Attack_leg_back_lower_R_pose_matrix-input">
          <float_array id="attack__Armature_Attack_leg_back_lower_R_pose_matrix-input-array" count="9">0.04166662 0.25 0.4583333 0.6666667 0.875 1.083333 1.291667 1.5 1.708333</float_array>
          <technique_common>
            <accessor source="#attack__Armature_Attack_leg_back_lower_R_pose_matrix-input-array" count="9" stride="1">
              <param name="TIME" type="float" />
            </accessor>
          </technique_common>
        </source>
        <source id="attack__Armature_Attack_leg_back_lower_R_pose_matrix-output">
          <float_array id="attack__Armature_Attack_leg_back_lower_R_pose_matrix-output-array" count="144">0.9095553 0.3989839 0.1162804 0 -0.4128097 0.8996695 0.1420682 0.1195142 -0.04793106 -0.1772206 0.9830033 0 0 0 0 1 0.8811766 0.4597922 0.1100866 0 -0.4715104 0.8717445 0.133191 0.1195141 -0.03472722 -0.1692718 0.9849573 0 0 0 0 1 0.8219634 0.5610775 0.09781614 -1.49012e-8 -0.5693923 0.8134528 0.1186884 0.1195142 -0.01297544 -0.1532532 0.9881017 1.49012e-8 0 0 0 1 0.7955704 0.5987194 0.09275393 -2.98023e-8 -0.6058394 0.7874717 0.1133465 0.1195142 -0.005178347 -0.1463691 0.9892165 -1.49012e-8 0 0 0 1 0.8016574 0.5893871 0.09984168 -1.49012e-8 -0.597662 0.7936077 0.1139619 0.1195142 -0.01206744 -0.15103 0.9884555 -7.45058e-9 0 0 0 1 0.8288003 0.5480107 0.1130243 1.49012e-8 -0.5589569 0.8201189 0.1223607 0.1195141 -0.0256384 -0.1645883 0.986029 7.45058e-9 0 0 0 1 0.9150019 0.3819874 0.1298354 -1.49012e-8 -0.3990832 0.9041688 0.1523531 0.1195142 -0.05919619 -0.1912185 0.9797608 0 0 0 0 1 0.9155634 0.3823721 0.1246426 0 -0.3982882 0.9050513 0.149161 0.1195142 -0.05577293 -0.1862099 0.9809257 0 0 0 0 1 0.9095553 0.3989839 0.1162804 0 -0.4128097 0.8996695 0.1420682 0.1195142 -0.04793106 -0.1772206 0.9830033 0 0 0 0 1</float_array>
          <technique_common>
            <accessor source="#attack__Armature_Attack_leg_back_lower_R_pose_matrix-output-array" count="9" stride="16">
              <param name="TRANSFORM" type="float4x4" />
            </accessor>
          </technique_common>
        </source>
        <source id="attack__Armature_Attack_leg_back_lower_R_pose_matrix-interpolation">
          <Name_array id="attack__Armature_Attack_leg_back_lower_R_pose_matrix-interpolation-array" count="9">LINEAR LINEAR LINEAR LINEAR LINEAR LINEAR LINEAR LINEAR LINEAR</Name_array>
          <technique_common>
            <accessor source="#attack__Armature_Attack_leg_back_lower_R_pose_matrix-interpolation-array" count="9" stride="1">
              <param name="INTERPOLATION" type="name" />
            </accessor>
          </technique_common>
        </source>
        <sampler id="attack__Armature_Attack_leg_back_lower_R_pose_matrix-sampler">
          <input semantic="INPUT" source="#attack__Armature_Attack_leg_back_lower_R_pose_matrix-input" />
          <input semantic="OUTPUT" source="#attack__Armature_Attack_leg_back_lower_R_pose_matrix-output" />
          <input semantic="INTERPOLATION" source="#attack__Armature_Attack_leg_back_lower_R_pose_matrix-interpolation" />
        </sampler>
        <channel source="#attack__Armature_Attack_leg_back_lower_R_pose_matrix-sampler" target="Armature_leg_back_lower_R/transform" />
      </animation>
      <animation id="attack__Armature_Attack_leg_back_foot_R_pose_matrix" name="Armature">
        <source id="attack__Armature_Attack_leg_back_foot_R_pose_matrix-input">
          <float_array id="attack__Armature_Attack_leg_back_foot_R_pose_matrix-input-array" count="9">0.04166662 0.25 0.4583333 0.6666667 0.875 1.083333 1.291667 1.5 1.708333</float_array>
          <technique_common>
            <accessor source="#attack__Armature_Attack_leg_back_foot_R_pose_matrix-input-array" count="9" stride="1">
              <param name="TIME" type="float" />
            </accessor>
          </technique_common>
        </source>
        <source id="attack__Armature_Attack_leg_back_foot_R_pose_matrix-output">
          <float_array id="attack__Armature_Attack_leg_back_foot_R_pose_matrix-output-array" count="144">-0.002715327 -0.9342067 0.3567214 2.98023e-8 0.06990912 -0.3560273 -0.9318568 0.149302 0.9975495 0.0224076 0.06627632 2.98023e-8 0 0 0 1 -0.003698871 -0.92638 0.3765714 -1.49012e-8 0.07332145 -0.3758116 -0.9237907 0.149302 0.9973013 0.02419361 0.0693136 0 0 0 0 1 -0.00559506 -0.9116691 0.4108869 2.98023e-8 0.07923841 -0.4100055 -0.9086346 0.149302 0.9968399 0.02747396 0.07453325 1.49012e-8 0 0 0 1 -0.00508683 -0.9143504 0.4048916 -1.49012e-8 0.07751291 -0.4040391 -0.9114516 0.149302 0.9969784 0.02674775 0.07292926 2.98023e-8 0 0 0 1 0.002126664 -0.9996642 -0.0258196 -2.98023e-8 -0.009997971 0.02579722 -0.9996171 0.149302 0.9999476 0.002383843 -0.00993982 0 0 0 0 1 -0.002236947 -0.9875255 0.1574433 0 0.02618475 -0.1574475 -0.9871801 0.149302 0.9996544 0.001914188 0.02621028 0 0 0 0 1 -0.01448623 -0.9193417 0.3931928 -2.98023e-8 0.07126671 -0.3931833 -0.9166939 0.149302 0.997352 0.01474197 0.07121419 0 0 0 0 1 -0.009517822 -0.9255668 0.3784642 -1.49012e-8 0.07087538 -0.378154 -0.9230255 0.149302 0.9974396 0.01803842 0.06919909 0 0 0 0 1 -0.002715327 -0.9342067 0.3567214 2.98023e-8 0.06990912 -0.3560273 -0.9318568 0.149302 0.9975495 0.0224076 0.06627632 2.98023e-8 0 0 0 1</float_array>
          <technique_common>
            <accessor source="#attack__Armature_Attack_leg_back_foot_R_pose_matrix-output-array" count="9" stride="16">
              <param name="TRANSFORM" type="float4x4" />
            </accessor>
          </technique_common>
        </source>
        <source id="attack__Armature_Attack_leg_back_foot_R_pose_matrix-interpolation">
          <Name_array id="attack__Armature_Attack_leg_back_foot_R_pose_matrix-interpolation-array" count="9">LINEAR LINEAR LINEAR LINEAR LINEAR LINEAR LINEAR LINEAR LINEAR</Name_array>
          <technique_common>
            <accessor source="#attack__Armature_Attack_leg_back_foot_R_pose_matrix-interpolation-array" count="9" stride="1">
              <param name="INTERPOLATION" type="name" />
            </accessor>
          </technique_common>
        </source>
        <sampler id="attack__Armature_Attack_leg_back_foot_R_pose_matrix-sampler">
          <input semantic="INPUT" source="#attack__Armature_Attack_leg_back_foot_R_pose_matrix-input" />
          <input semantic="OUTPUT" source="#attack__Armature_Attack_leg_back_foot_R_pose_matrix-output" />
          <input semantic="INTERPOLATION" source="#attack__Armature_Attack_leg_back_foot_R_pose_matrix-interpolation" />
        </sampler>
        <channel source="#attack__Armature_Attack_leg_back_foot_R_pose_matrix-sampler" target="Armature_leg_back_foot_R/transform" />
      </animation>
    </animation>
  <animation id="die__action_container-Armature" name="Armature">
      <animation id="die__Armature_Die_base_pose_matrix" name="Armature">
        <source id="die__Armature_Die_base_pose_matrix-input">
          <float_array id="die__Armature_Die_base_pose_matrix-input-array" count="13">0.04166662 0.25 0.4583333 0.6666667 0.875 1.083333 1.291667 1.5 1.708333 1.916667 2.125 2.333333 2.5</float_array>
          <technique_common>
            <accessor source="#die__Armature_Die_base_pose_matrix-input-array" count="13" stride="1">
              <param name="TIME" type="float" />
            </accessor>
          </technique_common>
        </source>
        <source id="die__Armature_Die_base_pose_matrix-output">
          <float_array id="die__Armature_Die_base_pose_matrix-output-array" count="208">0.9803394 0 0.1973186 0 0.1542276 0.6237587 -0.76625 -0.1273851 -0.1230792 0.781617 0.6114951 -0.1374949 0 0 0 1 0.9857576 -0.1497704 0.07648995 1.74623e-10 0.1542276 0.6237587 -0.76625 -0.1273851 0.06705032 0.7671337 0.6379735 -0.1451508 0 0 0 1 0.9405216 -0.3302862 -0.07956219 -2.32831e-10 0.1542276 0.6237587 -0.76625 -0.1273851 0.3027094 0.708404 0.6375977 -0.1548039 0 0 0 1 0.9528742 -0.2989507 -0.05156754 1.16415e-10 0.1542276 0.6237587 -0.76625 -0.1273851 0.2612367 0.7221867 0.6404699 -0.1524476 0 0 0 1 0.9828444 -0.1762466 0.05435094 -5.82077e-11 0.1542276 0.6237587 -0.76625 -0.1273851 0.101147 0.7614869 0.6402397 -0.144703 0 0 0 1 0.9853291 -0.03973891 0.1659738 2.47383e-10 0.1542276 0.6237587 -0.76625 -0.1273851 -0.07307766 0.7806062 0.6207364 -0.1382564 0 0 0 1 0.9740962 0.03416931 0.2235375 0 0.1539714 0.6237621 -0.7662987 -0.1273851 -0.1656181 0.780867 0.6023431 -0.1375525 0 0 0 1 0.9666203 0.07124084 0.2461098 1.45519e-11 0.1493744 0.6237317 -0.7672328 -0.1273851 -0.2081648 0.7783853 0.59227 -0.138587 0 0 0 1 0.9372788 0.1734767 0.3023479 5.82076e-11 0.1335223 0.6225415 -0.771112 -0.1273851 -0.3219942 0.7631172 0.5603319 -0.142181 0 0 0 1 0.7673503 0.4470788 0.4596674 0 0.1103517 0.6140867 -0.7814858 -0.1273851 -0.6316613 0.6503986 0.4218836 -0.1544796 0 0 0 1 0.06196105 0.7797623 0.6230018 -9.31323e-10 0.1366413 0.6116967 -0.7792023 -0.1273851 -0.9886807 0.133408 -0.06864637 -0.1985255 0 0 0 1 -0.4044948 0.7474208 0.527016 0 0.1542276 0.6237587 -0.76625 -0.1273851 -0.9014421 -0.2286637 -0.3675801 -0.226866 0 0 0 1 -0.4044948 0.7474208 0.527016 0 0.1542276 0.6237587 -0.76625 -0.1273851 -0.9014421 -0.2286637 -0.3675801 -0.226866 0 0 0 1</float_array>
          <technique_common>
            <accessor source="#die__Armature_Die_base_pose_matrix-output-array" count="13" stride="16">
              <param name="TRANSFORM" type="float4x4" />
            </accessor>
          </technique_common>
        </source>
        <source id="die__Armature_Die_base_pose_matrix-interpolation">
          <Name_array id="die__Armature_Die_base_pose_matrix-interpolation-array" count="13">LINEAR LINEAR LINEAR LINEAR LINEAR LINEAR LINEAR LINEAR LINEAR LINEAR LINEAR LINEAR LINEAR</Name_array>
          <technique_common>
            <accessor source="#die__Armature_Die_base_pose_matrix-interpolation-array" count="13" stride="1">
              <param name="INTERPOLATION" type="name" />
            </accessor>
          </technique_common>
        </source>
        <sampler id="die__Armature_Die_base_pose_matrix-sampler">
          <input semantic="INPUT" source="#die__Armature_Die_base_pose_matrix-input" />
          <input semantic="OUTPUT" source="#die__Armature_Die_base_pose_matrix-output" />
          <input semantic="INTERPOLATION" source="#die__Armature_Die_base_pose_matrix-interpolation" />
        </sampler>
        <channel source="#die__Armature_Die_base_pose_matrix-sampler" target="Armature_base/transform" />
      </animation>
      <animation id="die__Armature_Die_neck1_pose_matrix" name="Armature">
        <source id="die__Armature_Die_neck1_pose_matrix-input">
          <float_array id="die__Armature_Die_neck1_pose_matrix-input-array" count="13">0.04166662 0.25 0.4583333 0.6666667 0.875 1.083333 1.291667 1.5 1.708333 1.916667 2.125 2.333333 2.5</float_array>
          <technique_common>
            <accessor source="#die__Armature_Die_neck1_pose_matrix-input-array" count="13" stride="1">
              <param name="TIME" type="float" />
            </accessor>
          </technique_common>
        </source>
        <source id="die__Armature_Die_neck1_pose_matrix-output">
          <float_array id="die__Armature_Die_neck1_pose_matrix-output-array" count="208">0.9695646 -0.1875137 0.1574272 9.31323e-10 0.2190369 0.3770207 -0.8999323 0.1054889 0.1093963 0.9070249 0.4066183 -3.72529e-9 0 0 0 1 0.9760681 -0.1165268 0.1836106 0 0.2169766 0.4652424 -0.8581787 0.1054889 0.01457739 0.87748 0.4793918 0 0 0 0 1 0.9709099 0.006958246 0.2393447 3.72529e-9 0.1871488 0.6014754 -0.7766613 0.1054889 -0.1493641 0.7988611 0.5826761 0 0 0 0 1 0.965997 0.0762185 0.2470646 0 0.1473095 0.6230609 -0.7681764 0.1054889 -0.2124854 0.778451 0.5906472 0 0 0 0 1 0.9807468 0.132582 0.1433806 0 0.05861193 0.5005198 -0.8637388 0.1054889 -0.1862811 0.8555129 0.4831121 0 0 0 0 1 0.9872845 0.1557227 0.03193234 9.31323e-10 -0.02707428 0.3626687 -0.9315249 0.1054889 -0.1566404 0.9188155 0.3622732 0 0 0 0 1 0.9927534 0.1100728 0.04821608 -9.31323e-10 0.005395174 0.3600018 -0.9329361 0.1054889 -0.1200488 0.9264355 0.3567991 -7.45058e-9 0 0 0 1 0.9751658 -0.122518 0.1845029 -1.39698e-9 0.2187599 0.4027495 -0.8887841 0.1054889 0.03458362 0.9070736 0.4195493 0 0 0 0 1 0.8592086 -0.4017004 0.3168557 9.31323e-10 0.472066 0.3836545 -0.7937021 0.1054889 0.1972674 0.8315324 0.5192682 3.72529e-9 0 0 0 1 0.7480816 -0.5502223 0.3709848 0 0.6053628 0.336797 -0.7211822 0.1054889 0.2718639 0.7640834 0.5850356 0 0 0 0 1 0.8325248 -0.4513401 0.321239 9.31323e-10 0.5008854 0.3655185 -0.7845445 0.1054889 0.2366776 0.8140568 0.5303728 7.45058e-9 0 0 0 1 0.9584376 -0.2209308 0.1805195 1.11759e-8 0.255095 0.380251 -0.8890083 0.1054889 0.1277666 0.8981085 0.4208052 7.45058e-9 0 0 0 1 0.9695646 -0.1875137 0.1574273 1.11759e-8 0.219037 0.3770207 -0.8999324 0.1054889 0.1093963 0.907025 0.4066183 7.45058e-9 0 0 0 1</float_array>
          <technique_common>
            <accessor source="#die__Armature_Die_neck1_pose_matrix-output-array" count="13" stride="16">
              <param name="TRANSFORM" type="float4x4" />
            </accessor>
          </technique_common>
        </source>
        <source id="die__Armature_Die_neck1_pose_matrix-interpolation">
          <Name_array id="die__Armature_Die_neck1_pose_matrix-interpolation-array" count="13">LINEAR LINEAR LINEAR LINEAR LINEAR LINEAR LINEAR LINEAR LINEAR LINEAR LINEAR LINEAR LINEAR</Name_array>
          <technique_common>
            <accessor source="#die__Armature_Die_neck1_pose_matrix-interpolation-array" count="13" stride="1">
              <param name="INTERPOLATION" type="name" />
            </accessor>
          </technique_common>
        </source>
        <sampler id="die__Armature_Die_neck1_pose_matrix-sampler">
          <input semantic="INPUT" source="#die__Armature_Die_neck1_pose_matrix-input" />
          <input semantic="OUTPUT" source="#die__Armature_Die_neck1_pose_matrix-output" />
          <input semantic="INTERPOLATION" source="#die__Armature_Die_neck1_pose_matrix-interpolation" />
        </sampler>
        <channel source="#die__Armature_Die_neck1_pose_matrix-sampler" target="Armature_neck1/transform" />
      </animation>
      <animation id="die__Armature_Die_neck2_pose_matrix" name="Armature">
        <source id="die__Armature_Die_neck2_pose_matrix-input">
          <float_array id="die__Armature_Die_neck2_pose_matrix-input-array" count="13">0.04166662 0.25 0.4583333 0.6666667 0.875 1.083333 1.291667 1.5 1.708333 1.916667 2.125 2.333333 2.5</float_array>
          <technique_common>
            <accessor source="#die__Armature_Die_neck2_pose_matrix-input-array" count="13" stride="1">
              <param name="TIME" type="float" />
            </accessor>
          </technique_common>
        </source>
        <source id="die__Armature_Die_neck2_pose_matrix-output">
          <float_array id="die__Armature_Die_neck2_pose_matrix-output-array" count="208">0.2201689 0.188399 0.9570953 -1.86265e-9 -0.3514764 0.9305878 -0.102328 0.1416763 -0.9099396 -0.3138669 0.2711042 7.45058e-9 0 0 0 1 0.2094833 0.1872866 0.9597085 -7.45058e-9 -0.3526098 0.9299169 -0.1045057 0.1416763 -0.9120216 -0.3165104 0.2608411 0 0 0 0 1 0.1908141 0.1787295 0.9652179 0 -0.3635687 0.9262239 -0.09963495 0.1416763 -0.9118156 -0.3319112 0.2417171 0 0 0 0 1 0.1818723 0.1561601 0.9708432 7.45058e-9 -0.4005417 0.9134538 -0.07189381 0.1416763 -0.8980471 -0.3757876 0.2286806 -7.45058e-9 0 0 0 1 0.1775034 0.1276257 0.9758097 0 -0.4872303 0.8729002 -0.02553715 0.1416763 -0.8550433 -0.4709111 0.2171259 -7.45058e-9 0 0 0 1 0.1932597 0.1001798 0.97602 -3.72529e-9 -0.5582094 0.8293111 0.02540852 0.1416763 -0.8068786 -0.5497339 0.2161937 7.45058e-9 0 0 0 1 0.2798937 0.07209525 0.95732 9.31323e-10 -0.5167822 0.8516898 0.08695251 0.1416763 -0.8090708 -0.5190634 0.2756402 -7.45058e-9 0 0 0 1 0.5073457 -0.03801665 0.8609038 -5.12227e-9 -0.2391044 0.95359 0.183018 0.1416763 -0.8279067 -0.2986992 0.4747097 1.49012e-8 0 0 0 1 0.668664 -0.2916314 0.683988 5.58794e-9 0.1546988 0.9543105 0.2556557 0.1416763 -0.727294 -0.06513566 0.6832281 -7.45058e-9 0 0 0 1 0.6382602 -0.5719702 0.5152416 5.58794e-9 0.4214204 0.8197086 0.3879208 0.1416763 -0.644227 -0.0304611 0.7642274 0 0 0 0 1 0.3193354 -0.8060347 0.4983305 2.23517e-8 0.3487827 0.58892 0.7290571 0.1416763 -0.8811219 -0.05900475 0.4691939 3.72529e-9 0 0 0 1 0.5892222 -0.3204391 0.7417114 1.11759e-8 0.08687662 0.9377974 0.3361379 0.1416763 -0.8032867 -0.1336225 0.5804096 -7.45058e-9 0 0 0 1 0.5538762 -0.1656457 0.815955 -2.23517e-8 0.01442114 0.9817712 0.1895186 0.1416763 -0.8324741 -0.09320279 0.5461686 -3.72529e-9 0 0 0 1</float_array>
          <technique_common>
            <accessor source="#die__Armature_Die_neck2_pose_matrix-output-array" count="13" stride="16">
              <param name="TRANSFORM" type="float4x4" />
            </accessor>
          </technique_common>
        </source>
        <source id="die__Armature_Die_neck2_pose_matrix-interpolation">
          <Name_array id="die__Armature_Die_neck2_pose_matrix-interpolation-array" count="13">LINEAR LINEAR LINEAR LINEAR LINEAR LINEAR LINEAR LINEAR LINEAR LINEAR LINEAR LINEAR LINEAR</Name_array>
          <technique_common>
            <accessor source="#die__Armature_Die_neck2_pose_matrix-interpolation-array" count="13" stride="1">
              <param name="INTERPOLATION" type="name" />
            </accessor>
          </technique_common>
        </source>
        <sampler id="die__Armature_Die_neck2_pose_matrix-sampler">
          <input semantic="INPUT" source="#die__Armature_Die_neck2_pose_matrix-input" />
          <input semantic="OUTPUT" source="#die__Armature_Die_neck2_pose_matrix-output" />
          <input semantic="INTERPOLATION" source="#die__Armature_Die_neck2_pose_matrix-interpolation" />
        </sampler>
        <channel source="#die__Armature_Die_neck2_pose_matrix-sampler" target="Armature_neck2/transform" />
      </animation>
      <animation id="die__Armature_Die_neck3_pose_matrix" name="Armature">
        <source id="die__Armature_Die_neck3_pose_matrix-input">
          <float_array id="die__Armature_Die_neck3_pose_matrix-input-array" count="13">0.04166662 0.25 0.4583333 0.6666667 0.875 1.083333 1.291667 1.5 1.708333 1.916667 2.125 2.333333 2.5</float_array>
          <technique_common>
            <accessor source="#die__Armature_Die_neck3_pose_matrix-input-array" count="13" stride="1">
              <param name="TIME" type="float" />
            </accessor>
          </technique_common>
        </source>
        <source id="die__Armature_Die_neck3_pose_matrix-output">
          <float_array id="die__Armature_Die_neck3_pose_matrix-output-array" count="208">0.4657144 -0.7905083 0.3977521 1.49012e-8 0.5941353 0.6124164 0.5214874 0.1335502 -0.6558301 -0.0065457 0.7548801 -1.86265e-9 0 0 0 1 0.365259 -0.7448868 0.5583276 7.45058e-9 0.4546033 0.666117 0.5912902 0.1335502 -0.8123556 0.03784344 0.5819331 -3.72529e-9 0 0 0 1 0.1557241 -0.6351088 0.7565627 7.45058e-9 0.1768888 0.7714554 0.6112014 0.1335502 -0.9718336 0.03864858 0.2324778 -7.45058e-9 0 0 0 1 0.1761159 -0.5642535 0.8065987 -1.11759e-8 0.02732933 0.8218934 0.5689856 0.1335502 -0.9839901 -0.07816371 0.1601691 0 0 0 0 1 0.3584056 -0.5058957 0.7846115 7.45058e-9 -0.07227308 0.8228878 0.563589 0.1335502 -0.9307644 -0.2586998 0.2583647 -9.31323e-10 0 0 0 1 0.6263086 -0.4083913 0.6640439 7.45058e-9 -0.02832189 0.83932 0.5428996 0.1335502 -0.7790607 -0.3588298 0.5141068 -7.45058e-9 0 0 0 1 0.9079882 -0.3046125 0.2876955 0 0.2075062 0.9234311 0.3228252 0.1335501 -0.3640036 -0.233423 0.9016734 -7.45058e-9 0 0 0 1 0.9580211 -0.2800206 -0.06151449 -1.49012e-8 0.2840725 0.9561099 0.07180665 0.1335502 0.03870711 -0.086267 0.9955198 0 0 0 0 1 0.9395604 -0.3138699 -0.1367915 -1.49012e-8 0.3348749 0.9256378 0.1762201 0.1335502 0.07130922 -0.2113774 0.9747999 -7.45058e-9 0 0 0 1 0.9107291 -0.356285 -0.208887 0 0.4074608 0.8577008 0.3135687 0.1335502 0.06744274 -0.3706895 0.9263052 0 0 0 0 1 0.9124822 -0.406403 -0.04704193 8.84756e-9 0.3916432 0.8344716 0.3876506 0.1335502 -0.1182873 -0.3721479 0.9206053 0 0 0 0 1 0.963645 -0.2668209 0.01395717 0 0.2620541 0.9540356 0.1454082 0.1335501 -0.05211359 -0.1364646 0.9892734 0 0 0 0 1 0.483723 -0.172616 0.8580302 2.23517e-8 0.1944512 0.9770521 0.08693681 0.1335502 -0.8533469 0.1247915 0.5061879 -7.45058e-9 0 0 0 1</float_array>
          <technique_common>
            <accessor source="#die__Armature_Die_neck3_pose_matrix-output-array" count="13" stride="16">
              <param name="TRANSFORM" type="float4x4" />
            </accessor>
          </technique_common>
        </source>
        <source id="die__Armature_Die_neck3_pose_matrix-interpolation">
          <Name_array id="die__Armature_Die_neck3_pose_matrix-interpolation-array" count="13">LINEAR LINEAR LINEAR LINEAR LINEAR LINEAR LINEAR LINEAR LINEAR LINEAR LINEAR LINEAR LINEAR</Name_array>
          <technique_common>
            <accessor source="#die__Armature_Die_neck3_pose_matrix-interpolation-array" count="13" stride="1">
              <param name="INTERPOLATION" type="name" />
            </accessor>
          </technique_common>
        </source>
        <sampler id="die__Armature_Die_neck3_pose_matrix-sampler">
          <input semantic="INPUT" source="#die__Armature_Die_neck3_pose_matrix-input" />
          <input semantic="OUTPUT" source="#die__Armature_Die_neck3_pose_matrix-output" />
          <input semantic="INTERPOLATION" source="#die__Armature_Die_neck3_pose_matrix-interpolation" />
        </sampler>
        <channel source="#die__Armature_Die_neck3_pose_matrix-sampler" target="Armature_neck3/transform" />
      </animation>
      <animation id="die__Armature_Die_jaw_upper_pose_matrix" name="Armature">
        <source id="die__Armature_Die_jaw_upper_pose_matrix-input">
          <float_array id="die__Armature_Die_jaw_upper_pose_matrix-input-array" count="13">0.04166662 0.25 0.4583333 0.6666667 0.875 1.083333 1.291667 1.5 1.708333 1.916667 2.125 2.333333 2.5</float_array>
          <technique_common>
            <accessor source="#die__Armature_Die_jaw_upper_pose_matrix-input-array" count="13" stride="1">
              <param name="TIME" type="float" />
            </accessor>
          </technique_common>
        </source>
        <source id="die__Armature_Die_jaw_upper_pose_matrix-output">
          <float_array id="die__Armature_Die_jaw_upper_pose_matrix-output-array" count="208">0.2205761 -0.5423435 0.8106847 1.49012e-8 -0.4293922 0.6922863 0.5799672 0.1076932 -0.8757675 -0.4760287 -0.08017629 1.49012e-8 0 0 0 1 0.265517 -0.5060073 0.8206445 0 -0.2528251 0.7848639 0.5657457 0.1076933 -0.9303656 -0.3576946 0.08046335 2.98023e-8 0 0 0 1 0.3574038 -0.4292213 0.8294768 -7.45058e-9 0.04474017 0.8949873 0.4438427 0.1076933 -0.9328778 -0.12152 0.3390753 7.45058e-9 0 0 0 1 0.3782266 -0.3184528 0.8692136 0 0.08150598 0.9467761 0.3114031 0.1076932 -0.9221179 -0.04693487 0.3840516 0 0 0 0 1 0.1308709 -0.1797664 0.974965 -1.86265e-9 -0.1111348 0.9745646 0.1946105 0.1076933 -0.9851507 -0.1338213 0.1075638 0 0 0 0 1 -0.1723903 -0.09747168 0.9801941 1.49012e-8 -0.2725447 0.9609636 0.0476259 0.1076932 -0.9465733 -0.2589366 -0.1922262 0 0 0 0 1 -0.2562511 -0.04728262 0.9654531 0 -0.2524647 0.9674071 -0.01963094 0.1076932 -0.933058 -0.2487733 -0.2598363 0 0 0 0 1 -0.3022006 0.0032911 0.9532386 0 -0.1249972 0.9912227 -0.0430494 0.1076932 -0.9450135 -0.1321617 -0.2991368 0 0 0 0 1 -0.2823163 -0.1911793 0.9400789 -1.49012e-8 -0.1010056 0.9804184 0.1690499 0.1076932 -0.9539892 -0.04722768 -0.2960982 1.49012e-8 0 0 0 1 -0.2388507 -0.4313184 0.8700083 0 -0.1127491 0.9021988 0.4163232 0.1076932 -0.9644884 0.001346497 -0.2641217 0 0 0 0 1 -0.2367691 -0.4410526 0.8656865 -7.45058e-9 -0.1133121 0.8974769 0.4262579 0.1076932 -0.9649358 0.00283185 -0.2624714 -2.98023e-8 0 0 0 1 -0.236769 -0.4410526 0.8656864 1.49012e-8 -0.1133122 0.8974769 0.4262577 0.1076932 -0.9649357 0.002831876 -0.2624714 1.49012e-8 0 0 0 1 -0.2282509 -0.3087609 0.9233462 2.98023e-8 -0.2484101 0.9354615 0.2514051 0.1076932 -0.9413788 -0.1719851 -0.2902191 7.45058e-9 0 0 0 1</float_array>
          <technique_common>
            <accessor source="#die__Armature_Die_jaw_upper_pose_matrix-output-array" count="13" stride="16">
              <param name="TRANSFORM" type="float4x4" />
            </accessor>
          </technique_common>
        </source>
        <source id="die__Armature_Die_jaw_upper_pose_matrix-interpolation">
          <Name_array id="die__Armature_Die_jaw_upper_pose_matrix-interpolation-array" count="13">LINEAR LINEAR LINEAR LINEAR LINEAR LINEAR LINEAR LINEAR LINEAR LINEAR LINEAR LINEAR LINEAR</Name_array>
          <technique_common>
            <accessor source="#die__Armature_Die_jaw_upper_pose_matrix-interpolation-array" count="13" stride="1">
              <param name="INTERPOLATION" type="name" />
            </accessor>
          </technique_common>
        </source>
        <sampler id="die__Armature_Die_jaw_upper_pose_matrix-sampler">
          <input semantic="INPUT" source="#die__Armature_Die_jaw_upper_pose_matrix-input" />
          <input semantic="OUTPUT" source="#die__Armature_Die_jaw_upper_pose_matrix-output" />
          <input semantic="INTERPOLATION" source="#die__Armature_Die_jaw_upper_pose_matrix-interpolation" />
        </sampler>
        <channel source="#die__Armature_Die_jaw_upper_pose_matrix-sampler" target="Armature_jaw_upper/transform" />
      </animation>
      <animation id="die__Armature_Die_jaw_lower_pose_matrix" name="Armature">
        <source id="die__Armature_Die_jaw_lower_pose_matrix-input">
          <float_array id="die__Armature_Die_jaw_lower_pose_matrix-input-array" count="13">0.04166662 0.25 0.4583333 0.6666667 0.875 1.083333 1.291667 1.5 1.708333 1.916667 2.125 2.333333 2.5</float_array>
          <technique_common>
            <accessor source="#die__Armature_Die_jaw_lower_pose_matrix-input-array" count="13" stride="1">
              <param name="TIME" type="float" />
            </accessor>
          </technique_common>
        </source>
        <source id="die__Armature_Die_jaw_lower_pose_matrix-output">
          <float_array id="die__Armature_Die_jaw_lower_pose_matrix-output-array" count="208">0.8121689 -0.5597128 0.1646307 -0.03063554 0.3239904 0.6673616 0.6705661 0.09039895 -0.4851928 -0.4912741 0.7233518 -0.0268896 0 0 0 1 0.8132925 -0.5631721 0.146262 -0.03063555 0.3234607 0.6465529 0.6908998 0.09039895 -0.4836618 -0.5145937 0.7080005 -0.02688959 0 0 0 1 0.8147365 -0.5673714 0.1195579 -0.03063556 0.3195549 0.6114205 0.723913 0.09039897 -0.4838277 -0.551593 0.6794528 -0.0268896 0 0 0 1 0.812213 -0.5651731 0.1445318 -0.03082744 0.2958899 0.6126447 0.7328818 0.09096087 -0.5027517 -0.5524907 0.664827 -0.02659891 0 0 0 1 0.7796003 -0.5322886 0.3299882 -0.03249842 0.1805566 0.6955606 0.6954098 0.09556825 -0.5996855 -0.4825599 0.6383674 -0.02438056 0 0 0 1 0.7201794 -0.481437 0.4995598 -0.03467669 0.07792734 0.7716233 0.6312882 0.1005526 -0.6893974 -0.4157114 0.5932242 -0.02260744 0 0 0 1 0.7103466 -0.5108735 0.4841654 -0.03597951 0.1179548 0.7645559 0.6336728 0.1019124 -0.6938981 -0.3930177 0.6033596 -0.02344237 0 0 0 1 0.6857413 -0.6547592 0.3178828 -0.03601806 0.341281 0.6750088 0.6541334 0.1011327 -0.6428736 -0.3400787 0.6863382 -0.02511586 0 0 0 1 0.6047728 -0.7859805 0.1283934 -0.03446499 0.5698544 0.5397003 0.6196691 0.09753669 -0.5563416 -0.3015933 0.7742903 -0.02768484 0 0 0 1 0.5314996 -0.8469383 -0.01425985 -0.03170717 0.6798906 0.4165062 0.6035489 0.09299345 -0.5052295 -0.330481 0.7971985 -0.0286493 0 0 0 1 0.5725846 -0.8177825 0.05812627 -0.02972255 0.4614755 0.3800867 0.8016074 0.08951892 -0.6776336 -0.4321641 0.5950184 -0.02590354 0 0 0 1 0.5862051 -0.7894975 0.1818164 -0.02946985 0.2335587 0.3795761 0.8951941 0.08792165 -0.7757666 -0.4823024 0.4069034 -0.02452439 0 0 0 1 0.5243012 -0.8130271 0.25317 -0.03026274 0.196804 0.4049572 0.8929042 0.08798862 -0.8284785 -0.4183258 0.3723264 -0.02420589 0 0 0 1</float_array>
          <technique_common>
            <accessor source="#die__Armature_Die_jaw_lower_pose_matrix-output-array" count="13" stride="16">
              <param name="TRANSFORM" type="float4x4" />
            </accessor>
          </technique_common>
        </source>
        <source id="die__Armature_Die_jaw_lower_pose_matrix-interpolation">
          <Name_array id="die__Armature_Die_jaw_lower_pose_matrix-interpolation-array" count="13">LINEAR LINEAR LINEAR LINEAR LINEAR LINEAR LINEAR LINEAR LINEAR LINEAR LINEAR LINEAR LINEAR</Name_array>
          <technique_common>
            <accessor source="#die__Armature_Die_jaw_lower_pose_matrix-interpolation-array" count="13" stride="1">
              <param name="INTERPOLATION" type="name" />
            </accessor>
          </technique_common>
        </source>
        <sampler id="die__Armature_Die_jaw_lower_pose_matrix-sampler">
          <input semantic="INPUT" source="#die__Armature_Die_jaw_lower_pose_matrix-input" />
          <input semantic="OUTPUT" source="#die__Armature_Die_jaw_lower_pose_matrix-output" />
          <input semantic="INTERPOLATION" source="#die__Armature_Die_jaw_lower_pose_matrix-interpolation" />
        </sampler>
        <channel source="#die__Armature_Die_jaw_lower_pose_matrix-sampler" target="Armature_jaw_lower/transform" />
      </animation>
      <animation id="die__Armature_Die_tongue_pose_matrix" name="Armature">
        <source id="die__Armature_Die_tongue_pose_matrix-input">
          <float_array id="die__Armature_Die_tongue_pose_matrix-input-array" count="13">0.04166662 0.25 0.4583333 0.6666667 0.875 1.083333 1.291667 1.5 1.708333 1.916667 2.125 2.333333 2.5</float_array>
          <technique_common>
            <accessor source="#die__Armature_Die_tongue_pose_matrix-input-array" count="13" stride="1">
              <param name="TIME" type="float" />
            </accessor>
          </technique_common>
        </source>
        <source id="die__Armature_Die_tongue_pose_matrix-output">
          <float_array id="die__Armature_Die_tongue_pose_matrix-output-array" count="208">0.8226069 -0.5653211 -0.06107265 -0.004939348 0.4948989 0.6589391 0.5664575 0.07935692 -0.2799873 -0.4961966 0.8218248 -0.004335381 0 0 0 1 0.8241692 -0.5651917 -0.03610256 -0.004316382 0.4927701 0.6842231 0.5376024 0.08501515 -0.2791463 -0.4608657 0.8424251 -4.07249e-5 0 0 0 1 0.8348523 -0.5502725 0.01489041 -0.00517939 0.4773933 0.737221 0.4781221 0.09650528 -0.2740749 -0.3920529 0.8781672 0.005181357 0 0 0 1 0.8620133 -0.5020321 0.06997684 -0.01124647 0.4247876 0.7908037 0.4406639 0.1063491 -0.2765654 -0.3501329 0.8949405 6.55591e-4 0 0 0 1 0.8854663 -0.4148505 0.2093999 -0.02012254 0.2779501 0.8339218 0.4767789 0.1148871 -0.3724152 -0.3639689 0.8537176 -0.01092906 0 0 0 1 0.8734266 -0.3412188 0.3474126 -0.02647722 0.1413279 0.8603566 0.4897066 0.1203016 -0.465996 -0.3786237 0.7996823 -0.02017337 0 0 0 1 0.8582447 -0.3331829 0.3903911 -0.02720585 0.1472034 0.8884799 0.434666 0.1210672 -0.491678 -0.3155829 0.8115789 -0.02059361 0 0 0 1 0.804781 -0.4673835 0.3658963 -0.02828501 0.3214284 0.8613819 0.3933254 0.1212727 -0.4990103 -0.1989314 0.8434542 -0.01779634 0 0 0 1 0.6252825 -0.7357583 0.2601568 -0.03156751 0.6344329 0.6733767 0.3795505 0.1200574 -0.454441 -0.0722743 0.8878399 -0.01498799 0 0 0 1 0.4390253 -0.8840604 0.1602932 -0.03393759 0.8023421 0.4660531 0.3728824 0.1185611 -0.4043558 -0.0350947 0.9139282 -0.01327904 0 0 0 1 0.6918427 -0.7204029 0.04871595 -0.02950096 0.5837504 0.5977644 0.5494662 0.1165571 -0.4249578 -0.3517062 0.8340945 -0.01856926 0 0 0 1 0.729179 -0.6835582 0.03234124 -0.02840193 0.558046 0.6213146 0.5500478 0.1155365 -0.3960838 -0.3830353 0.8345068 -0.01948367 0 0 0 1 0.6416276 -0.7624727 0.08336216 -0.02763627 0.5755433 0.5504463 0.60478 0.1156084 -0.5070146 -0.340065 0.7920177 -0.01980326 0 0 0 1</float_array>
          <technique_common>
            <accessor source="#die__Armature_Die_tongue_pose_matrix-output-array" count="13" stride="16">
              <param name="TRANSFORM" type="float4x4" />
            </accessor>
          </technique_common>
        </source>
        <source id="die__Armature_Die_tongue_pose_matrix-interpolation">
          <Name_array id="die__Armature_Die_tongue_pose_matrix-interpolation-array" count="13">LINEAR LINEAR LINEAR LINEAR LINEAR LINEAR LINEAR LINEAR LINEAR LINEAR LINEAR LINEAR LINEAR</Name_array>
          <technique_common>
            <accessor source="#die__Armature_Die_tongue_pose_matrix-interpolation-array" count="13" stride="1">
              <param name="INTERPOLATION" type="name" />
            </accessor>
          </technique_common>
        </source>
        <sampler id="die__Armature_Die_tongue_pose_matrix-sampler">
          <input semantic="INPUT" source="#die__Armature_Die_tongue_pose_matrix-input" />
          <input semantic="OUTPUT" source="#die__Armature_Die_tongue_pose_matrix-output" />
          <input semantic="INTERPOLATION" source="#die__Armature_Die_tongue_pose_matrix-interpolation" />
        </sampler>
        <channel source="#die__Armature_Die_tongue_pose_matrix-sampler" target="Armature_tongue/transform" />
      </animation>
      <animation id="die__Armature_Die_leg_front_shoulder_L_pose_matrix" name="Armature">
        <source id="die__Armature_Die_leg_front_shoulder_L_pose_matrix-input">
          <float_array id="die__Armature_Die_leg_front_shoulder_L_pose_matrix-input-array" count="13">0.04166662 0.25 0.4583333 0.6666667 0.875 1.083333 1.291667 1.5 1.708333 1.916667 2.125 2.333333 2.5</float_array>
          <technique_common>
            <accessor source="#die__Armature_Die_leg_front_shoulder_L_pose_matrix-input-array" count="13" stride="1">
              <param name="TIME" type="float" />
            </accessor>
          </technique_common>
        </source>
        <source id="die__Armature_Die_leg_front_shoulder_L_pose_matrix-output">
          <float_array id="die__Armature_Die_leg_front_shoulder_L_pose_matrix-output-array" count="208">-0.07770391 0.9946358 -0.06827415 9.31323e-10 -0.9917232 -0.0700925 0.1075728 0.1054889 0.1022103 0.07606792 0.99185 -3.72529e-9 0 0 0 1 -0.09579661 0.9938082 -0.05628506 0 -0.9906056 -0.08963911 0.1032729 0.1054889 0.09758806 0.06564952 0.9930592 0 0 0 0 1 -0.1347572 0.9904009 -0.03076304 3.72529e-9 -0.9869372 -0.1313903 0.09322873 0.1054889 0.08829191 0.04292444 0.9951693 0 0 0 0 1 -0.1714044 0.9851749 -0.0071235 0 -0.9819174 -0.1702391 0.0828051 0.1054889 0.08036485 0.02118787 0.9965402 0 0 0 0 1 -0.1789146 0.9838615 -0.00240685 0 -0.9807649 -0.1781565 0.07975271 0.1054889 0.07803673 0.0166295 0.9968117 0 0 0 0 1 -0.09368396 0.9939085 -0.05804094 9.31323e-10 -0.9915426 -0.08788447 0.09549564 0.1054889 0.08981311 0.06649651 0.9937363 0 0 0 0 1 -0.09216439 0.9939197 -0.06024024 -9.31323e-10 -0.9871061 -0.08324657 0.1367165 0.1054889 0.1308705 0.07206392 0.9887768 -7.45058e-9 0 0 0 1 -0.1614268 0.9866661 -0.0207696 -1.39698e-9 -0.9656848 -0.1535855 0.2094386 0.1054889 0.203456 0.05386592 0.9776012 0 0 0 0 1 -0.2604655 0.9643906 0.0459161 9.31323e-10 -0.9195579 -0.2622886 0.2926049 0.1054889 0.2942288 0.03399095 0.9551303 3.72529e-9 0 0 0 1 -0.3586178 0.9248421 0.1267294 0 -0.8503056 -0.3796585 0.364472 0.1054889 0.385193 0.02294755 0.9225507 0 0 0 0 1 -0.4325079 0.8790096 0.2006955 9.31323e-10 -0.7767876 -0.476282 0.4120148 0.1054889 0.4577527 0.02230197 0.8887997 7.45058e-9 0 0 0 1 -0.4704099 0.8478314 0.244737 1.11759e-8 -0.7290421 -0.5296512 0.4335516 0.1054889 0.4972042 0.02552339 0.867258 7.45058e-9 0 0 0 1 -0.4740419 0.8444949 0.2492234 1.11759e-8 -0.7240258 -0.5349327 0.4354695 0.1054889 0.5010697 0.02598658 0.8650167 7.45058e-9 0 0 0 1</float_array>
          <technique_common>
            <accessor source="#die__Armature_Die_leg_front_shoulder_L_pose_matrix-output-array" count="13" stride="16">
              <param name="TRANSFORM" type="float4x4" />
            </accessor>
          </technique_common>
        </source>
        <source id="die__Armature_Die_leg_front_shoulder_L_pose_matrix-interpolation">
          <Name_array id="die__Armature_Die_leg_front_shoulder_L_pose_matrix-interpolation-array" count="13">LINEAR LINEAR LINEAR LINEAR LINEAR LINEAR LINEAR LINEAR LINEAR LINEAR LINEAR LINEAR LINEAR</Name_array>
          <technique_common>
            <accessor source="#die__Armature_Die_leg_front_shoulder_L_pose_matrix-interpolation-array" count="13" stride="1">
              <param name="INTERPOLATION" type="name" />
            </accessor>
          </technique_common>
        </source>
        <sampler id="die__Armature_Die_leg_front_shoulder_L_pose_matrix-sampler">
          <input semantic="INPUT" source="#die__Armature_Die_leg_front_shoulder_L_pose_matrix-input" />
          <input semantic="OUTPUT" source="#die__Armature_Die_leg_front_shoulder_L_pose_matrix-output" />
          <input semantic="INTERPOLATION" source="#die__Armature_Die_leg_front_shoulder_L_pose_matrix-interpolation" />
        </sampler>
        <channel source="#die__Armature_Die_leg_front_shoulder_L_pose_matrix-sampler" target="Armature_leg_front_shoulder_L/transform" />
      </animation>
      <animation id="die__Armature_Die_leg_front_upper_L_pose_matrix" name="Armature">
        <source id="die__Armature_Die_leg_front_upper_L_pose_matrix-input">
          <float_array id="die__Armature_Die_leg_front_upper_L_pose_matrix-input-array" count="13">0.04166662 0.25 0.4583333 0.6666667 0.875 1.083333 1.291667 1.5 1.708333 1.916667 2.125 2.333333 2.5</float_array>
          <technique_common>
            <accessor source="#die__Armature_Die_leg_front_upper_L_pose_matrix-input-array" count="13" stride="1">
              <param name="TIME" type="float" />
            </accessor>
          </technique_common>
        </source>
        <source id="die__Armature_Die_leg_front_upper_L_pose_matrix-output">
          <float_array id="die__Armature_Die_leg_front_upper_L_pose_matrix-output-array" count="208">0.9107189 0.4093871 -0.05470918 5.58794e-9 0.004178111 0.1233209 0.992358 0.1358971 0.4130054 -0.9039879 0.1106002 0 0 0 0 1 0.9103456 0.4120632 -0.03840431 7.45058e-9 -0.003874175 0.101279 0.9948505 0.1358971 0.4138309 -0.9055089 0.09379528 0 0 0 0 1 0.9090906 0.4165863 -0.003178716 7.45058e-9 -0.02110825 0.05368078 0.998335 0.1358971 0.4160632 -0.9075099 0.05759408 -1.86265e-9 0 0 0 1 0.9073499 0.4192978 0.03008822 -7.45058e-9 -0.03718276 0.008756205 0.99927 0.1358971 0.4187283 -0.9078065 0.02353561 3.72529e-9 0 0 0 1 0.9069046 0.4196156 0.03803313 3.72529e-9 -0.04071928 -0.002557047 0.9991671 0.1358971 0.4193633 -0.9076984 0.01476739 3.72529e-9 0 0 0 1 0.9104726 0.4125715 -0.02871396 1.11759e-8 -0.005790967 0.08214077 0.996604 0.1358971 0.4135288 -0.9072144 0.07717609 -7.45058e-9 0 0 0 1 0.9056735 0.4239529 0.004378701 7.45058e-9 -0.09033681 0.1828716 0.9789776 0.1358971 0.4142398 -0.8870298 0.2039206 -3.72529e-9 0 0 0 1 0.4214731 0.8769397 0.2309481 -1.67638e-8 -0.659741 0.1217888 0.7415586 0.1358971 0.6221753 -0.4649129 0.6298839 0 0 0 0 1 0.2645159 0.9598612 0.09326292 -7.45058e-9 -0.7360312 0.1384496 0.6626384 0.1358971 0.6231287 -0.2439229 0.7431098 0 0 0 0 1 0.4489225 0.8910481 -0.0670934 -3.72529e-9 -0.609482 0.3602424 0.7062275 0.1358971 0.6534526 -0.2761493 0.7047986 0 0 0 0 1 0.6183614 0.7480988 -0.2407848 0 -0.3882814 0.5571948 0.7340106 0.1358971 0.6832765 -0.3603916 0.6350206 -1.49012e-8 0 0 0 1 0.6948258 0.626048 -0.3539503 -7.45058e-9 -0.213669 0.6496383 0.7295998 0.1358971 0.6867042 -0.4313167 0.5851525 0 0 0 0 1 0.7011569 0.611968 -0.365888 -7.45058e-9 -0.1939394 0.6575041 0.7280632 0.1358971 0.6861241 -0.4395265 0.5796983 -3.72529e-9 0 0 0 1</float_array>
          <technique_common>
            <accessor source="#die__Armature_Die_leg_front_upper_L_pose_matrix-output-array" count="13" stride="16">
              <param name="TRANSFORM" type="float4x4" />
            </accessor>
          </technique_common>
        </source>
        <source id="die__Armature_Die_leg_front_upper_L_pose_matrix-interpolation">
          <Name_array id="die__Armature_Die_leg_front_upper_L_pose_matrix-interpolation-array" count="13">LINEAR LINEAR LINEAR LINEAR LINEAR LINEAR LINEAR LINEAR LINEAR LINEAR LINEAR LINEAR LINEAR</Name_array>
          <technique_common>
            <accessor source="#die__Armature_Die_leg_front_upper_L_pose_matrix-interpolation-array" count="13" stride="1">
              <param name="INTERPOLATION" type="name" />
            </accessor>
          </technique_common>
        </source>
        <sampler id="die__Armature_Die_leg_front_upper_L_pose_matrix-sampler">
          <input semantic="INPUT" source="#die__Armature_Die_leg_front_upper_L_pose_matrix-input" />
          <input semantic="OUTPUT" source="#die__Armature_Die_leg_front_upper_L_pose_matrix-output" />
          <input semantic="INTERPOLATION" source="#die__Armature_Die_leg_front_upper_L_pose_matrix-interpolation" />
        </sampler>
        <channel source="#die__Armature_Die_leg_front_upper_L_pose_matrix-sampler" target="Armature_leg_front_upper_L/transform" />
      </animation>
      <animation id="die__Armature_Die_leg_front_lower_L_pose_matrix" name="Armature">
        <source id="die__Armature_Die_leg_front_lower_L_pose_matrix-input">
          <float_array id="die__Armature_Die_leg_front_lower_L_pose_matrix-input-array" count="13">0.04166662 0.25 0.4583333 0.6666667 0.875 1.083333 1.291667 1.5 1.708333 1.916667 2.125 2.333333 2.5</float_array>
          <technique_common>
            <accessor source="#die__Armature_Die_leg_front_lower_L_pose_matrix-input-array" count="13" stride="1">
              <param name="TIME" type="float" />
            </accessor>
          </technique_common>
        </source>
        <source id="die__Armature_Die_leg_front_lower_L_pose_matrix-output">
          <float_array id="die__Armature_Die_leg_front_lower_L_pose_matrix-output-array" count="208">-0.8780985 0.4687553 0.09597635 6.51926e-9 0.4716156 0.8817657 0.008257898 0.1167948 -0.08075772 0.05251518 -0.9953494 1.49012e-8 0 0 0 1 -0.8807899 0.4705209 0.05309444 7.45058e-9 0.4713215 0.8819566 0.002943441 0.1167948 -0.04544204 0.0276171 -0.9985851 -1.49012e-8 0 0 0 1 -0.881845 0.4698825 -0.03949762 0 0.4705316 0.8823415 -0.008587122 0.1167948 0.03081547 -0.02615745 -0.9991829 7.45058e-9 0 0 0 1 -0.8774817 0.462703 -0.1262204 -5.58794e-9 0.4685605 0.8832114 -0.01971694 0.1167948 0.1023562 -0.07644318 -0.9918063 -7.45058e-9 0 0 0 1 -0.8789998 0.4523562 -0.1507763 -2.79397e-9 0.4605865 0.8873162 -0.02303043 0.1167948 0.1233682 -0.08968925 -0.9882997 -7.45058e-9 0 0 0 1 -0.9125239 0.4080747 -0.02784443 -9.31323e-10 0.4088035 0.91215 -0.02936229 0.1167948 0.01341629 -0.0381767 -0.999181 0 0 0 0 1 -0.711866 0.680201 0.174852 -3.72529e-9 0.6120423 0.7229391 -0.320567 0.1167948 -0.3444574 -0.121184 -0.9309477 1.49012e-8 0 0 0 1 -0.2091071 0.254274 0.9442556 2.23517e-8 -0.1147456 0.952552 -0.2819187 0.1167948 -0.9711371 -0.1673005 -0.1700086 1.49012e-8 0 0 0 1 -0.09569971 -0.06992429 0.9929514 7.45058e-9 -0.294917 0.9547346 0.03880918 0.1167948 -0.9507186 -0.2891241 -0.1119897 -1.49012e-8 0 0 0 1 -0.5476233 0.03915173 0.8358084 7.45058e-9 -0.06982744 0.9932818 -0.09227926 0.1167948 -0.8338063 -0.1088967 -0.5412104 0 0 0 0 1 -0.8951575 0.2900521 0.3384714 -1.49012e-8 0.2802902 0.9566959 -0.07855275 0.1167948 -0.3465985 0.02455308 -0.9376922 1.49012e-8 0 0 0 1 -0.8876762 0.4584861 -0.04267826 0 0.4569978 0.8885518 0.04036035 0.1167948 0.05642652 0.01632306 -0.9982733 5.58794e-9 0 0 0 1 -0.8767384 0.4742187 -0.08028989 -7.45058e-9 0.4710228 0.8803334 0.05613215 0.1167948 0.0973008 0.01139485 -0.9951898 -1.11759e-8 0 0 0 1</float_array>
          <technique_common>
            <accessor source="#die__Armature_Die_leg_front_lower_L_pose_matrix-output-array" count="13" stride="16">
              <param name="TRANSFORM" type="float4x4" />
            </accessor>
          </technique_common>
        </source>
        <source id="die__Armature_Die_leg_front_lower_L_pose_matrix-interpolation">
          <Name_array id="die__Armature_Die_leg_front_lower_L_pose_matrix-interpolation-array" count="13">LINEAR LINEAR LINEAR LINEAR LINEAR LINEAR LINEAR LINEAR LINEAR LINEAR LINEAR LINEAR LINEAR</Name_array>
          <technique_common>
            <accessor source="#die__Armature_Die_leg_front_lower_L_pose_matrix-interpolation-array" count="13" stride="1">
              <param name="INTERPOLATION" type="name" />
            </accessor>
          </technique_common>
        </source>
        <sampler id="die__Armature_Die_leg_front_lower_L_pose_matrix-sampler">
          <input semantic="INPUT" source="#die__Armature_Die_leg_front_lower_L_pose_matrix-input" />
          <input semantic="OUTPUT" source="#die__Armature_Die_leg_front_lower_L_pose_matrix-output" />
          <input semantic="INTERPOLATION" source="#die__Armature_Die_leg_front_lower_L_pose_matrix-interpolation" />
        </sampler>
        <channel source="#die__Armature_Die_leg_front_lower_L_pose_matrix-sampler" target="Armature_leg_front_lower_L/transform" />
      </animation>
      <animation id="die__Armature_Die_leg_front_foot_L_pose_matrix" name="Armature">
        <source id="die__Armature_Die_leg_front_foot_L_pose_matrix-input">
          <float_array id="die__Armature_Die_leg_front_foot_L_pose_matrix-input-array" count="13">0.04166662 0.25 0.4583333 0.6666667 0.875 1.083333 1.291667 1.5 1.708333 1.916667 2.125 2.333333 2.5</float_array>
          <technique_common>
            <accessor source="#die__Armature_Die_leg_front_foot_L_pose_matrix-input-array" count="13" stride="1">
              <param name="TIME" type="float" />
            </accessor>
          </technique_common>
        </source>
        <source id="die__Armature_Die_leg_front_foot_L_pose_matrix-output">
          <float_array id="die__Armature_Die_leg_front_foot_L_pose_matrix-output-array" count="208">7.0544e-5 -0.968464 -0.2491534 0 0.1889922 0.2446761 -0.9510078 0.1562065 0.9819786 -0.04702104 0.1830494 1.49012e-8 0 0 0 1 0.005626258 -0.9611666 -0.2759112 -7.45058e-9 0.1712862 0.272764 -0.9467104 0.1562065 0.9852051 -0.04193342 0.1661692 -1.49012e-8 0 0 0 1 0.01587071 -0.9427879 -0.3330151 -5.58794e-9 0.1325167 0.3321023 -0.9338884 0.1562065 0.9910537 -0.02930867 0.1302058 -1.49012e-8 0 0 0 1 0.02333541 -0.9222426 -0.3859066 0 0.09537245 0.3863047 -0.9174273 0.1562065 0.9951681 -0.01539638 0.09697109 0 0 0 0 1 0.009220874 -0.9188254 -0.3945566 3.72529e-9 0.09119366 0.3937017 -0.9147037 0.1562065 0.9957905 -0.0275468 0.08742136 -7.45058e-9 0 0 0 1 -0.2861787 -0.9281496 -0.2379911 -1.86265e-9 0.2345991 0.1729474 -0.9565837 0.1562064 0.9290128 -0.3295865 0.1682492 0 0 0 0 1 0.02543284 -0.9685947 -0.2473409 7.45058e-9 0.602321 0.2123155 -0.7695007 0.1562065 0.7978486 -0.1294081 0.5888047 7.45058e-9 0 0 0 1 0.7585729 -0.6474522 -0.07329583 1.49012e-8 0.3304636 0.4792287 -0.8131011 0.1562064 0.5615696 0.5925749 0.5774894 1.49012e-8 0 0 0 1 0.7609265 -0.6188442 -0.1949931 0 0.110126 0.4193466 -0.9011217 0.1562064 0.639424 0.6642138 0.3872429 1.49012e-8 0 0 0 1 0.5371301 -0.7469264 -0.3919079 0 0.01890799 0.4751665 -0.8796926 0.1562065 0.8432873 0.4650993 0.2693492 0 0 0 0 1 0.2308854 -0.7979234 -0.5567853 2.23517e-8 0.02131847 0.5762581 -0.8169895 0.1562064 0.9727473 0.1767611 0.1500601 2.23517e-8 0 0 0 1 0.0247018 -0.7709836 -0.6363757 1.86265e-9 0.06430157 0.636477 -0.7686106 0.1562065 0.9976246 -0.02193394 0.06529757 3.91155e-8 0 0 0 1 0.003203288 -0.7653542 -0.6436013 1.86265e-9 0.07074262 0.6421655 -0.7632948 0.1562064 0.9974894 -0.04308506 0.05620015 1.49012e-8 0 0 0 1</float_array>
          <technique_common>
            <accessor source="#die__Armature_Die_leg_front_foot_L_pose_matrix-output-array" count="13" stride="16">
              <param name="TRANSFORM" type="float4x4" />
            </accessor>
          </technique_common>
        </source>
        <source id="die__Armature_Die_leg_front_foot_L_pose_matrix-interpolation">
          <Name_array id="die__Armature_Die_leg_front_foot_L_pose_matrix-interpolation-array" count="13">LINEAR LINEAR LINEAR LINEAR LINEAR LINEAR LINEAR LINEAR LINEAR LINEAR LINEAR LINEAR LINEAR</Name_array>
          <technique_common>
            <accessor source="#die__Armature_Die_leg_front_foot_L_pose_matrix-interpolation-array" count="13" stride="1">
              <param name="INTERPOLATION" type="name" />
            </accessor>
          </technique_common>
        </source>
        <sampler id="die__Armature_Die_leg_front_foot_L_pose_matrix-sampler">
          <input semantic="INPUT" source="#die__Armature_Die_leg_front_foot_L_pose_matrix-input" />
          <input semantic="OUTPUT" source="#die__Armature_Die_leg_front_foot_L_pose_matrix-output" />
          <input semantic="INTERPOLATION" source="#die__Armature_Die_leg_front_foot_L_pose_matrix-interpolation" />
        </sampler>
        <channel source="#die__Armature_Die_leg_front_foot_L_pose_matrix-sampler" target="Armature_leg_front_foot_L/transform" />
      </animation>
      <animation id="die__Armature_Die_wing_lower_L_pose_matrix" name="Armature">
        <source id="die__Armature_Die_wing_lower_L_pose_matrix-input">
          <float_array id="die__Armature_Die_wing_lower_L_pose_matrix-input-array" count="13">0.04166662 0.25 0.4583333 0.6666667 0.875 1.083333 1.291667 1.5 1.708333 1.916667 2.125 2.333333 2.5</float_array>
          <technique_common>
            <accessor source="#die__Armature_Die_wing_lower_L_pose_matrix-input-array" count="13" stride="1">
              <param name="TIME" type="float" />
            </accessor>
          </technique_common>
        </source>
        <source id="die__Armature_Die_wing_lower_L_pose_matrix-output">
          <float_array id="die__Armature_Die_wing_lower_L_pose_matrix-output-array" count="208">0.1027202 0.621017 -0.7770369 9.31323e-10 -0.4869097 0.712574 0.5051308 0.1054889 0.8673913 0.3264597 0.375575 -3.72529e-9 0 0 0 1 0.1013909 0.6430007 -0.7591246 0 -0.4875706 0.6972494 0.5254694 0.1054889 0.8671763 0.316849 0.384203 0 0 0 0 1 0.09688486 0.6943121 -0.7131228 3.72529e-9 -0.4884725 0.6574385 0.5737329 0.1054889 0.867184 0.2927549 0.4028482 0 0 0 0 1 0.08861506 0.7536105 -0.6513207 0 -0.4878258 0.6029396 0.6312603 0.1054889 0.8684317 0.2617919 0.4210601 0 0 0 0 1 0.07622685 0.8042833 -0.5893369 0 -0.4838338 0.5466428 0.6834371 0.1054889 0.871834 0.2330448 0.4308083 0 0 0 0 1 0.05911082 0.8358078 -0.5458307 9.31323e-10 -0.4748935 0.5044947 0.7210832 0.1054889 0.8780558 0.2165876 0.4267409 0 0 0 0 1 0.006736431 0.762921 -0.6464566 -9.31323e-10 -0.452294 0.5788888 0.6784673 0.1054889 0.8918436 0.2878179 0.3489641 -7.45058e-9 0 0 0 1 -0.1745935 0.169353 -0.9699674 -1.39698e-9 -0.4534824 0.8605728 0.2318797 0.1054889 0.8739971 0.4803477 -0.07345179 0 0 0 0 1 -0.2931124 -0.5000638 -0.814875 9.31323e-10 -0.5446305 0.7878348 -0.2875652 0.1054889 0.7857879 0.3595168 -0.5032742 3.72529e-9 0 0 0 1 -0.294818 -0.5850019 -0.7555497 0 -0.5631292 0.745167 -0.3572279 0.1054889 0.7719897 0.3201549 -0.5491203 0 0 0 0 1 -0.2076655 -0.3236408 -0.9231096 9.31323e-10 -0.519492 0.8360966 -0.1762677 0.1054889 0.8288565 0.4429434 -0.3417574 7.45058e-9 0 0 0 1 -0.1032373 -0.03002375 -0.9942034 1.11759e-8 -0.4966474 0.8675814 0.02537149 0.1054889 0.861791 0.4963879 -0.104478 7.45058e-9 0 0 0 1 -0.08983599 0.00654155 -0.995935 1.11759e-8 -0.4953941 0.867206 0.0503819 0.1054889 0.8640108 0.4979064 -0.07466564 7.45058e-9 0 0 0 1</float_array>
          <technique_common>
            <accessor source="#die__Armature_Die_wing_lower_L_pose_matrix-output-array" count="13" stride="16">
              <param name="TRANSFORM" type="float4x4" />
            </accessor>
          </technique_common>
        </source>
        <source id="die__Armature_Die_wing_lower_L_pose_matrix-interpolation">
          <Name_array id="die__Armature_Die_wing_lower_L_pose_matrix-interpolation-array" count="13">LINEAR LINEAR LINEAR LINEAR LINEAR LINEAR LINEAR LINEAR LINEAR LINEAR LINEAR LINEAR LINEAR</Name_array>
          <technique_common>
            <accessor source="#die__Armature_Die_wing_lower_L_pose_matrix-interpolation-array" count="13" stride="1">
              <param name="INTERPOLATION" type="name" />
            </accessor>
          </technique_common>
        </source>
        <sampler id="die__Armature_Die_wing_lower_L_pose_matrix-sampler">
          <input semantic="INPUT" source="#die__Armature_Die_wing_lower_L_pose_matrix-input" />
          <input semantic="OUTPUT" source="#die__Armature_Die_wing_lower_L_pose_matrix-output" />
          <input semantic="INTERPOLATION" source="#die__Armature_Die_wing_lower_L_pose_matrix-interpolation" />
        </sampler>
        <channel source="#die__Armature_Die_wing_lower_L_pose_matrix-sampler" target="Armature_wing_lower_L/transform" />
      </animation>
      <animation id="die__Armature_Die_wing_upper_L_pose_matrix" name="Armature">
        <source id="die__Armature_Die_wing_upper_L_pose_matrix-input">
          <float_array id="die__Armature_Die_wing_upper_L_pose_matrix-input-array" count="13">0.04166662 0.25 0.4583333 0.6666667 0.875 1.083333 1.291667 1.5 1.708333 1.916667 2.125 2.333333 2.5</float_array>
          <technique_common>
            <accessor source="#die__Armature_Die_wing_upper_L_pose_matrix-input-array" count="13" stride="1">
              <param name="TIME" type="float" />
            </accessor>
          </technique_common>
        </source>
        <source id="die__Armature_Die_wing_upper_L_pose_matrix-output">
          <float_array id="die__Armature_Die_wing_upper_L_pose_matrix-output-array" count="208">0.3836254 -0.7873347 -0.4826341 -7.45058e-9 -0.01078993 -0.526406 0.8501648 0.2469093 -0.9234258 -0.3209372 -0.210438 -7.45058e-9 0 0 0 1 0.3661214 -0.7932777 -0.4864832 3.72529e-9 -2.63274e-4 -0.5228695 0.8524128 0.2469093 -0.9305671 -0.3119585 -0.1916426 7.45058e-9 0 0 0 1 0.316845 -0.8113416 -0.4912574 9.31323e-10 0.02340442 -0.5110977 0.8592039 0.2469092 -0.9481886 -0.2837321 -0.1429498 -1.11759e-8 0 0 0 1 0.2404688 -0.8403414 -0.4857994 9.31323e-10 0.04921341 -0.4892863 0.8707336 0.2469093 -0.9694085 -0.2332921 -0.07630208 -7.45058e-9 0 0 0 1 0.1416014 -0.8769127 -0.4593185 3.72529e-9 0.06750971 -0.4543591 0.8882568 0.2469093 -0.9876192 -0.156787 -0.005137682 1.49012e-8 0 0 0 1 0.0241701 -0.9149881 -0.4027563 3.72529e-9 0.07022855 -0.4003247 0.9136784 0.2469093 -0.9972382 -0.05036873 0.05458239 0 0 0 0 1 -0.1074647 -0.9539036 -0.280213 7.45058e-9 0.05302837 -0.2869435 0.9564788 0.2469093 -0.9927938 0.08792838 0.08142033 7.45058e-9 0 0 0 1 -0.2326851 -0.9720601 -0.03093308 5.58794e-9 0.03937843 -0.0411966 0.9983749 0.2469093 -0.9717546 0.2310889 0.04786411 -7.45058e-9 0 0 0 1 -0.3156076 -0.9304562 0.1861266 -1.86265e-9 0.03990898 0.1829622 0.9823097 0.2469093 -0.9480503 0.3174525 -0.02061072 -3.72529e-9 0 0 0 1 -0.3230977 -0.9174552 0.2321292 -1.86265e-9 0.02503379 0.2369134 0.9712082 0.2469093 -0.9460346 0.3196062 -0.05357877 0 0 0 0 1 -0.2423618 -0.9413955 0.234596 7.45058e-9 0.002742857 0.2411394 0.9704868 0.2469093 -0.9701822 0.2358523 -0.05586088 1.49012e-8 0 0 0 1 -0.1589077 -0.9586433 0.2361166 3.72529e-9 -0.01218727 0.2410419 0.9704382 0.2469093 -0.9872183 0.1513325 -0.04998663 7.45058e-9 0 0 0 1 -0.1484038 -0.9602969 0.2362328 7.45058e-9 -0.01379612 0.2408651 0.9704605 0.2469092 -0.9888307 0.140761 -0.04899374 0 0 0 0 1</float_array>
          <technique_common>
            <accessor source="#die__Armature_Die_wing_upper_L_pose_matrix-output-array" count="13" stride="16">
              <param name="TRANSFORM" type="float4x4" />
            </accessor>
          </technique_common>
        </source>
        <source id="die__Armature_Die_wing_upper_L_pose_matrix-interpolation">
          <Name_array id="die__Armature_Die_wing_upper_L_pose_matrix-interpolation-array" count="13">LINEAR LINEAR LINEAR LINEAR LINEAR LINEAR LINEAR LINEAR LINEAR LINEAR LINEAR LINEAR LINEAR</Name_array>
          <technique_common>
            <accessor source="#die__Armature_Die_wing_upper_L_pose_matrix-interpolation-array" count="13" stride="1">
              <param name="INTERPOLATION" type="name" />
            </accessor>
          </technique_common>
        </source>
        <sampler id="die__Armature_Die_wing_upper_L_pose_matrix-sampler">
          <input semantic="INPUT" source="#die__Armature_Die_wing_upper_L_pose_matrix-input" />
          <input semantic="OUTPUT" source="#die__Armature_Die_wing_upper_L_pose_matrix-output" />
          <input semantic="INTERPOLATION" source="#die__Armature_Die_wing_upper_L_pose_matrix-interpolation" />
        </sampler>
        <channel source="#die__Armature_Die_wing_upper_L_pose_matrix-sampler" target="Armature_wing_upper_L/transform" />
      </animation>
      <animation id="die__Armature_Die_leg_front_shoulder_R_pose_matrix" name="Armature">
        <source id="die__Armature_Die_leg_front_shoulder_R_pose_matrix-input">
          <float_array id="die__Armature_Die_leg_front_shoulder_R_pose_matrix-input-array" count="13">0.04166662 0.25 0.4583333 0.6666667 0.875 1.083333 1.291667 1.5 1.708333 1.916667 2.125 2.333333 2.5</float_array>
          <technique_common>
            <accessor source="#die__Armature_Die_leg_front_shoulder_R_pose_matrix-input-array" count="13" stride="1">
              <param name="TIME" type="float" />
            </accessor>
          </technique_common>
        </source>
        <source id="die__Armature_Die_leg_front_shoulder_R_pose_matrix-output">
          <float_array id="die__Armature_Die_leg_front_shoulder_R_pose_matrix-output-array" count="208">-0.03210993 -0.9466134 -0.3207678 9.31323e-10 0.9917231 -0.0700925 0.1075743 0.1054889 -0.1243146 -0.3146587 0.9410292 -3.72529e-9 0 0 0 1 0.1443527 -0.9788026 -0.1452859 0 0.9850278 0.1281549 0.1153107 0.1054889 -0.09424722 -0.1597561 0.9826472 0 0 0 0 1 0.3627656 -0.928569 0.07849403 3.72529e-9 0.9267414 0.3683169 0.07411736 0.1054889 -0.09773374 0.04585645 0.9941558 0 0 0 0 1 0.3333137 -0.9418097 0.04355079 0 0.9381135 0.335905 0.08432758 0.1054889 -0.09404942 0.012748 0.995486 0 0 0 0 1 0.2028735 -0.9742002 -0.09887601 0 0.9750254 0.1916554 0.1122224 0.1054889 -0.0903767 -0.1191736 0.9887516 0 0 0 0 1 0.03263136 -0.9635042 -0.2656965 9.31323e-10 0.9933374 0.001866654 0.115227 0.1054889 -0.1105257 -0.2676864 0.9571458 0 0 0 0 1 -0.1164675 -0.9152017 -0.3857992 -9.31323e-10 0.982407 -0.1632516 0.09069401 0.1054889 -0.1459858 -0.3684489 0.9181141 -7.45058e-9 0 0 0 1 -0.2242465 -0.8587693 -0.4606831 -1.39698e-9 0.9580747 -0.2807817 0.05704984 0.1054889 -0.178344 -0.4285755 0.8857292 0 0 0 0 1 -0.2983333 -0.8107381 -0.5036873 9.31323e-10 0.9328872 -0.3592499 0.02570301 0.1054889 -0.201788 -0.4622154 0.8635036 3.72529e-9 0 0 0 1 -0.3465009 -0.7772886 -0.5251281 0 0.9129367 -0.408098 0.001669288 0.1054889 -0.2156012 -0.4788304 0.8510215 0 0 0 0 1 -0.3745163 -0.7585688 -0.5332081 9.31323e-10 0.9003519 -0.4349496 -0.01361043 0.1054889 -0.2215941 -0.4851723 0.8458746 7.45058e-9 0 0 0 1 -0.3864339 -0.7516167 -0.5345477 1.11759e-8 0.8949882 -0.4456217 -0.02042319 0.1054889 -0.2228557 -0.4863063 0.8448916 7.45058e-9 0 0 0 1 -0.3874088 -0.7511444 -0.534506 1.11759e-8 0.8945667 -0.4464409 -0.02099412 0.1054889 -0.2228557 -0.4862846 0.8449042 7.45058e-9 0 0 0 1</float_array>
          <technique_common>
            <accessor source="#die__Armature_Die_leg_front_shoulder_R_pose_matrix-output-array" count="13" stride="16">
              <param name="TRANSFORM" type="float4x4" />
            </accessor>
          </technique_common>
        </source>
        <source id="die__Armature_Die_leg_front_shoulder_R_pose_matrix-interpolation">
          <Name_array id="die__Armature_Die_leg_front_shoulder_R_pose_matrix-interpolation-array" count="13">LINEAR LINEAR LINEAR LINEAR LINEAR LINEAR LINEAR LINEAR LINEAR LINEAR LINEAR LINEAR LINEAR</Name_array>
          <technique_common>
            <accessor source="#die__Armature_Die_leg_front_shoulder_R_pose_matrix-interpolation-array" count="13" stride="1">
              <param name="INTERPOLATION" type="name" />
            </accessor>
          </technique_common>
        </source>
        <sampler id="die__Armature_Die_leg_front_shoulder_R_pose_matrix-sampler">
          <input semantic="INPUT" source="#die__Armature_Die_leg_front_shoulder_R_pose_matrix-input" />
          <input semantic="OUTPUT" source="#die__Armature_Die_leg_front_shoulder_R_pose_matrix-output" />
          <input semantic="INTERPOLATION" source="#die__Armature_Die_leg_front_shoulder_R_pose_matrix-interpolation" />
        </sampler>
        <channel source="#die__Armature_Die_leg_front_shoulder_R_pose_matrix-sampler" target="Armature_leg_front_shoulder_R/transform" />
      </animation>
      <animation id="die__Armature_Die_leg_front_upper_R_pose_matrix" name="Armature">
        <source id="die__Armature_Die_leg_front_upper_R_pose_matrix-input">
          <float_array id="die__Armature_Die_leg_front_upper_R_pose_matrix-input-array" count="13">0.04166662 0.25 0.4583333 0.6666667 0.875 1.083333 1.291667 1.5 1.708333 1.916667 2.125 2.333333 2.5</float_array>
          <technique_common>
            <accessor source="#die__Armature_Die_leg_front_upper_R_pose_matrix-input-array" count="13" stride="1">
              <param name="TIME" type="float" />
            </accessor>
          </technique_common>
        </source>
        <source id="die__Armature_Die_leg_front_upper_R_pose_matrix-output">
          <float_array id="die__Armature_Die_leg_front_upper_R_pose_matrix-output-array" count="208">0.781743 -0.6215742 0.05023475 -1.86265e-9 0.03041318 0.118462 0.9924928 0.1358971 -0.6228588 -0.7743464 0.1115109 3.72529e-9 0 0 0 1 0.7824597 -0.6217237 -0.03487597 -3.72529e-9 0.04361632 -0.001149587 0.9990477 0.1358971 -0.6211717 -0.7832358 0.02621776 -3.72529e-9 0 0 0 1 0.781746 -0.6073881 -0.1412534 7.45058e-9 0.06040435 -0.1516936 0.9865802 0.1358971 -0.6206642 -0.7797876 -0.08189704 3.72529e-9 0 0 0 1 0.782086 -0.6123621 -0.1155602 -7.45058e-9 0.05631981 -0.1152242 0.9917417 0.135897 -0.6206202 -0.7821356 -0.05562711 0 0 0 0 1 0.7824491 -0.6219967 -0.02989348 -7.45058e-9 0.04283784 0.005872913 0.9990647 0.1358971 -0.6212393 -0.7829979 0.03124023 0 0 0 0 1 0.7818644 -0.6220454 0.04179999 3.72529e-9 0.03171268 0.106641 0.9937916 0.1358971 -0.6226412 -0.7756849 0.1031055 0 0 0 0 1 0.7817563 -0.6216393 0.04920964 -3.72529e-9 0.03065581 0.1171306 0.9926432 0.1358971 -0.6228299 -0.7744966 0.1106244 -3.72529e-9 0 0 0 1 0.781823 -0.6219593 0.04381111 -5.58794e-9 0.03193381 0.1101179 0.9934054 0.1358971 -0.622682 -0.7752682 0.1059542 0 0 0 0 1 0.7819114 -0.6223744 0.03555942 -1.86265e-9 0.03388825 0.09939431 0.9944708 0.1358971 -0.6224676 -0.7763832 0.09880868 -7.45058e-9 0 0 0 1 0.7819898 -0.6227279 0.02648846 3.72529e-9 0.03603808 0.08759975 0.9955035 0.1358971 -0.6222484 -0.7775192 0.09094399 3.72529e-9 0 0 0 1 0.7820421 -0.6229471 0.01863697 -3.72529e-9 0.03790008 0.07738551 0.9962807 0.1358971 -0.6220723 -0.778427 0.08412838 0 0 0 0 1 0.7820655 -0.6230378 0.01404488 0 0.03898956 0.07140929 0.9966847 0.135897 -0.6219751 -0.7789252 0.08013864 0 0 0 0 1 0.7820676 -0.6230454 0.01357751 -1.86265e-9 0.03910044 0.07080089 0.9967238 0.1358971 -0.6219655 -0.7789746 0.07973248 0 0 0 0 1</float_array>
          <technique_common>
            <accessor source="#die__Armature_Die_leg_front_upper_R_pose_matrix-output-array" count="13" stride="16">
              <param name="TRANSFORM" type="float4x4" />
            </accessor>
          </technique_common>
        </source>
        <source id="die__Armature_Die_leg_front_upper_R_pose_matrix-interpolation">
          <Name_array id="die__Armature_Die_leg_front_upper_R_pose_matrix-interpolation-array" count="13">LINEAR LINEAR LINEAR LINEAR LINEAR LINEAR LINEAR LINEAR LINEAR LINEAR LINEAR LINEAR LINEAR</Name_array>
          <technique_common>
            <accessor source="#die__Armature_Die_leg_front_upper_R_pose_matrix-interpolation-array" count="13" stride="1">
              <param name="INTERPOLATION" type="name" />
            </accessor>
          </technique_common>
        </source>
        <sampler id="die__Armature_Die_leg_front_upper_R_pose_matrix-sampler">
          <input semantic="INPUT" source="#die__Armature_Die_leg_front_upper_R_pose_matrix-input" />
          <input semantic="OUTPUT" source="#die__Armature_Die_leg_front_upper_R_pose_matrix-output" />
          <input semantic="INTERPOLATION" source="#die__Armature_Die_leg_front_upper_R_pose_matrix-interpolation" />
        </sampler>
        <channel source="#die__Armature_Die_leg_front_upper_R_pose_matrix-sampler" target="Armature_leg_front_upper_R/transform" />
      </animation>
      <animation id="die__Armature_Die_leg_front_lower_R_pose_matrix" name="Armature">
        <source id="die__Armature_Die_leg_front_lower_R_pose_matrix-input">
          <float_array id="die__Armature_Die_leg_front_lower_R_pose_matrix-input-array" count="13">0.04166662 0.25 0.4583333 0.6666667 0.875 1.083333 1.291667 1.5 1.708333 1.916667 2.125 2.333333 2.5</float_array>
          <technique_common>
            <accessor source="#die__Armature_Die_leg_front_lower_R_pose_matrix-input-array" count="13" stride="1">
              <param name="TIME" type="float" />
            </accessor>
          </technique_common>
        </source>
        <source id="die__Armature_Die_leg_front_lower_R_pose_matrix-output">
          <float_array id="die__Armature_Die_leg_front_lower_R_pose_matrix-output-array" count="208">-0.9239704 -0.3747294 -0.07652677 0 -0.3713582 0.9268661 -0.05488351 0.1167948 0.09149653 -0.02229193 -0.9955558 -1.49012e-8 0 0 0 1 -0.9239703 -0.3747294 -0.07652677 -3.72529e-9 -0.3713582 0.9268661 -0.05488353 0.1167948 0.09149654 -0.02229194 -0.9955559 -1.49012e-8 0 0 0 1 -0.9239703 -0.3747294 -0.07652676 0 -0.3713582 0.9268661 -0.05488354 0.1167948 0.09149652 -0.02229193 -0.9955559 0 0 0 0 1 -0.9239703 -0.3747294 -0.07652676 7.45058e-9 -0.3713581 0.9268661 -0.05488352 0.1167948 0.09149654 -0.02229193 -0.9955557 0 0 0 0 1 -0.9239704 -0.3747294 -0.07652678 -3.72529e-9 -0.3713581 0.9268661 -0.05488352 0.1167948 0.09149653 -0.02229193 -0.9955559 0 0 0 0 1 -0.9239705 -0.3747294 -0.07652675 3.72529e-9 -0.3713582 0.9268661 -0.05488352 0.1167948 0.09149653 -0.02229193 -0.9955559 0 0 0 0 1 -0.9245878 -0.3729801 -0.07760732 0 -0.3680617 0.9271085 -0.07071239 0.1167948 0.09832473 -0.03681556 -0.9944731 -7.45058e-9 0 0 0 1 -0.9276389 -0.363952 -0.08381268 3.72529e-9 -0.3487737 0.9244462 -0.1541296 0.1167948 0.1335761 -0.113745 -0.9844894 7.45058e-9 0 0 0 1 -0.9315792 -0.350938 -0.094881 3.72529e-9 -0.3132866 0.9073845 -0.2801871 0.1167948 0.1844218 -0.2312915 -0.9552449 7.45058e-9 0 0 0 1 -0.9347758 -0.338107 -0.1089843 3.72529e-9 -0.2667525 0.8706914 -0.4132062 0.1167948 0.2345996 -0.3571834 -0.9040923 1.49012e-8 0 0 0 1 -0.9365116 -0.3285449 -0.122492 0 -0.2212269 0.8246784 -0.5205423 0.1167948 0.272038 -0.4603955 -0.8450038 -1.49012e-8 0 0 0 1 -0.937075 -0.3236974 -0.1308067 0 -0.1928392 0.7922154 -0.5789714 0.1167948 0.2910387 -0.517315 -0.8047869 -1.86265e-9 0 0 0 1 -0.9371138 -0.3232364 -0.1316662 7.45058e-9 -0.1898905 0.7886996 -0.5847172 0.1167948 0.292847 -0.5229445 -0.800481 -7.45058e-9 0 0 0 1</float_array>
          <technique_common>
            <accessor source="#die__Armature_Die_leg_front_lower_R_pose_matrix-output-array" count="13" stride="16">
              <param name="TRANSFORM" type="float4x4" />
            </accessor>
          </technique_common>
        </source>
        <source id="die__Armature_Die_leg_front_lower_R_pose_matrix-interpolation">
          <Name_array id="die__Armature_Die_leg_front_lower_R_pose_matrix-interpolation-array" count="13">LINEAR LINEAR LINEAR LINEAR LINEAR LINEAR LINEAR LINEAR LINEAR LINEAR LINEAR LINEAR LINEAR</Name_array>
          <technique_common>
            <accessor source="#die__Armature_Die_leg_front_lower_R_pose_matrix-interpolation-array" count="13" stride="1">
              <param name="INTERPOLATION" type="name" />
            </accessor>
          </technique_common>
        </source>
        <sampler id="die__Armature_Die_leg_front_lower_R_pose_matrix-sampler">
          <input semantic="INPUT" source="#die__Armature_Die_leg_front_lower_R_pose_matrix-input" />
          <input semantic="OUTPUT" source="#die__Armature_Die_leg_front_lower_R_pose_matrix-output" />
          <input semantic="INTERPOLATION" source="#die__Armature_Die_leg_front_lower_R_pose_matrix-interpolation" />
        </sampler>
        <channel source="#die__Armature_Die_leg_front_lower_R_pose_matrix-sampler" target="Armature_leg_front_lower_R/transform" />
      </animation>
      <animation id="die__Armature_Die_leg_front_foot_R_pose_matrix" name="Armature">
        <source id="die__Armature_Die_leg_front_foot_R_pose_matrix-input">
          <float_array id="die__Armature_Die_leg_front_foot_R_pose_matrix-input-array" count="13">0.04166662 0.25 0.4583333 0.6666667 0.875 1.083333 1.291667 1.5 1.708333 1.916667 2.125 2.333333 2.5</float_array>
          <technique_common>
            <accessor source="#die__Armature_Die_leg_front_foot_R_pose_matrix-input-array" count="13" stride="1">
              <param name="TIME" type="float" />
            </accessor>
          </technique_common>
        </source>
        <source id="die__Armature_Die_leg_front_foot_R_pose_matrix-output">
          <float_array id="die__Armature_Die_leg_front_foot_R_pose_matrix-output-array" count="208">0.1096749 0.9295763 0.3519369 7.45058e-9 -0.1972005 0.3673842 -0.908923 0.1562064 -0.9742092 0.03028395 0.2236057 7.45058e-9 0 0 0 1 0.1139302 0.9479611 0.2973047 -7.45058e-9 -0.2641807 0.3173865 -0.9107549 0.1562064 -0.9577204 0.02522031 0.2865929 7.45058e-9 0 0 0 1 0.1136067 0.9672421 0.2270162 -7.45058e-9 -0.3471064 0.2527376 -0.9031284 0.1562065 -0.9309193 0.02380263 0.3644485 7.45058e-9 0 0 0 1 0.106644 0.9660555 0.2352958 1.49012e-8 -0.3299113 0.2576189 -0.9081801 0.1562065 -0.937969 0.01922525 0.3461861 7.45058e-9 0 0 0 1 0.09241383 0.9573866 0.2736253 0 -0.2691579 0.2885901 -0.9188417 0.1562065 -0.9586521 0.01126528 0.2843578 -1.49012e-8 0 0 0 1 0.09626485 0.9398084 0.3278621 1.49012e-8 -0.2104767 0.3411635 -0.916137 0.1562064 -0.9728478 0.01918451 0.2306497 0 0 0 0 1 0.1475881 0.9090585 0.3896543 7.45058e-9 -0.1811585 0.4121504 -0.8929242 0.1562064 -0.9723164 0.06119582 0.2255122 -7.45058e-9 0 0 0 1 0.2471297 0.8562336 0.4536422 0 -0.1408187 0.494929 -0.8574471 0.1562064 -0.9586954 0.1480193 0.2428853 -3.72529e-9 0 0 0 1 0.367279 0.7777662 0.5100845 0 -0.08401658 0.5739129 -0.8145952 0.1562065 -0.9263085 0.2563282 0.2761314 -2.04891e-8 0 0 0 1 0.4798493 0.6828531 0.5508689 0 -0.01890205 0.6357781 -0.7716405 0.1562064 -0.8771474 0.3598586 0.3179849 7.45058e-9 0 0 0 1 0.563545 0.5941837 0.5739017 0 0.03938958 0.6746065 -0.7371259 0.1562065 -0.8251458 0.4380093 0.3567664 1.49012e-8 0 0 0 1 0.6067368 0.5405603 0.5828081 0 0.07366347 0.6917909 -0.7183307 0.1562065 -0.7914823 0.4787694 0.3799154 2.23517e-8 0 0 0 1 0.6108872 0.5350947 0.5835158 7.45058e-9 0.07711574 0.693305 -0.7165062 0.1562064 -0.787953 0.4827029 0.3822669 0 0 0 0 1</float_array>
          <technique_common>
            <accessor source="#die__Armature_Die_leg_front_foot_R_pose_matrix-output-array" count="13" stride="16">
              <param name="TRANSFORM" type="float4x4" />
            </accessor>
          </technique_common>
        </source>
        <source id="die__Armature_Die_leg_front_foot_R_pose_matrix-interpolation">
          <Name_array id="die__Armature_Die_leg_front_foot_R_pose_matrix-interpolation-array" count="13">LINEAR LINEAR LINEAR LINEAR LINEAR LINEAR LINEAR LINEAR LINEAR LINEAR LINEAR LINEAR LINEAR</Name_array>
          <technique_common>
            <accessor source="#die__Armature_Die_leg_front_foot_R_pose_matrix-interpolation-array" count="13" stride="1">
              <param name="INTERPOLATION" type="name" />
            </accessor>
          </technique_common>
        </source>
        <sampler id="die__Armature_Die_leg_front_foot_R_pose_matrix-sampler">
          <input semantic="INPUT" source="#die__Armature_Die_leg_front_foot_R_pose_matrix-input" />
          <input semantic="OUTPUT" source="#die__Armature_Die_leg_front_foot_R_pose_matrix-output" />
          <input semantic="INTERPOLATION" source="#die__Armature_Die_leg_front_foot_R_pose_matrix-interpolation" />
        </sampler>
        <channel source="#die__Armature_Die_leg_front_foot_R_pose_matrix-sampler" target="Armature_leg_front_foot_R/transform" />
      </animation>
      <animation id="die__Armature_Die_wing_lower_R_pose_matrix" name="Armature">
        <source id="die__Armature_Die_wing_lower_R_pose_matrix-input">
          <float_array id="die__Armature_Die_wing_lower_R_pose_matrix-input-array" count="13">0.04166662 0.25 0.4583333 0.6666667 0.875 1.083333 1.291667 1.5 1.708333 1.916667 2.125 2.333333 2.5</float_array>
          <technique_common>
            <accessor source="#die__Armature_Die_wing_lower_R_pose_matrix-input-array" count="13" stride="1">
              <param name="TIME" type="float" />
            </accessor>
          </technique_common>
        </source>
        <source id="die__Armature_Die_wing_lower_R_pose_matrix-output">
          <float_array id="die__Armature_Die_wing_lower_R_pose_matrix-output-array" count="208">0.4230472 -0.7706423 0.4765936 9.31323e-10 0.5894167 0.6335351 0.5012193 0.1054889 -0.6881997 0.0688729 0.7222449 -3.72529e-9 0 0 0 1 0.4309665 -0.7445353 0.5098385 0 0.5905063 0.6599206 0.4645502 0.1054889 -0.6823269 0.1008573 0.7240565 0 0 0 0 1 0.4486833 -0.6749956 0.585717 3.72529e-9 0.5942956 0.7148359 0.3685406 0.1054889 -0.6674549 0.1827311 0.7218818 0 0 0 0 1 0.4673147 -0.5791259 0.6680046 0 0.6023805 0.7616247 0.2388836 0.1054889 -0.6471126 0.2907592 0.7047726 0 0 0 0 1 0.4775304 -0.4881294 0.730544 0 0.6196821 0.7765573 0.1138103 0.1054889 -0.6228634 0.3983573 0.6733149 0 0 0 0 1 0.4687423 -0.44264 0.7644281 9.31323e-10 0.6539035 0.7556913 0.03661186 0.1054889 -0.5938778 0.4827008 0.6436685 0 0 0 0 1 0.3862612 -0.5252776 0.7582121 -9.31323e-10 0.7164695 0.6885641 0.1120306 0.1054889 -0.5809249 0.4999629 0.642311 -7.45058e-9 0 0 0 1 0.1196968 -0.7918485 0.5988728 -1.39698e-9 0.7429411 0.4715718 0.4750353 0.1054889 -0.6585675 0.388067 0.6447424 0 0 0 0 1 -0.1127416 -0.9436097 0.3112717 9.31323e-10 0.6440919 0.1691351 0.7460152 0.1054889 -0.7565943 0.2845946 0.5887028 3.72529e-9 0 0 0 1 -0.1524868 -0.9455611 0.2875101 0 0.6315427 0.1305405 0.7642727 0.1054889 -0.7601984 0.2981164 0.5772566 0 0 0 0 1 -0.04050447 -0.7454937 0.6652805 9.31323e-10 0.7721993 0.399184 0.4943279 0.1054889 -0.634088 0.5337518 0.5595011 7.45058e-9 0 0 0 1 0.14091 -0.415482 0.8986206 1.11759e-8 0.8368738 0.5349408 0.1161051 0.1054889 -0.5289485 0.7356718 0.4230845 7.45058e-9 0 0 0 1 0.1653081 -0.3705584 0.9139801 1.11759e-8 0.8386812 0.5404333 0.06742093 0.1054889 -0.5189288 0.7553928 0.4001183 7.45058e-9 0 0 0 1</float_array>
          <technique_common>
            <accessor source="#die__Armature_Die_wing_lower_R_pose_matrix-output-array" count="13" stride="16">
              <param name="TRANSFORM" type="float4x4" />
            </accessor>
          </technique_common>
        </source>
        <source id="die__Armature_Die_wing_lower_R_pose_matrix-interpolation">
          <Name_array id="die__Armature_Die_wing_lower_R_pose_matrix-interpolation-array" count="13">LINEAR LINEAR LINEAR LINEAR LINEAR LINEAR LINEAR LINEAR LINEAR LINEAR LINEAR LINEAR LINEAR</Name_array>
          <technique_common>
            <accessor source="#die__Armature_Die_wing_lower_R_pose_matrix-interpolation-array" count="13" stride="1">
              <param name="INTERPOLATION" type="name" />
            </accessor>
          </technique_common>
        </source>
        <sampler id="die__Armature_Die_wing_lower_R_pose_matrix-sampler">
          <input semantic="INPUT" source="#die__Armature_Die_wing_lower_R_pose_matrix-input" />
          <input semantic="OUTPUT" source="#die__Armature_Die_wing_lower_R_pose_matrix-output" />
          <input semantic="INTERPOLATION" source="#die__Armature_Die_wing_lower_R_pose_matrix-interpolation" />
        </sampler>
        <channel source="#die__Armature_Die_wing_lower_R_pose_matrix-sampler" target="Armature_wing_lower_R/transform" />
      </animation>
      <animation id="die__Armature_Die_wing_upper_R_pose_matrix" name="Armature">
        <source id="die__Armature_Die_wing_upper_R_pose_matrix-input">
          <float_array id="die__Armature_Die_wing_upper_R_pose_matrix-input-array" count="13">0.04166662 0.25 0.4583333 0.6666667 0.875 1.083333 1.291667 1.5 1.708333 1.916667 2.125 2.333333 2.5</float_array>
          <technique_common>
            <accessor source="#die__Armature_Die_wing_upper_R_pose_matrix-input-array" count="13" stride="1">
              <param name="TIME" type="float" />
            </accessor>
          </technique_common>
        </source>
        <source id="die__Armature_Die_wing_upper_R_pose_matrix-output">
          <float_array id="die__Armature_Die_wing_upper_R_pose_matrix-output-array" count="208">0.3874637 0.7813011 0.4893265 3.72529e-9 0.009294719 -0.534073 0.8453873 0.2469093 0.9218382 -0.3230087 -0.2141958 7.45058e-9 0 0 0 1 0.3836046 0.7979168 0.4649474 -7.45058e-9 0.007720709 -0.5062171 0.8623716 0.2469093 0.9234652 -0.3272199 -0.2003476 0 0 0 0 1 0.3723055 0.8358544 0.4034058 7.45058e-9 0.003772825 -0.4360123 0.8999329 0.2469093 0.9281027 -0.3335279 -0.1654831 -7.45058e-9 0 0 0 1 0.3539031 0.87767 0.3231835 0 -0.001677573 -0.3449504 0.9386194 0.2469093 0.9352806 -0.3327224 -0.1206067 0 0 0 0 1 0.3283501 0.9117331 0.2468375 0 -0.007267296 -0.2588803 0.9658821 0.2469093 0.9445281 -0.3189413 -0.07837757 -7.45058e-9 0 0 0 1 0.2948949 0.9343759 0.199946 -7.45058e-9 -0.01020074 -0.2061612 0.9784648 0.2469092 0.9554752 -0.2905838 -0.05126452 -7.45058e-9 0 0 0 1 0.2554426 0.94404 0.2086558 0 0.03145015 -0.2238151 0.9741241 0.2469093 0.9663126 -0.2422704 -0.08686212 0 0 0 0 1 0.2209329 0.9365698 0.2720767 7.45058e-9 0.2100698 -0.3181203 0.9244838 0.2469093 0.9523968 -0.1470937 -0.2670282 1.49012e-8 0 0 0 1 0.1814832 0.9191922 0.3494988 0 0.3874179 -0.3934878 0.8337113 0.2469093 0.9038646 -0.01590245 -0.4275228 2.23517e-8 0 0 0 1 0.09691055 0.9105884 0.4017922 -1.49012e-8 0.4305828 -0.4023169 0.8079228 0.2469093 0.8973331 0.09470866 -0.4310724 0 0 0 0 1 -0.02006847 0.8990653 0.4373546 0 0.3682576 -0.4000411 0.8392578 0.2469093 0.9295073 0.1779018 -0.3230594 -1.49012e-8 0 0 0 1 -0.1046977 0.8871443 0.4494587 -7.45058e-9 0.2964645 -0.4035532 0.8655945 0.2469093 0.9492875 0.2238744 -0.2207556 4.65661e-9 0 0 0 1 -0.1141639 0.8856887 0.4500245 1.86265e-8 0.287155 -0.404232 0.8684115 0.2469093 0.9510565 0.228368 -0.2081812 -2.98023e-8 0 0 0 1</float_array>
          <technique_common>
            <accessor source="#die__Armature_Die_wing_upper_R_pose_matrix-output-array" count="13" stride="16">
              <param name="TRANSFORM" type="float4x4" />
            </accessor>
          </technique_common>
        </source>
        <source id="die__Armature_Die_wing_upper_R_pose_matrix-interpolation">
          <Name_array id="die__Armature_Die_wing_upper_R_pose_matrix-interpolation-array" count="13">LINEAR LINEAR LINEAR LINEAR LINEAR LINEAR LINEAR LINEAR LINEAR LINEAR LINEAR LINEAR LINEAR</Name_array>
          <technique_common>
            <accessor source="#die__Armature_Die_wing_upper_R_pose_matrix-interpolation-array" count="13" stride="1">
              <param name="INTERPOLATION" type="name" />
            </accessor>
          </technique_common>
        </source>
        <sampler id="die__Armature_Die_wing_upper_R_pose_matrix-sampler">
          <input semantic="INPUT" source="#die__Armature_Die_wing_upper_R_pose_matrix-input" />
          <input semantic="OUTPUT" source="#die__Armature_Die_wing_upper_R_pose_matrix-output" />
          <input semantic="INTERPOLATION" source="#die__Armature_Die_wing_upper_R_pose_matrix-interpolation" />
        </sampler>
        <channel source="#die__Armature_Die_wing_upper_R_pose_matrix-sampler" target="Armature_wing_upper_R/transform" />
      </animation>
      <animation id="die__Armature_Die_back2_pose_matrix" name="Armature">
        <source id="die__Armature_Die_back2_pose_matrix-input">
          <float_array id="die__Armature_Die_back2_pose_matrix-input-array" count="13">0.04166662 0.25 0.4583333 0.6666667 0.875 1.083333 1.291667 1.5 1.708333 1.916667 2.125 2.333333 2.5</float_array>
          <technique_common>
            <accessor source="#die__Armature_Die_back2_pose_matrix-input-array" count="13" stride="1">
              <param name="TIME" type="float" />
            </accessor>
          </technique_common>
        </source>
        <source id="die__Armature_Die_back2_pose_matrix-output">
          <float_array id="die__Armature_Die_back2_pose_matrix-output-array" count="208">0.7900306 0.0298919 0.6123381 8.73115e-11 -0.3496987 0.8423566 0.4100561 0.1554319 -0.5035498 -0.5380907 0.6759408 2.32831e-9 0 0 0 1 0.7900307 0.0298919 0.6123382 0 -0.3496987 0.8423567 0.4100561 0.1554319 -0.5035499 -0.5380908 0.6759409 -2.32831e-9 0 0 0 1 0.7900307 0.02989189 0.6123382 0 -0.3496987 0.8423566 0.4100561 0.1554319 -0.5035499 -0.5380908 0.6759409 -9.31323e-10 0 0 0 1 0.7900306 0.02989188 0.6123382 3.72529e-9 -0.3496987 0.8423566 0.4100561 0.1554319 -0.5035499 -0.5380908 0.6759408 1.86265e-9 0 0 0 1 0.7900307 0.02989191 0.6123382 0 -0.3496987 0.8423566 0.4100561 0.1554319 -0.5035499 -0.5380908 0.6759409 4.19095e-9 0 0 0 1 0.7900307 0.0298919 0.6123382 4.65661e-10 -0.3496987 0.8423567 0.4100561 0.1554319 -0.5035499 -0.5380908 0.6759408 -5.58794e-9 0 0 0 1 0.7924497 0.03346931 0.6090182 0 -0.3415386 0.8516227 0.3976054 0.1554319 -0.5053462 -0.5230855 0.6862993 4.19095e-9 0 0 0 1 0.8033479 0.04841643 0.5935383 -9.31323e-10 -0.3051008 0.889405 0.3403999 0.1554319 -0.511415 -0.4545486 0.7292739 -2.32831e-10 0 0 0 1 0.8145158 0.06185409 0.5768347 1.86265e-9 -0.2682911 0.9217484 0.2799995 0.1554319 -0.5143774 -0.3828236 0.7673736 -2.79397e-9 0 0 0 1 0.8121626 0.07813907 0.5781745 -1.11759e-8 -0.2771737 0.9236928 0.2645111 0.1554319 -0.5133873 -0.3750808 0.771847 1.11759e-8 0 0 0 1 0.7633168 0.1829119 0.6195892 8.3819e-9 -0.4121856 0.8763922 0.2490773 0.1554319 -0.4974441 -0.4455107 0.7443588 -7.45058e-9 0 0 0 1 0.6989341 0.2796561 0.6582428 3.72529e-9 -0.5383114 0.8116682 0.2267494 0.1554319 -0.4708631 -0.5128225 0.7178447 7.45058e-9 0 0 0 1 0.6899322 0.2910008 0.6628062 3.72529e-9 -0.553211 0.802493 0.2235224 0.1554319 -0.4668523 -0.520887 0.7146508 7.45058e-9 0 0 0 1</float_array>
          <technique_common>
            <accessor source="#die__Armature_Die_back2_pose_matrix-output-array" count="13" stride="16">
              <param name="TRANSFORM" type="float4x4" />
            </accessor>
          </technique_common>
        </source>
        <source id="die__Armature_Die_back2_pose_matrix-interpolation">
          <Name_array id="die__Armature_Die_back2_pose_matrix-interpolation-array" count="13">LINEAR LINEAR LINEAR LINEAR LINEAR LINEAR LINEAR LINEAR LINEAR LINEAR LINEAR LINEAR LINEAR</Name_array>
          <technique_common>
            <accessor source="#die__Armature_Die_back2_pose_matrix-interpolation-array" count="13" stride="1">
              <param name="INTERPOLATION" type="name" />
            </accessor>
          </technique_common>
        </source>
        <sampler id="die__Armature_Die_back2_pose_matrix-sampler">
          <input semantic="INPUT" source="#die__Armature_Die_back2_pose_matrix-input" />
          <input semantic="OUTPUT" source="#die__Armature_Die_back2_pose_matrix-output" />
          <input semantic="INTERPOLATION" source="#die__Armature_Die_back2_pose_matrix-interpolation" />
        </sampler>
        <channel source="#die__Armature_Die_back2_pose_matrix-sampler" target="Armature_back2/transform" />
      </animation>
      <animation id="die__Armature_Die_tail1_pose_matrix" name="Armature">
        <source id="die__Armature_Die_tail1_pose_matrix-input">
          <float_array id="die__Armature_Die_tail1_pose_matrix-input-array" count="13">0.04166662 0.25 0.4583333 0.6666667 0.875 1.083333 1.291667 1.5 1.708333 1.916667 2.125 2.333333 2.5</float_array>
          <technique_common>
            <accessor source="#die__Armature_Die_tail1_pose_matrix-input-array" count="13" stride="1">
              <param name="TIME" type="float" />
            </accessor>
          </technique_common>
        </source>
        <source id="die__Armature_Die_tail1_pose_matrix-output">
          <float_array id="die__Armature_Die_tail1_pose_matrix-output-array" count="208">0.9911526 0.1263918 -0.04051533 0 -0.125338 0.9917307 0.02758229 0.1813675 0.04366645 -0.02226019 0.9987981 -7.45058e-9 0 0 0 1 0.9915416 0.128457 -0.01854905 7.45058e-9 -0.1297604 0.9781275 -0.1625693 0.1813675 -0.002739847 0.1636011 0.9865227 -1.49012e-8 0 0 0 1 0.9899749 0.1404113 0.01531027 0 -0.1179328 0.8813711 -0.4574677 0.1813676 -0.07772771 0.4510759 0.8890944 1.49012e-8 0 0 0 1 0.989265 0.1448287 0.01947612 7.45058e-9 -0.1160161 0.8594188 -0.4979351 0.1813675 -0.08885342 0.4903302 0.8669955 0 0 0 0 1 0.9894723 0.14445 -0.008884043 7.45058e-9 -0.1417714 0.9551299 -0.2600535 0.1813675 -0.02907932 0.2585752 0.9655534 7.45058e-9 0 0 0 1 0.9898096 0.137606 -0.03662732 -7.45058e-9 -0.1378611 0.9904412 -0.004520953 0.1813675 0.03565517 0.009524435 0.9993187 7.45058e-9 0 0 0 1 0.9966002 0.07115385 -0.0415388 -1.49012e-8 -0.07001629 0.9971464 0.02822959 0.1813676 0.04342893 -0.02522528 0.9987381 -7.45058e-9 0 0 0 1 0.9916196 -0.1250093 -0.03260943 0 0.1255125 0.9919953 0.01385787 0.1813676 0.03061602 -0.01783459 0.9993721 0 0 0 0 1 0.935029 -0.3538224 0.02302563 0 0.3545178 0.9340396 -0.04344256 0.1813676 -0.006135792 0.04878309 0.9987905 0 0 0 0 1 0.8569952 -0.4870701 0.1682912 -7.45058e-9 0.5119029 0.8421994 -0.1692788 0.1813676 -0.05928406 0.2312199 0.9710935 0 0 0 0 1 0.8092443 -0.4738846 0.3472132 -2.23517e-8 0.5808703 0.7337987 -0.3523196 0.1813676 -0.0878258 0.4867985 0.8690881 0 0 0 0 1 0.8015172 -0.4557114 0.3871655 -1.49012e-8 0.5909278 0.7027239 -0.3962114 0.1813675 -0.09151238 0.5463572 0.8325378 1.49012e-8 0 0 0 1 0.8015173 -0.4557115 0.3871655 7.45058e-9 0.5909277 0.7027239 -0.3962114 0.1813675 -0.09151238 0.5463573 0.8325378 1.49012e-8 0 0 0 1</float_array>
          <technique_common>
            <accessor source="#die__Armature_Die_tail1_pose_matrix-output-array" count="13" stride="16">
              <param name="TRANSFORM" type="float4x4" />
            </accessor>
          </technique_common>
        </source>
        <source id="die__Armature_Die_tail1_pose_matrix-interpolation">
          <Name_array id="die__Armature_Die_tail1_pose_matrix-interpolation-array" count="13">LINEAR LINEAR LINEAR LINEAR LINEAR LINEAR LINEAR LINEAR LINEAR LINEAR LINEAR LINEAR LINEAR</Name_array>
          <technique_common>
            <accessor source="#die__Armature_Die_tail1_pose_matrix-interpolation-array" count="13" stride="1">
              <param name="INTERPOLATION" type="name" />
            </accessor>
          </technique_common>
        </source>
        <sampler id="die__Armature_Die_tail1_pose_matrix-sampler">
          <input semantic="INPUT" source="#die__Armature_Die_tail1_pose_matrix-input" />
          <input semantic="OUTPUT" source="#die__Armature_Die_tail1_pose_matrix-output" />
          <input semantic="INTERPOLATION" source="#die__Armature_Die_tail1_pose_matrix-interpolation" />
        </sampler>
        <channel source="#die__Armature_Die_tail1_pose_matrix-sampler" target="Armature_tail1/transform" />
      </animation>
      <animation id="die__Armature_Die_tail2_pose_matrix" name="Armature">
        <source id="die__Armature_Die_tail2_pose_matrix-input">
          <float_array id="die__Armature_Die_tail2_pose_matrix-input-array" count="13">0.04166662 0.25 0.4583333 0.6666667 0.875 1.083333 1.291667 1.5 1.708333 1.916667 2.125 2.333333 2.5</float_array>
          <technique_common>
            <accessor source="#die__Armature_Die_tail2_pose_matrix-input-array" count="13" stride="1">
              <param name="TIME" type="float" />
            </accessor>
          </technique_common>
        </source>
        <source id="die__Armature_Die_tail2_pose_matrix-output">
          <float_array id="die__Armature_Die_tail2_pose_matrix-output-array" count="208">0.6498877 -0.3740547 -0.6616108 1.49012e-8 -0.02283131 0.8605051 -0.5089301 0.172281 0.7596871 0.345853 0.5506915 -1.49012e-8 0 0 0 1 0.6528249 -0.3839182 -0.6530133 -1.49012e-8 -0.0330864 0.8467798 -0.5309138 0.172281 0.756786 0.3681997 0.5400963 0 0 0 0 1 0.657844 -0.3993555 -0.638558 7.45058e-9 -0.04946435 0.8231056 -0.5657303 0.172281 0.7515281 0.4037482 0.5217211 -1.02445e-8 0 0 0 1 0.6589355 -0.4009825 -0.6364096 -1.49012e-8 -0.05268993 0.8193814 -0.5708224 0.172281 0.750352 0.4096676 0.5187917 7.45058e-9 0 0 0 1 0.6566188 -0.3845158 -0.6488446 1.49012e-8 -0.04417707 0.8391981 -0.5420287 0.172281 0.7529278 0.3845703 0.5340465 -1.49012e-8 0 0 0 1 0.6522363 -0.3720665 -0.6604197 -1.49012e-8 -0.02951822 0.8581206 -0.5125993 0.1722811 0.7574408 0.3538303 0.5487146 -1.49012e-8 0 0 0 1 0.644578 -0.3842361 -0.6609703 -1.49012e-8 -0.0106437 0.8599415 -0.5102819 0.172281 0.7644646 0.3359517 0.5502095 -1.49012e-8 0 0 0 1 0.6120557 -0.436132 -0.6596792 0 0.03921238 0.8498881 -0.5255026 0.172281 0.7898419 0.2957694 0.5372804 0 0 0 0 1 0.5005831 -0.5687121 -0.6526737 0 0.1635613 0.8024905 -0.5738089 0.172281 0.8500967 0.1804869 0.4947326 -1.49012e-8 0 0 0 1 0.1986147 -0.7621949 -0.6161259 1.49012e-8 0.3585109 0.6415824 -0.6781167 0.172281 0.9121527 -0.08620387 0.4006826 1.86265e-9 0 0 0 1 -0.19616 -0.8093907 -0.5535413 -7.45058e-9 0.421206 0.4402242 -0.7929619 0.172281 0.8854982 -0.3887023 0.2545657 -1.11759e-8 0 0 0 1 0.3517312 -0.8221416 -0.447625 7.45058e-9 0.4211065 0.566029 -0.7087176 0.172281 0.836035 0.06078034 0.5452992 2.98023e-8 0 0 0 1 0.3517312 -0.8221417 -0.447625 -2.79397e-9 0.4211065 0.5660291 -0.7087177 0.172281 0.8360351 0.06078044 0.5452992 0 0 0 0 1</float_array>
          <technique_common>
            <accessor source="#die__Armature_Die_tail2_pose_matrix-output-array" count="13" stride="16">
              <param name="TRANSFORM" type="float4x4" />
            </accessor>
          </technique_common>
        </source>
        <source id="die__Armature_Die_tail2_pose_matrix-interpolation">
          <Name_array id="die__Armature_Die_tail2_pose_matrix-interpolation-array" count="13">LINEAR LINEAR LINEAR LINEAR LINEAR LINEAR LINEAR LINEAR LINEAR LINEAR LINEAR LINEAR LINEAR</Name_array>
          <technique_common>
            <accessor source="#die__Armature_Die_tail2_pose_matrix-interpolation-array" count="13" stride="1">
              <param name="INTERPOLATION" type="name" />
            </accessor>
          </technique_common>
        </source>
        <sampler id="die__Armature_Die_tail2_pose_matrix-sampler">
          <input semantic="INPUT" source="#die__Armature_Die_tail2_pose_matrix-input" />
          <input semantic="OUTPUT" source="#die__Armature_Die_tail2_pose_matrix-output" />
          <input semantic="INTERPOLATION" source="#die__Armature_Die_tail2_pose_matrix-interpolation" />
        </sampler>
        <channel source="#die__Armature_Die_tail2_pose_matrix-sampler" target="Armature_tail2/transform" />
      </animation>
      <animation id="die__Armature_Die_tail3_pose_matrix" name="Armature">
        <source id="die__Armature_Die_tail3_pose_matrix-input">
          <float_array id="die__Armature_Die_tail3_pose_matrix-input-array" count="13">0.04166662 0.25 0.4583333 0.6666667 0.875 1.083333 1.291667 1.5 1.708333 1.916667 2.125 2.333333 2.5</float_array>
          <technique_common>
            <accessor source="#die__Armature_Die_tail3_pose_matrix-input-array" count="13" stride="1">
              <param name="TIME" type="float" />
            </accessor>
          </technique_common>
        </source>
        <source id="die__Armature_Die_tail3_pose_matrix-output">
          <float_array id="die__Armature_Die_tail3_pose_matrix-output-array" count="208">0.6358231 -0.06801116 -0.7688325 0 -0.5072412 0.7139744 -0.4826459 0.1556355 0.5817521 0.6968608 0.4194634 -1.49012e-8 0 0 0 1 0.6722183 0.08242258 -0.7357507 1.11759e-8 -0.3803704 0.8910444 -0.2477058 0.1556355 0.6351701 0.4463702 0.6303273 0 0 0 0 1 0.7657154 0.2718436 -0.5829076 2.98023e-8 -0.165674 0.9590716 0.2296391 0.1556355 0.6214759 -0.07926562 0.779413 0 0 0 0 1 0.7824134 0.2977079 -0.5469911 0 -0.1402099 0.9399942 0.31105 0.1556355 0.6067707 -0.1666762 0.7772056 0 0 0 0 1 0.7054183 0.2278325 -0.6711762 7.45058e-9 -0.3181602 0.9479534 -0.01260685 0.1556356 0.6333714 0.2224346 0.7411908 -1.49012e-8 0 0 0 1 0.6415084 0.02446084 -0.766726 1.11759e-8 -0.4920184 0.7799473 -0.3867819 0.1556355 0.5885448 0.625367 0.5123779 7.45058e-9 0 0 0 1 0.6343341 -0.1860025 -0.750349 0 -0.4874591 0.6571022 -0.5749785 0.1556355 0.6000035 0.7304928 0.3261537 -7.45058e-9 0 0 0 1 0.6332737 -0.3166231 -0.7061971 0 -0.421234 0.6244739 -0.657719 0.1556355 0.6492509 0.7139902 0.2620905 0 0 0 0 1 0.6515791 -0.3828993 -0.6548534 0 -0.3398441 0.6244423 -0.7032623 0.1556355 0.6781968 0.6807788 0.2767475 -2.98023e-8 0 0 0 1 0.7165881 -0.3966418 -0.5737393 -1.49012e-8 -0.2709069 0.5997186 -0.7529589 0.1556355 0.6427372 0.6949912 0.3222983 2.98023e-8 0 0 0 1 0.806385 -0.3808813 -0.4524077 1.49012e-8 -0.1931161 0.5534632 -0.8101758 0.1556355 0.558972 0.7406806 0.3727502 0 0 0 0 1 0.8269535 -0.3741805 -0.4196868 5.21541e-8 -0.1724285 0.5416861 -0.8227057 0.1556356 0.535179 0.7527051 0.3834298 0 0 0 0 1 0.8269535 -0.3741806 -0.4196869 -7.45058e-9 -0.1724285 0.5416862 -0.8227058 0.1556356 0.5351791 0.7527053 0.3834299 -2.98023e-8 0 0 0 1</float_array>
          <technique_common>
            <accessor source="#die__Armature_Die_tail3_pose_matrix-output-array" count="13" stride="16">
              <param name="TRANSFORM" type="float4x4" />
            </accessor>
          </technique_common>
        </source>
        <source id="die__Armature_Die_tail3_pose_matrix-interpolation">
          <Name_array id="die__Armature_Die_tail3_pose_matrix-interpolation-array" count="13">LINEAR LINEAR LINEAR LINEAR LINEAR LINEAR LINEAR LINEAR LINEAR LINEAR LINEAR LINEAR LINEAR</Name_array>
          <technique_common>
            <accessor source="#die__Armature_Die_tail3_pose_matrix-interpolation-array" count="13" stride="1">
              <param name="INTERPOLATION" type="name" />
            </accessor>
          </technique_common>
        </source>
        <sampler id="die__Armature_Die_tail3_pose_matrix-sampler">
          <input semantic="INPUT" source="#die__Armature_Die_tail3_pose_matrix-input" />
          <input semantic="OUTPUT" source="#die__Armature_Die_tail3_pose_matrix-output" />
          <input semantic="INTERPOLATION" source="#die__Armature_Die_tail3_pose_matrix-interpolation" />
        </sampler>
        <channel source="#die__Armature_Die_tail3_pose_matrix-sampler" target="Armature_tail3/transform" />
      </animation>
      <animation id="die__Armature_Die_leg_back_hip_L_pose_matrix" name="Armature">
        <source id="die__Armature_Die_leg_back_hip_L_pose_matrix-input">
          <float_array id="die__Armature_Die_leg_back_hip_L_pose_matrix-input-array" count="13">0.04166662 0.25 0.4583333 0.6666667 0.875 1.083333 1.291667 1.5 1.708333 1.916667 2.125 2.333333 2.5</float_array>
          <technique_common>
            <accessor source="#die__Armature_Die_leg_back_hip_L_pose_matrix-input-array" count="13" stride="1">
              <param name="TIME" type="float" />
            </accessor>
          </technique_common>
        </source>
        <source id="die__Armature_Die_leg_back_hip_L_pose_matrix-output">
          <float_array id="die__Armature_Die_leg_back_hip_L_pose_matrix-output-array" count="208">-0.002397791 0.8807778 0.4735238 8.73115e-11 -0.8300492 0.2623256 -0.4921417 0.1554319 -0.5576849 -0.3942281 0.7304599 2.32831e-9 0 0 0 1 -0.04137047 0.8534632 0.5195085 0 -0.8298785 0.2602027 -0.4935549 0.1554319 -0.5564083 -0.4515474 0.697506 -2.32831e-9 0 0 0 1 -0.09025483 0.8137099 0.5742214 0 -0.8295226 0.2576494 -0.4954888 0.1554319 -0.5511319 -0.5210499 0.6517366 -9.31323e-10 0 0 0 1 -0.08079997 0.8238721 0.5609866 3.72529e-9 -0.8272322 0.2585398 -0.4988427 0.1554319 -0.5560199 -0.5043727 0.6606436 1.86265e-9 0 0 0 1 -0.04595661 0.8550648 0.5164804 0 -0.8228806 0.260725 -0.5048664 0.1554319 -0.5663527 -0.4482037 0.6916342 4.19095e-9 0 0 0 1 -0.01083382 0.8782261 0.4781228 4.65661e-10 -0.8252744 0.2621402 -0.5002046 0.1554319 -0.564628 -0.4000017 0.7219375 -5.58794e-9 0 0 0 1 0.00349699 0.8742602 0.485445 0 -0.8416424 0.2647283 -0.4706986 0.1554319 -0.540024 -0.406925 0.7367401 4.19095e-9 0 0 0 1 -0.002678022 0.8524701 0.522769 -9.31323e-10 -0.8720519 0.2538573 -0.4184279 0.1554319 -0.4894059 -0.4570023 0.7427183 -2.32831e-10 0 0 0 1 -0.03713322 0.8474182 0.529626 1.86265e-9 -0.9139003 0.1855923 -0.3610291 0.1554319 -0.4042369 -0.4974315 0.767564 -2.79397e-9 0 0 0 1 -0.09255336 0.8430629 0.5297909 -1.11759e-8 -0.9511413 0.08254486 -0.2975171 0.1554319 -0.2945572 -0.5314423 0.7942323 1.11759e-8 0 0 0 1 -0.1475965 0.8342586 0.5312514 8.3819e-9 -0.9704306 -0.01842653 -0.2406763 0.1554319 -0.1909971 -0.5510656 0.8123095 -7.45058e-9 0 0 0 1 -0.1816954 0.8263358 0.5330629 3.72529e-9 -0.9749994 -0.0808693 -0.2069694 0.1554319 -0.1279177 -0.5573415 0.8203703 7.45058e-9 0 0 0 1 -0.1852668 0.8253999 0.5332835 3.72529e-9 -0.9751613 -0.08738239 -0.2035307 0.1554319 -0.1213945 -0.557745 0.8210869 7.45058e-9 0 0 0 1</float_array>
          <technique_common>
            <accessor source="#die__Armature_Die_leg_back_hip_L_pose_matrix-output-array" count="13" stride="16">
              <param name="TRANSFORM" type="float4x4" />
            </accessor>
          </technique_common>
        </source>
        <source id="die__Armature_Die_leg_back_hip_L_pose_matrix-interpolation">
          <Name_array id="die__Armature_Die_leg_back_hip_L_pose_matrix-interpolation-array" count="13">LINEAR LINEAR LINEAR LINEAR LINEAR LINEAR LINEAR LINEAR LINEAR LINEAR LINEAR LINEAR LINEAR</Name_array>
          <technique_common>
            <accessor source="#die__Armature_Die_leg_back_hip_L_pose_matrix-interpolation-array" count="13" stride="1">
              <param name="INTERPOLATION" type="name" />
            </accessor>
          </technique_common>
        </source>
        <sampler id="die__Armature_Die_leg_back_hip_L_pose_matrix-sampler">
          <input semantic="INPUT" source="#die__Armature_Die_leg_back_hip_L_pose_matrix-input" />
          <input semantic="OUTPUT" source="#die__Armature_Die_leg_back_hip_L_pose_matrix-output" />
          <input semantic="INTERPOLATION" source="#die__Armature_Die_leg_back_hip_L_pose_matrix-interpolation" />
        </sampler>
        <channel source="#die__Armature_Die_leg_back_hip_L_pose_matrix-sampler" target="Armature_leg_back_hip_L/transform" />
      </animation>
      <animation id="die__Armature_Die_leg_back_upper_L_pose_matrix" name="Armature">
        <source id="die__Armature_Die_leg_back_upper_L_pose_matrix-input">
          <float_array id="die__Armature_Die_leg_back_upper_L_pose_matrix-input-array" count="13">0.04166662 0.25 0.4583333 0.6666667 0.875 1.083333 1.291667 1.5 1.708333 1.916667 2.125 2.333333 2.5</float_array>
          <technique_common>
            <accessor source="#die__Armature_Die_leg_back_upper_L_pose_matrix-input-array" count="13" stride="1">
              <param name="TIME" type="float" />
            </accessor>
          </technique_common>
        </source>
        <source id="die__Armature_Die_leg_back_upper_L_pose_matrix-output">
          <float_array id="die__Armature_Die_leg_back_upper_L_pose_matrix-output-array" count="208">0.7881883 0.5726714 -0.2254026 -7.45058e-9 -0.2655587 0.6468695 0.7148695 0.112305 0.5551916 -0.5035942 0.661933 0 0 0 0 1 0.829935 0.5376785 -0.1486935 7.45058e-9 -0.2347417 0.5783905 0.7812561 0.112305 0.5060675 -0.6134871 0.606242 -3.72529e-9 0 0 0 1 0.8767684 0.4774229 -0.05783148 0 -0.2046145 0.4791586 0.8535455 0.112305 0.4352127 -0.7365286 0.5177989 7.45058e-9 0 0 0 1 0.8672996 0.4933664 -0.06618884 -1.49012e-8 -0.2181876 0.4962883 0.8402928 0.112305 0.4474211 -0.714344 0.538077 7.45058e-9 0 0 0 1 0.8323843 0.5422801 -0.1143181 0 -0.2558686 0.5590152 0.7886909 0.112305 0.4915968 -0.6272437 0.6040679 3.72529e-9 0 0 0 1 0.7966056 0.5735146 -0.1910506 1.49012e-8 -0.2745948 0.6248704 0.7308454 0.112305 0.5385323 -0.5297341 0.6552595 -1.11759e-8 0 0 0 1 0.8181821 0.4931583 -0.2955893 -7.45058e-9 -0.1637672 0.6926982 0.7023886 0.112305 0.551143 -0.5262738 0.6475163 3.72529e-9 0 0 0 1 0.8751836 0.2373759 -0.4215523 -1.49012e-8 0.1209922 0.7362691 0.6657844 0.112305 0.468417 -0.633688 0.6156501 1.49012e-8 0 0 0 1 0.875302 0.2004319 -0.4400834 -7.45058e-9 0.136501 0.7706438 0.6224755 0.112305 0.4639114 -0.6049258 0.647187 7.45058e-9 0 0 0 1 0.8719039 0.2672567 -0.4103136 -1.49012e-8 0.01045989 0.8275713 0.5612633 0.112305 0.4895651 -0.4936595 0.7187673 7.45058e-9 0 0 0 1 0.8544832 0.3602311 -0.3742885 -1.49012e-8 -0.1492994 0.8604065 0.4872479 0.1123049 0.4975621 -0.3604642 0.7889853 -1.11759e-8 0 0 0 1 0.8333185 0.425332 -0.3530905 0 -0.2572729 0.8637527 0.4332922 0.112305 0.4892758 -0.2702298 0.8292074 -1.86265e-9 0 0 0 1 0.8305449 0.4324671 -0.3509518 0 -0.2689276 0.8632033 0.4272681 0.112305 0.4877222 -0.2604848 0.8332316 5.58794e-9 0 0 0 1</float_array>
          <technique_common>
            <accessor source="#die__Armature_Die_leg_back_upper_L_pose_matrix-output-array" count="13" stride="16">
              <param name="TRANSFORM" type="float4x4" />
            </accessor>
          </technique_common>
        </source>
        <source id="die__Armature_Die_leg_back_upper_L_pose_matrix-interpolation">
          <Name_array id="die__Armature_Die_leg_back_upper_L_pose_matrix-interpolation-array" count="13">LINEAR LINEAR LINEAR LINEAR LINEAR LINEAR LINEAR LINEAR LINEAR LINEAR LINEAR LINEAR LINEAR</Name_array>
          <technique_common>
            <accessor source="#die__Armature_Die_leg_back_upper_L_pose_matrix-interpolation-array" count="13" stride="1">
              <param name="INTERPOLATION" type="name" />
            </accessor>
          </technique_common>
        </source>
        <sampler id="die__Armature_Die_leg_back_upper_L_pose_matrix-sampler">
          <input semantic="INPUT" source="#die__Armature_Die_leg_back_upper_L_pose_matrix-input" />
          <input semantic="OUTPUT" source="#die__Armature_Die_leg_back_upper_L_pose_matrix-output" />
          <input semantic="INTERPOLATION" source="#die__Armature_Die_leg_back_upper_L_pose_matrix-interpolation" />
        </sampler>
        <channel source="#die__Armature_Die_leg_back_upper_L_pose_matrix-sampler" target="Armature_leg_back_upper_L/transform" />
      </animation>
      <animation id="die__Armature_Die_leg_back_lower_L_pose_matrix" name="Armature">
        <source id="die__Armature_Die_leg_back_lower_L_pose_matrix-input">
          <float_array id="die__Armature_Die_leg_back_lower_L_pose_matrix-input-array" count="13">0.04166662 0.25 0.4583333 0.6666667 0.875 1.083333 1.291667 1.5 1.708333 1.916667 2.125 2.333333 2.5</float_array>
          <technique_common>
            <accessor source="#die__Armature_Die_leg_back_lower_L_pose_matrix-input-array" count="13" stride="1">
              <param name="TIME" type="float" />
            </accessor>
          </technique_common>
        </source>
        <source id="die__Armature_Die_leg_back_lower_L_pose_matrix-output">
          <float_array id="die__Armature_Die_leg_back_lower_L_pose_matrix-output-array" count="208">0.8618011 -0.4972126 -0.1003919 0 0.5067533 0.8526574 0.127187 0.1195141 0.02236095 -0.1604838 0.9867852 0 0 0 0 1 0.9390755 -0.3317563 -0.08986156 0 0.3410263 0.9319469 0.1231918 0.1195141 0.04287648 -0.1463316 0.9883059 0 0 0 0 1 0.9911702 -0.1072791 -0.07792678 0 0.1158566 0.9865291 0.1154881 0.1195141 0.06448758 -0.1234967 0.9902474 0 0 0 0 1 0.9852615 -0.1510119 -0.08034544 0 0.1596783 0.9803993 0.1154137 0.1195141 0.06134173 -0.126542 0.9900629 7.45058e-9 0 0 0 1 0.9471642 -0.308183 -0.08890161 0 0.3172082 0.941081 0.1172427 0.1195142 0.04753137 -0.1392484 0.9891161 -1.49012e-8 0 0 0 1 0.8825042 -0.4600112 -0.09785643 0 0.4694049 0.8744012 0.1228075 0.1195141 0.02907297 -0.1543124 0.9875941 7.45058e-9 0 0 0 1 0.8450623 -0.5234797 -0.1088063 7.45058e-9 0.5346614 0.8283825 0.1670921 0.1195141 0.002663985 -0.1993778 0.9799191 -1.49012e-8 0 0 0 1 0.8406013 -0.5259184 -0.129613 -1.49012e-8 0.5400172 0.7951211 0.2759786 0.1195142 -0.04208422 -0.3019812 0.9523845 0 0 0 0 1 0.8432202 -0.5214102 -0.1308106 -1.49012e-8 0.5355656 0.7938411 0.2880728 0.1195142 -0.04636127 -0.3129664 0.9486319 -1.49012e-8 0 0 0 1 0.8526158 -0.5078639 -0.1229664 0 0.5212252 0.8099151 0.269002 0.1195142 -0.03702406 -0.2934485 0.9552576 1.49012e-8 0 0 0 1 0.8640977 -0.4903448 -0.1135669 0 0.5026634 0.8291503 0.2446208 0.1195141 -0.02578454 -0.2684622 0.9629452 1.67638e-8 0 0 0 1 0.8718241 -0.4779073 -0.107367 0 0.4894761 0.8418201 0.2274915 0.1195142 -0.01833612 -0.2508861 0.9678429 -5.58794e-9 0 0 0 1 0.8726646 -0.4765204 -0.1066989 -1.49012e-8 0.4880052 0.8431844 0.2255903 0.1195141 -0.01753157 -0.2489342 0.9683616 -1.21072e-8 0 0 0 1</float_array>
          <technique_common>
            <accessor source="#die__Armature_Die_leg_back_lower_L_pose_matrix-output-array" count="13" stride="16">
              <param name="TRANSFORM" type="float4x4" />
            </accessor>
          </technique_common>
        </source>
        <source id="die__Armature_Die_leg_back_lower_L_pose_matrix-interpolation">
          <Name_array id="die__Armature_Die_leg_back_lower_L_pose_matrix-interpolation-array" count="13">LINEAR LINEAR LINEAR LINEAR LINEAR LINEAR LINEAR LINEAR LINEAR LINEAR LINEAR LINEAR LINEAR</Name_array>
          <technique_common>
            <accessor source="#die__Armature_Die_leg_back_lower_L_pose_matrix-interpolation-array" count="13" stride="1">
              <param name="INTERPOLATION" type="name" />
            </accessor>
          </technique_common>
        </source>
        <sampler id="die__Armature_Die_leg_back_lower_L_pose_matrix-sampler">
          <input semantic="INPUT" source="#die__Armature_Die_leg_back_lower_L_pose_matrix-input" />
          <input semantic="OUTPUT" source="#die__Armature_Die_leg_back_lower_L_pose_matrix-output" />
          <input semantic="INTERPOLATION" source="#die__Armature_Die_leg_back_lower_L_pose_matrix-interpolation" />
        </sampler>
        <channel source="#die__Armature_Die_leg_back_lower_L_pose_matrix-sampler" target="Armature_leg_back_lower_L/transform" />
      </animation>
      <animation id="die__Armature_Die_leg_back_foot_L_pose_matrix" name="Armature">
        <source id="die__Armature_Die_leg_back_foot_L_pose_matrix-input">
          <float_array id="die__Armature_Die_leg_back_foot_L_pose_matrix-input-array" count="13">0.04166662 0.25 0.4583333 0.6666667 0.875 1.083333 1.291667 1.5 1.708333 1.916667 2.125 2.333333 2.5</float_array>
          <technique_common>
            <accessor source="#die__Armature_Die_leg_back_foot_L_pose_matrix-input-array" count="13" stride="1">
              <param name="TIME" type="float" />
            </accessor>
          </technique_common>
        </source>
        <source id="die__Armature_Die_leg_back_foot_L_pose_matrix-output">
          <float_array id="die__Armature_Die_leg_back_foot_L_pose_matrix-output-array" count="208">0.03447492 0.9231933 -0.3827862 0 -0.1020301 -0.3777615 -0.9202641 0.149302 -0.9941839 0.07078181 0.08117019 0 0 0 0 1 0.06178464 0.9561587 -0.2862574 0 -0.06956959 -0.2819822 -0.9568941 0.1493021 -0.9956621 0.07903623 0.04909741 0 0 0 0 1 0.09119872 0.9830266 -0.1591903 -2.98023e-8 -0.0248466 -0.1575605 -0.9871968 0.1493019 -0.9955229 0.09398653 0.01005557 0 0 0 0 1 0.09180544 0.9816625 -0.1670645 2.98023e-8 -0.02479783 -0.1654672 -0.9859036 0.149302 -0.9954683 0.09465425 0.009152368 0 0 0 0 1 0.08394878 0.9710096 -0.2238148 0 -0.03953005 -0.2211856 -0.9744303 0.149302 -0.9956858 0.09064976 0.01981583 1.49012e-8 0 0 0 1 0.05564482 0.9430611 -0.3279321 -1.49012e-8 -0.07820079 -0.3233157 -0.9430545 0.149302 -0.9953837 0.07812073 0.05575729 1.49012e-8 0 0 0 1 -0.1585384 0.8686983 -0.4692855 -1.49012e-8 -0.06334469 -0.4832665 -0.8731788 0.149302 -0.985319 -0.1087055 0.1316437 0 0 0 0 1 -0.625386 0.5688911 -0.5340928 -1.49012e-8 0.1811373 -0.5599222 -0.8085027 0.149302 -0.7590007 -0.6023704 0.2471201 2.98023e-8 0 0 0 1 -0.6520713 0.5527616 -0.5189005 -1.49012e-8 0.1758856 -0.5554585 -0.8127302 0.149302 -0.7374738 -0.621225 0.2649757 0 0 0 0 1 -0.4732915 0.7582013 -0.4484704 0 -0.00982815 -0.5136146 -0.8579648 0.149302 -0.8808511 -0.4016598 0.2505412 3.72529e-9 0 0 0 1 -0.1657689 0.9222611 -0.3492209 3.72529e-9 -0.2136777 -0.3792983 -0.9002638 0.149302 -0.9627371 -0.07461491 0.2599425 -7.45058e-9 0 0 0 1 0.06691113 0.9568079 -0.2829161 -1.86265e-9 -0.3153086 -0.2487434 -0.9158096 0.149302 -0.9466275 0.1504838 0.2850462 -1.86265e-8 0 0 0 1 0.09223218 0.9567043 -0.2760618 -7.45058e-9 -0.3241055 -0.233302 -0.9168019 0.149302 -0.9415143 0.1740319 0.2885552 3.72529e-9 0 0 0 1</float_array>
          <technique_common>
            <accessor source="#die__Armature_Die_leg_back_foot_L_pose_matrix-output-array" count="13" stride="16">
              <param name="TRANSFORM" type="float4x4" />
            </accessor>
          </technique_common>
        </source>
        <source id="die__Armature_Die_leg_back_foot_L_pose_matrix-interpolation">
          <Name_array id="die__Armature_Die_leg_back_foot_L_pose_matrix-interpolation-array" count="13">LINEAR LINEAR LINEAR LINEAR LINEAR LINEAR LINEAR LINEAR LINEAR LINEAR LINEAR LINEAR LINEAR</Name_array>
          <technique_common>
            <accessor source="#die__Armature_Die_leg_back_foot_L_pose_matrix-interpolation-array" count="13" stride="1">
              <param name="INTERPOLATION" type="name" />
            </accessor>
          </technique_common>
        </source>
        <sampler id="die__Armature_Die_leg_back_foot_L_pose_matrix-sampler">
          <input semantic="INPUT" source="#die__Armature_Die_leg_back_foot_L_pose_matrix-input" />
          <input semantic="OUTPUT" source="#die__Armature_Die_leg_back_foot_L_pose_matrix-output" />
          <input semantic="INTERPOLATION" source="#die__Armature_Die_leg_back_foot_L_pose_matrix-interpolation" />
        </sampler>
        <channel source="#die__Armature_Die_leg_back_foot_L_pose_matrix-sampler" target="Armature_leg_back_foot_L/transform" />
      </animation>
      <animation id="die__Armature_Die_leg_back_hip_R_pose_matrix" name="Armature">
        <source id="die__Armature_Die_leg_back_hip_R_pose_matrix-input">
          <float_array id="die__Armature_Die_leg_back_hip_R_pose_matrix-input-array" count="13">0.04166662 0.25 0.4583333 0.6666667 0.875 1.083333 1.291667 1.5 1.708333 1.916667 2.125 2.333333 2.5</float_array>
          <technique_common>
            <accessor source="#die__Armature_Die_leg_back_hip_R_pose_matrix-input-array" count="13" stride="1">
              <param name="TIME" type="float" />
            </accessor>
          </technique_common>
        </source>
        <source id="die__Armature_Die_leg_back_hip_R_pose_matrix-output">
          <float_array id="die__Armature_Die_leg_back_hip_R_pose_matrix-output-array" count="208">-0.06415328 -0.8316929 -0.5515173 8.73115e-11 0.8300492 0.2623255 -0.4921417 0.1554319 0.5539879 -0.489359 0.6735171 2.32831e-9 0 0 0 1 -0.0641533 -0.8316929 -0.5515174 0 0.8300493 0.2623256 -0.4921418 0.1554319 0.5539879 -0.4893591 0.6735171 -2.32831e-9 0 0 0 1 -0.06415331 -0.8316929 -0.5515174 0 0.8300493 0.2623256 -0.4921418 0.1554319 0.5539879 -0.489359 0.6735171 -9.31323e-10 0 0 0 1 -0.06415327 -0.8316929 -0.5515174 3.72529e-9 0.8300492 0.2623255 -0.4921418 0.1554319 0.5539879 -0.489359 0.673517 1.86265e-9 0 0 0 1 -0.06415332 -0.8316929 -0.5515174 0 0.8300493 0.2623255 -0.4921418 0.1554319 0.5539879 -0.489359 0.6735171 4.19095e-9 0 0 0 1 -0.0641533 -0.8316929 -0.5515174 4.65661e-10 0.8300493 0.2623255 -0.4921418 0.1554319 0.5539879 -0.489359 0.673517 -5.58794e-9 0 0 0 1 -0.06639599 -0.8241467 -0.5624713 0 0.8281012 0.2689619 -0.4918414 0.1554319 0.5566328 -0.4984393 0.6646189 4.19095e-9 0 0 0 1 -0.07896693 -0.7818034 -0.6185044 -9.31323e-10 0.8178307 0.3039621 -0.4886306 0.1554319 0.5700151 -0.5444175 0.6153799 -2.32831e-10 0 0 0 1 -0.1005018 -0.7091292 -0.6978794 1.86265e-9 0.8022467 0.3571146 -0.4784031 0.1554319 0.5884722 -0.6079516 0.5330058 -2.79397e-9 0 0 0 1 -0.1269992 -0.619534 -0.7746281 -1.11759e-8 0.7856021 0.4139473 -0.4598661 0.1554319 0.605558 -0.6669521 0.4341362 1.11759e-8 0 0 0 1 -0.1518481 -0.5353826 -0.8308476 8.3819e-9 0.7718992 0.4607908 -0.4379995 0.1554319 0.6173443 -0.7078398 0.3432912 -7.45058e-9 0 0 0 1 -0.1670063 -0.4839976 -0.8589849 3.72529e-9 0.764285 0.4868439 -0.4229081 0.1554319 0.6228783 -0.7271376 0.2886061 7.45058e-9 0 0 0 1 -0.1685698 -0.4786956 -0.8616465 3.72529e-9 0.7635287 0.4894327 -0.4212832 0.1554319 0.6233844 -0.7289075 0.2829943 7.45058e-9 0 0 0 1</float_array>
          <technique_common>
            <accessor source="#die__Armature_Die_leg_back_hip_R_pose_matrix-output-array" count="13" stride="16">
              <param name="TRANSFORM" type="float4x4" />
            </accessor>
          </technique_common>
        </source>
        <source id="die__Armature_Die_leg_back_hip_R_pose_matrix-interpolation">
          <Name_array id="die__Armature_Die_leg_back_hip_R_pose_matrix-interpolation-array" count="13">LINEAR LINEAR LINEAR LINEAR LINEAR LINEAR LINEAR LINEAR LINEAR LINEAR LINEAR LINEAR LINEAR</Name_array>
          <technique_common>
            <accessor source="#die__Armature_Die_leg_back_hip_R_pose_matrix-interpolation-array" count="13" stride="1">
              <param name="INTERPOLATION" type="name" />
            </accessor>
          </technique_common>
        </source>
        <sampler id="die__Armature_Die_leg_back_hip_R_pose_matrix-sampler">
          <input semantic="INPUT" source="#die__Armature_Die_leg_back_hip_R_pose_matrix-input" />
          <input semantic="OUTPUT" source="#die__Armature_Die_leg_back_hip_R_pose_matrix-output" />
          <input semantic="INTERPOLATION" source="#die__Armature_Die_leg_back_hip_R_pose_matrix-interpolation" />
        </sampler>
        <channel source="#die__Armature_Die_leg_back_hip_R_pose_matrix-sampler" target="Armature_leg_back_hip_R/transform" />
      </animation>
      <animation id="die__Armature_Die_leg_back_upper_R_pose_matrix" name="Armature">
        <source id="die__Armature_Die_leg_back_upper_R_pose_matrix-input">
          <float_array id="die__Armature_Die_leg_back_upper_R_pose_matrix-input-array" count="13">0.04166662 0.25 0.4583333 0.6666667 0.875 1.083333 1.291667 1.5 1.708333 1.916667 2.125 2.333333 2.5</float_array>
          <technique_common>
            <accessor source="#die__Armature_Die_leg_back_upper_R_pose_matrix-input-array" count="13" stride="1">
              <param name="TIME" type="float" />
            </accessor>
          </technique_common>
        </source>
        <source id="die__Armature_Die_leg_back_upper_R_pose_matrix-output">
          <float_array id="die__Armature_Die_leg_back_upper_R_pose_matrix-output-array" count="208">0.8965525 -0.4045449 0.1803799 1.49012e-8 0.1730765 0.6948198 0.6980473 0.112305 -0.4077231 -0.5946166 0.6929595 -3.72529e-9 0 0 0 1 0.7711525 -0.4408269 0.4593425 1.49012e-8 0.316117 0.8914015 0.3247667 0.112305 -0.5526245 -0.1052388 0.8267593 -7.45058e-9 0 0 0 1 0.7838026 -0.1227514 0.6087571 -1.49012e-8 0.3170149 0.922011 -0.2222545 0.112305 -0.5339987 0.3671887 0.7615888 -7.45058e-9 0 0 0 1 0.7838027 -0.1227514 0.6087571 0 0.3170149 0.9220111 -0.2222545 0.112305 -0.5339987 0.3671889 0.761589 7.45058e-9 0 0 0 1 0.8016062 -0.2593049 0.5386914 7.45058e-9 0.2703415 0.9608778 0.06024376 0.112305 -0.5332381 0.0973388 0.8403465 -7.45058e-9 0 0 0 1 0.8707128 -0.4209378 0.2543038 0 0.1846217 0.7590542 0.6243008 0.112305 -0.4558222 -0.496637 0.7386324 -7.45058e-9 0 0 0 1 0.9265367 -0.355372 0.1234519 -7.45058e-9 0.1632103 0.6753668 0.7191955 0.112305 -0.3389572 -0.6462125 0.6837525 -7.45058e-9 0 0 0 1 0.9591393 -0.2781651 0.05172719 0 0.1485935 0.6508201 0.7445488 0.112305 -0.2407726 -0.70644 0.6655606 0 0 0 0 1 0.9770853 -0.2128027 0.004365601 -1.49012e-8 0.1349619 0.6352787 0.7603987 0.112305 -0.1645883 -0.7423854 0.6494417 -3.72529e-9 0 0 0 1 0.9863596 -0.1628225 -0.02415606 -1.49012e-8 0.1223397 0.6269773 0.7693715 0.112305 -0.1101257 -0.7618324 0.6383446 -3.72529e-9 0 0 0 1 0.990791 -0.1297029 -0.0388592 -2.23517e-8 0.1119954 0.6237713 0.7735415 0.112305 -0.07609124 -0.7707702 0.6325532 -7.45058e-9 0 0 0 1 0.9925046 -0.1139614 -0.04412795 0 0.1060178 0.623331 0.7747381 0.112305 -0.06078389 -0.7736096 0.6307406 0 0 0 0 1 0.9926483 -0.1125624 -0.04448554 0 0.1054097 0.6233692 0.7747902 0.112305 -0.05948126 -0.7737834 0.6306515 -3.72529e-9 0 0 0 1</float_array>
          <technique_common>
            <accessor source="#die__Armature_Die_leg_back_upper_R_pose_matrix-output-array" count="13" stride="16">
              <param name="TRANSFORM" type="float4x4" />
            </accessor>
          </technique_common>
        </source>
        <source id="die__Armature_Die_leg_back_upper_R_pose_matrix-interpolation">
          <Name_array id="die__Armature_Die_leg_back_upper_R_pose_matrix-interpolation-array" count="13">LINEAR LINEAR LINEAR LINEAR LINEAR LINEAR LINEAR LINEAR LINEAR LINEAR LINEAR LINEAR LINEAR</Name_array>
          <technique_common>
            <accessor source="#die__Armature_Die_leg_back_upper_R_pose_matrix-interpolation-array" count="13" stride="1">
              <param name="INTERPOLATION" type="name" />
            </accessor>
          </technique_common>
        </source>
        <sampler id="die__Armature_Die_leg_back_upper_R_pose_matrix-sampler">
          <input semantic="INPUT" source="#die__Armature_Die_leg_back_upper_R_pose_matrix-input" />
          <input semantic="OUTPUT" source="#die__Armature_Die_leg_back_upper_R_pose_matrix-output" />
          <input semantic="INTERPOLATION" source="#die__Armature_Die_leg_back_upper_R_pose_matrix-interpolation" />
        </sampler>
        <channel source="#die__Armature_Die_leg_back_upper_R_pose_matrix-sampler" target="Armature_leg_back_upper_R/transform" />
      </animation>
      <animation id="die__Armature_Die_leg_back_lower_R_pose_matrix" name="Armature">
        <source id="die__Armature_Die_leg_back_lower_R_pose_matrix-input">
          <float_array id="die__Armature_Die_leg_back_lower_R_pose_matrix-input-array" count="13">0.04166662 0.25 0.4583333 0.6666667 0.875 1.083333 1.291667 1.5 1.708333 1.916667 2.125 2.333333 2.5</float_array>
          <technique_common>
            <accessor source="#die__Armature_Die_leg_back_lower_R_pose_matrix-input-array" count="13" stride="1">
              <param name="TIME" type="float" />
            </accessor>
          </technique_common>
        </source>
        <source id="die__Armature_Die_leg_back_lower_R_pose_matrix-output">
          <float_array id="die__Armature_Die_leg_back_lower_R_pose_matrix-output-array" count="208">0.9095553 0.3989839 0.1162804 0 -0.4128097 0.8996695 0.1420682 0.1195142 -0.04793106 -0.1772206 0.9830033 0 0 0 0 1 0.7213323 0.6583825 0.2149705 7.45058e-9 -0.6500124 0.5364034 0.5382891 0.1195141 0.2390892 -0.5280188 0.8148819 0 0 0 0 1 0.7586883 0.6166487 0.2100864 0 -0.6334374 0.6229757 0.4589753 0.1195141 0.1521478 -0.4812958 0.8632527 -1.49012e-8 0 0 0 1 0.6672139 0.6556664 0.3534503 0 -0.7416046 0.5403851 0.3975004 0.1195142 0.06962836 -0.5273381 0.8467976 7.45058e-9 0 0 0 1 0.7470256 0.6005939 0.2850259 -1.49012e-8 -0.6647506 0.6698642 0.3307398 0.1195141 0.007711649 -0.4365423 0.8996506 2.98023e-8 0 0 0 1 0.8920863 0.4283121 0.1439819 0 -0.4483676 0.8786102 0.1643492 0.1195142 -0.05611116 -0.2111705 0.9758372 0 0 0 0 1 0.9114358 0.4007092 0.09336305 1.49012e-8 -0.4109622 0.8975805 0.1595598 0.1195141 -0.01986381 -0.1837972 0.9827634 0 0 0 0 1 0.9097692 0.4106659 0.06061012 0 -0.4136919 0.8848576 0.2142111 0.1195141 0.03433789 -0.2199566 0.9749051 -1.49012e-8 0 0 0 1 0.9035524 0.427 0.03555783 -1.49012e-8 -0.418501 0.861666 0.2870345 0.1195142 0.0919247 -0.2742316 0.95726 0 0 0 0 1 0.8949991 0.4456715 0.01880302 0 -0.4216341 0.8314633 0.3617925 0.1195141 0.1456065 -0.3317319 0.932069 0 0 0 0 1 0.8868124 0.4620279 0.009689137 -1.49012e-8 -0.4222812 0.80165 0.4231263 0.1195141 0.1877288 -0.3793252 0.9060189 -1.49012e-8 0 0 0 1 0.8818195 0.4715449 0.006327281 -2.98023e-8 -0.4218514 0.7827503 0.4575407 0.1195141 0.2107982 -0.4061374 0.8891662 7.45058e-9 0 0 0 1 0.8813068 0.4725055 0.006084733 2.98023e-8 -0.4217859 0.7807696 0.4609724 0.1195142 0.2130612 -0.4088244 0.8873935 -3.72529e-9 0 0 0 1</float_array>
          <technique_common>
            <accessor source="#die__Armature_Die_leg_back_lower_R_pose_matrix-output-array" count="13" stride="16">
              <param name="TRANSFORM" type="float4x4" />
            </accessor>
          </technique_common>
        </source>
        <source id="die__Armature_Die_leg_back_lower_R_pose_matrix-interpolation">
          <Name_array id="die__Armature_Die_leg_back_lower_R_pose_matrix-interpolation-array" count="13">LINEAR LINEAR LINEAR LINEAR LINEAR LINEAR LINEAR LINEAR LINEAR LINEAR LINEAR LINEAR LINEAR</Name_array>
          <technique_common>
            <accessor source="#die__Armature_Die_leg_back_lower_R_pose_matrix-interpolation-array" count="13" stride="1">
              <param name="INTERPOLATION" type="name" />
            </accessor>
          </technique_common>
        </source>
        <sampler id="die__Armature_Die_leg_back_lower_R_pose_matrix-sampler">
          <input semantic="INPUT" source="#die__Armature_Die_leg_back_lower_R_pose_matrix-input" />
          <input semantic="OUTPUT" source="#die__Armature_Die_leg_back_lower_R_pose_matrix-output" />
          <input semantic="INTERPOLATION" source="#die__Armature_Die_leg_back_lower_R_pose_matrix-interpolation" />
        </sampler>
        <channel source="#die__Armature_Die_leg_back_lower_R_pose_matrix-sampler" target="Armature_leg_back_lower_R/transform" />
      </animation>
      <animation id="die__Armature_Die_leg_back_foot_R_pose_matrix" name="Armature">
        <source id="die__Armature_Die_leg_back_foot_R_pose_matrix-input">
          <float_array id="die__Armature_Die_leg_back_foot_R_pose_matrix-input-array" count="13">0.04166662 0.25 0.4583333 0.6666667 0.875 1.083333 1.291667 1.5 1.708333 1.916667 2.125 2.333333 2.5</float_array>
          <technique_common>
            <accessor source="#die__Armature_Die_leg_back_foot_R_pose_matrix-input-array" count="13" stride="1">
              <param name="TIME" type="float" />
            </accessor>
          </technique_common>
        </source>
        <source id="die__Armature_Die_leg_back_foot_R_pose_matrix-output">
          <float_array id="die__Armature_Die_leg_back_foot_R_pose_matrix-output-array" count="208">-0.002715327 -0.9342067 0.3567214 2.98023e-8 0.06990912 -0.3560273 -0.9318568 0.149302 0.9975495 0.0224076 0.06627632 2.98023e-8 0 0 0 1 -0.0785788 -0.8475637 0.5248437 -1.49012e-8 0.06467957 -0.5296967 -0.8457174 0.149302 0.9948073 -0.03250894 0.09644301 0 0 0 0 1 0.1926911 -0.8468845 0.4956373 -2.98023e-8 0.6485746 -0.2691191 -0.7119871 0.149302 0.7363565 0.4586511 0.497411 -2.98023e-8 0 0 0 1 0.2304896 -0.8343745 0.5006928 1.49012e-8 0.6603063 -0.2438387 -0.7103086 0.1493021 0.7147518 0.4943292 0.4947405 2.98023e-8 0 0 0 1 0.197731 -0.8652056 0.4607839 -1.49012e-8 0.5210499 -0.3053919 -0.7970213 0.1493021 0.8303068 0.3976871 0.3904299 -2.98023e-8 0 0 0 1 0.05860559 -0.921119 0.3848445 -1.49012e-8 0.1599671 -0.3718601 -0.9144018 0.149302 0.9853811 0.1151514 0.1255557 0 0 0 0 1 -0.08090188 -0.9480143 0.3077722 0 0.00177601 -0.3089209 -0.951086 0.149302 0.9967204 -0.07639822 0.02667597 0 0 0 0 1 -0.1848345 -0.9600832 0.2099436 1.49012e-8 -0.07287626 -0.1996465 -0.9771543 0.1493021 0.9800639 -0.1959118 -0.03306577 0 0 0 0 1 -0.2594685 -0.9604726 0.100839 0 -0.1080241 -0.07489565 -0.9913231 0.1493021 0.9596909 -0.2681103 -0.08432115 0 0 0 0 1 -0.3080478 -0.9513557 -0.005372196 2.98023e-8 -0.1166632 0.04337841 -0.9922239 0.149302 0.9441906 -0.3050257 -0.124351 0 0 0 0 1 -0.3344059 -0.9379492 -0.09178323 -7.45058e-9 -0.1119932 0.1362499 -0.984324 0.1493021 0.9357511 -0.3188846 -0.1506068 1.49012e-8 0 0 0 1 -0.3440498 -0.928377 -0.1405193 2.23517e-8 -0.1056972 0.1869977 -0.9766575 0.149302 0.9329832 -0.3211665 -0.1624633 1.49012e-8 0 0 0 1 -0.3447113 -0.9273807 -0.1453933 -1.49012e-8 -0.1048966 0.1919716 -0.9757785 0.149302 0.9328294 -0.3211108 -0.1634539 0 0 0 0 1</float_array>
          <technique_common>
            <accessor source="#die__Armature_Die_leg_back_foot_R_pose_matrix-output-array" count="13" stride="16">
              <param name="TRANSFORM" type="float4x4" />
            </accessor>
          </technique_common>
        </source>
        <source id="die__Armature_Die_leg_back_foot_R_pose_matrix-interpolation">
          <Name_array id="die__Armature_Die_leg_back_foot_R_pose_matrix-interpolation-array" count="13">LINEAR LINEAR LINEAR LINEAR LINEAR LINEAR LINEAR LINEAR LINEAR LINEAR LINEAR LINEAR LINEAR</Name_array>
          <technique_common>
            <accessor source="#die__Armature_Die_leg_back_foot_R_pose_matrix-interpolation-array" count="13" stride="1">
              <param name="INTERPOLATION" type="name" />
            </accessor>
          </technique_common>
        </source>
        <sampler id="die__Armature_Die_leg_back_foot_R_pose_matrix-sampler">
          <input semantic="INPUT" source="#die__Armature_Die_leg_back_foot_R_pose_matrix-input" />
          <input semantic="OUTPUT" source="#die__Armature_Die_leg_back_foot_R_pose_matrix-output" />
          <input semantic="INTERPOLATION" source="#die__Armature_Die_leg_back_foot_R_pose_matrix-interpolation" />
        </sampler>
        <channel source="#die__Armature_Die_leg_back_foot_R_pose_matrix-sampler" target="Armature_leg_back_foot_R/transform" />
      </animation>
    </animation>
  </library_animations><library_animation_clips><animation_clip id="idle" start="0" end="4.25"><instance_animation url="#idle__Armature_Idle_base_pose_matrix" /><instance_animation url="#idle__Armature_Idle_neck1_pose_matrix" /><instance_animation url="#idle__Armature_Idle_neck3_pose_matrix" /><instance_animation url="#idle__Armature_Idle_jaw_lower_pose_matrix" /><instance_animation url="#idle__Armature_Idle_leg_front_shoulder_L_pose_matrix" /><instance_animation url="#idle__Armature_Idle_leg_front_upper_L_pose_matrix" /><instance_animation url="#idle__Armature_Idle_leg_front_lower_L_pose_matrix" /><instance_animation url="#idle__Armature_Idle_leg_front_foot_L_pose_matrix" /><instance_animation url="#idle__Armature_Idle_wing_lower_L_pose_matrix" /><instance_animation url="#idle__Armature_Idle_wing_upper_L_pose_matrix" /><instance_animation url="#idle__Armature_Idle_leg_front_shoulder_R_pose_matrix" /><instance_animation url="#idle__Armature_Idle_leg_front_upper_R_pose_matrix" /><instance_animation url="#idle__Armature_Idle_leg_front_lower_R_pose_matrix" /><instance_animation url="#idle__Armature_Idle_leg_front_foot_R_pose_matrix" /><instance_animation url="#idle__Armature_Idle_wing_lower_R_pose_matrix" /><instance_animation url="#idle__Armature_Idle_wing_upper_R_pose_matrix" /><instance_animation url="#idle__Armature_Idle_back2_pose_matrix" /><instance_animation url="#idle__Armature_Idle_tail1_pose_matrix" /><instance_animation url="#idle__Armature_Idle_tail2_pose_matrix" /><instance_animation url="#idle__Armature_Idle_tail3_pose_matrix" /><instance_animation url="#idle__Armature_Idle_leg_back_hip_L_pose_matrix" /><instance_animation url="#idle__Armature_Idle_leg_back_upper_L_pose_matrix" /><instance_animation url="#idle__Armature_Idle_leg_back_lower_L_pose_matrix" /><instance_animation url="#idle__Armature_Idle_leg_back_foot_L_pose_matrix" /><instance_animation url="#idle__Armature_Idle_leg_back_hip_R_pose_matrix" /><instance_animation url="#idle__Armature_Idle_leg_back_upper_R_pose_matrix" /><instance_animation url="#idle__Armature_Idle_leg_back_lower_R_pose_matrix" /><instance_animation url="#idle__Armature_Idle_leg_back_foot_R_pose_matrix" /></animation_clip><animation_clip id="walk" start="0" end="1.666667"><instance_animation url="#walk__Armature_Walk_base_pose_matrix" /><instance_animation url="#walk__Armature_Walk_neck1_pose_matrix" /><instance_animation url="#walk__Armature_Walk_neck2_pose_matrix" /><instance_animation url="#walk__Armature_Walk_neck3_pose_matrix" /><instance_animation url="#walk__Armature_Walk_jaw_upper_pose_matrix" /><instance_animation url="#walk__Armature_Walk_jaw_lower_pose_matrix" /><instance_animation url="#walk__Armature_Walk_tongue_pose_matrix" /><instance_animation url="#walk__Armature_Walk_leg_front_shoulder_L_pose_matrix" /><instance_animation url="#walk__Armature_Walk_leg_front_upper_L_pose_matrix" /><instance_animation url="#walk__Armature_Walk_leg_front_lower_L_pose_matrix" /><instance_animation url="#walk__Armature_Walk_leg_front_foot_L_pose_matrix" /><instance_animation url="#walk__Armature_Walk_wing_lower_L_pose_matrix" /><instance_animation url="#walk__Armature_Walk_wing_upper_L_pose_matrix" /><instance_animation url="#walk__Armature_Walk_leg_front_shoulder_R_pose_matrix" /><instance_animation url="#walk__Armature_Walk_leg_front_upper_R_pose_matrix" /><instance_animation url="#walk__Armature_Walk_leg_front_lower_R_pose_matrix" /><instance_animation url="#walk__Armature_Walk_leg_front_foot_R_pose_matrix" /><instance_animation url="#walk__Armature_Walk_wing_lower_R_pose_matrix" /><instance_animation url="#walk__Armature_Walk_wing_upper_R_pose_matrix" /><instance_animation url="#walk__Armature_Walk_back2_pose_matrix" /><instance_animation url="#walk__Armature_Walk_tail1_pose_matrix" /><instance_animation url="#walk__Armature_Walk_tail2_pose_matrix" /><instance_animation url="#walk__Armature_Walk_tail3_pose_matrix" /><instance_animation url="#walk__Armature_Walk_leg_back_hip_L_pose_matrix" /><instance_animation url="#walk__Armature_Walk_leg_back_upper_L_pose_matrix" /><instance_animation url="#walk__Armature_Walk_leg_back_lower_L_pose_matrix" /><instance_animation url="#walk__Armature_Walk_leg_back_foot_L_pose_matrix" /><instance_animation url="#walk__Armature_Walk_leg_back_hip_R_pose_matrix" /><instance_animation url="#walk__Armature_Walk_leg_back_upper_R_pose_matrix" /><instance_animation url="#walk__Armature_Walk_leg_back_lower_R_pose_matrix" /><instance_animation url="#walk__Armature_Walk_leg_back_foot_R_pose_matrix" /></animation_clip><animation_clip id="attack" start="0" end="1.708333"><instance_animation url="#attack__Armature_Attack_base_pose_matrix" /><instance_animation url="#attack__Armature_Attack_neck1_pose_matrix" /><instance_animation url="#attack__Armature_Attack_neck2_pose_matrix" /><instance_animation url="#attack__Armature_Attack_neck3_pose_matrix" /><instance_animation url="#attack__Armature_Attack_jaw_upper_pose_matrix" /><instance_animation url="#attack__Armature_Attack_jaw_lower_pose_matrix" /><instance_animation url="#attack__Armature_Attack_tongue_pose_matrix" /><instance_animation url="#attack__Armature_Attack_leg_front_shoulder_L_pose_matrix" /><instance_animation url="#attack__Armature_Attack_leg_front_upper_L_pose_matrix" /><instance_animation url="#attack__Armature_Attack_leg_front_lower_L_pose_matrix" /><instance_animation url="#attack__Armature_Attack_leg_front_foot_L_pose_matrix" /><instance_animation url="#attack__Armature_Attack_wing_lower_L_pose_matrix" /><instance_animation url="#attack__Armature_Attack_wing_upper_L_pose_matrix" /><instance_animation url="#attack__Armature_Attack_leg_front_shoulder_R_pose_matrix" /><instance_animation url="#attack__Armature_Attack_leg_front_upper_R_pose_matrix" /><instance_animation url="#attack__Armature_Attack_leg_front_lower_R_pose_matrix" /><instance_animation url="#attack__Armature_Attack_leg_front_foot_R_pose_matrix" /><instance_animation url="#attack__Armature_Attack_wing_lower_R_pose_matrix" /><instance_animation url="#attack__Armature_Attack_wing_upper_R_pose_matrix" /><instance_animation url="#attack__Armature_Attack_back1_pose_matrix" /><instance_animation url="#attack__Armature_Attack_back2_pose_matrix" /><instance_animation url="#attack__Armature_Attack_tail1_pose_matrix" /><instance_animation url="#attack__Armature_Attack_tail2_pose_matrix" /><instance_animation url="#attack__Armature_Attack_tail3_pose_matrix" /><instance_animation url="#attack__Armature_Attack_leg_back_hip_L_pose_matrix" /><instance_animation url="#attack__Armature_Attack_leg_back_upper_L_pose_matrix" /><instance_animation url="#attack__Armature_Attack_leg_back_lower_L_pose_matrix" /><instance_animation url="#attack__Armature_Attack_leg_back_foot_L_pose_matrix" /><instance_animation url="#attack__Armature_Attack_leg_back_hip_R_pose_matrix" /><instance_animation url="#attack__Armature_Attack_leg_back_upper_R_pose_matrix" /><instance_animation url="#attack__Armature_Attack_leg_back_lower_R_pose_matrix" /><instance_animation url="#attack__Armature_Attack_leg_back_foot_R_pose_matrix" /></animation_clip><animation_clip id="die" start="0" end="2.5"><instance_animation url="#die__Armature_Die_base_pose_matrix" /><instance_animation url="#die__Armature_Die_neck1_pose_matrix" /><instance_animation url="#die__Armature_Die_neck2_pose_matrix" /><instance_animation url="#die__Armature_Die_neck3_pose_matrix" /><instance_animation url="#die__Armature_Die_jaw_upper_pose_matrix" /><instance_animation url="#die__Armature_Die_jaw_lower_pose_matrix" /><instance_animation url="#die__Armature_Die_tongue_pose_matrix" /><instance_animation url="#die__Armature_Die_leg_front_shoulder_L_pose_matrix" /><instance_animation url="#die__Armature_Die_leg_front_upper_L_pose_matrix" /><instance_animation url="#die__Armature_Die_leg_front_lower_L_pose_matrix" /><instance_animation url="#die__Armature_Die_leg_front_foot_L_pose_matrix" /><instance_animation url="#die__Armature_Die_wing_lower_L_pose_matrix" /><instance_animation url="#die__Armature_Die_wing_upper_L_pose_matrix" /><instance_animation url="#die__Armature_Die_leg_front_shoulder_R_pose_matrix" /><instance_animation url="#die__Armature_Die_leg_front_upper_R_pose_matrix" /><instance_animation url="#die__Armature_Die_leg_front_lower_R_pose_matrix" /><instance_animation url="#die__Armature_Die_leg_front_foot_R_pose_matrix" /><instance_animation url="#die__Armature_Die_wing_lower_R_pose_matrix" /><instance_animation url="#die__Armature_Die_wing_upper_R_pose_matrix" /><instance_animation url="#die__Armature_Die_back2_pose_matrix" /><instance_animation url="#die__Armature_Die_tail1_pose_matrix" /><instance_animation url="#die__Armature_Die_tail2_pose_matrix" /><instance_animation url="#die__Armature_Die_tail3_pose_matrix" /><instance_animation url="#die__Armature_Die_leg_back_hip_L_pose_matrix" /><instance_animation url="#die__Armature_Die_leg_back_upper_L_pose_matrix" /><instance_animation url="#die__Armature_Die_leg_back_lower_L_pose_matrix" /><instance_animation url="#die__Armature_Die_leg_back_foot_L_pose_matrix" /><instance_animation url="#die__Armature_Die_leg_back_hip_R_pose_matrix" /><instance_animation url="#die__Armature_Die_leg_back_upper_R_pose_matrix" /><instance_animation url="#die__Armature_Die_leg_back_lower_R_pose_matrix" /><instance_animation url="#die__Armature_Die_leg_back_foot_R_pose_matrix" /></animation_clip></library_animation_clips><library_effects>
    <effect id="Material-effect">
      <profile_COMMON>
        <newparam sid="dragon_png-surface">
          <surface type="2D">
            <init_from>dragon_png</init_from>
          </surface>
        </newparam>
        <newparam sid="dragon_png-sampler">
          <sampler2D>
            <source>dragon_png-surface</source>
          </sampler2D>
        </newparam>
        <technique sid="common">
          <lambert>
            <diffuse>
              <texture texture="dragon_png-sampler" texcoord="UVMap" />
            </diffuse>
            <reflectivity>
              <float sid="specular">0</float>
            </reflectivity>
          </lambert>
        </technique>
      </profile_COMMON>
    </effect>
  </library_effects>
  <library_images>
    <image id="dragon_png" name="dragon_png">
      <init_from>dragon.png</init_from>
    </image>
  </library_images>
  <library_materials>
    <material id="Material-material" name="Material">
      <instance_effect url="#Material-effect" />
    </material>
  </library_materials>
  <library_geometries>
    <geometry id="dragon-mesh" name="dragon">
      <mesh>
        <source id="dragon-mesh-positions">
          <float_array id="dragon-mesh-positions-array" count="1899">0.02863651 -0.2267461 0.251188 0.03204834 -0.1856364 0.2485238 0.03426373 -0.1768601 0.2039849 0.03554481 -0.1721047 0.1646908 0.03741055 -0.1776109 0.1314034 0.03960132 -0.1923775 0.09286022 0.04576331 -0.2055422 0.04390525 0.05207568 -0.216054 0.00546205 0.06266933 -0.2076445 -0.03448283 0.0723949 -0.1942397 -0.07067811 0.03209167 -0.3076189 0.2664833 0.02778071 -0.2671114 0.2681272 0.04334372 -0.226746 0.257315 0.04786694 -0.1809745 0.2688479 0.03838825 -0.1835213 0.2895231 0.02527022 -0.1434205 0.2527451 0.03383541 -0.1468228 0.2264499 0.03851127 -0.1447325 0.1903806 0.04483401 -0.1415032 0.1129658 0.06629353 -0.121015 0.05619812 0.012663 -0.3221352 0.3164595 0.03307718 -0.3333879 0.2478026 0.0260052 -0.3741136 0.2326655 0.0331667 -0.3354461 0.2259038 0.04760789 -0.2878327 0.1863175 0.01179546 -0.3750147 0.2726101 0.0139144 -0.3436594 0.3014426 0.01029092 -0.3927345 0.2503852 0.03498381 -0.2766516 0.2526868 0.02443605 -0.3581837 0.2077976 0.02163702 -0.3559132 0.2666635 0.03814059 -0.3211342 0.2937539 0.03551024 -0.2794593 0.2941503 0.02856814 -0.3116074 0.2045661 0.03030985 -0.2866794 0.2165915 0.06275767 -0.3081595 0.2411711 0.05338793 -0.312124 0.3334347 0.05392676 -0.2962662 0.2462167 0.05392676 -0.3229362 0.2368462 0.03876179 -0.3018045 0.2874828 0.05822664 -0.1600174 0.4271113 0.04588609 -0.2542618 0.3727104 0.02977722 -0.2539907 0.3177328 0.02431768 -0.313325 0.3245602 0.06141513 -0.1711899 0.4062079 0.05249923 -0.2371079 0.363584 0.04619067 -0.2825549 0.3193503 0.03314095 -0.2305164 0.291123 0.03314089 -0.1861146 0.3228386 0.01949977 -0.1814293 0.314189 0.01792365 -0.238801 0.3226541 0.01459366 -0.2753266 0.239297 0.03928333 -0.2308768 0.2961686 0.009946465 -0.3617998 0.1821007 0.02185809 -0.3356704 0.1971176 0.04139453 -0.2938364 0.2474181 0.04000359 -0.3241835 0.2345135 0.02636903 -0.2803839 0.3250942 0.03951293 -0.2245817 0.3557915 0.05122792 -0.1752979 0.3951112 0.03399151 -0.2472354 0.367756 0.008400142 0.3300088 -0.03703868 0.008353054 0.3880208 -0.06983959 0.01254516 0.4343557 -0.09450161 0.04615002 0.1999415 -0.004696965 0.0713188 0.2022595 -0.0241481 0.1093804 -0.145437 -0.009685039 0.1130831 -0.0768156 0.02030861 0.06325292 -0.007892608 0.02889561 0.01488149 0.07611209 0.05137395 0.07442617 0.1945229 -0.1152079 0.0689392 0.1078293 -0.001181602 0.1113233 -0.01910233 -0.02727067 0.08183658 -0.1694532 -0.09695935 0.0900194 -0.1365703 -0.118632 0.09400093 -0.09817612 -0.1323877 0.09061837 -0.05361604 -0.1328314 0.08602219 -0.02446997 -0.1268527 0.07029223 0.02560144 -0.1171373 0.07632541 0.1287289 -0.1546764 0.04022324 0.2357689 -0.1143763 0.1058516 -0.1661387 -0.07500863 0.1072293 -0.0261141 -0.09456789 0.07099372 0.05846339 -0.05762743 0.07340735 0.04239302 -0.09403443 0.1178585 0.04627257 0.08656442 0.06992906 0.04763859 0.01280713 0.07175445 0.01079088 -0.0152179 0.03989654 0.03078645 0.03702914 0.1007397 0.07749956 0.04544556 0.06975364 0.04577022 -0.03514695 0.04789811 0.08517664 0.02053499 0.06893092 -0.1902177 0.02202141 0.07723909 -0.1900276 -0.00128448 0.06570804 -0.2092617 0.07391965 0.05007982 -0.1772411 0.07055878 0.07032793 -0.2222598 0.02294623 0.08132237 -0.2211384 -0.0167973 0.03493219 -0.05946278 0.05765283 0.05695903 -0.09132051 0.05068063 0.02971899 -0.0179851 0.05395722 0.01069098 0.5007371 -0.09234249 0.01062792 0.5128468 -0.09013855 0.01583272 0.6848897 -0.07047605 0.02110153 0.5853797 -0.08827352 0.01676529 0.6336766 -0.04365491 0.0206452 0.4334214 -0.1189975 0.0206452 0.4126621 -0.1137038 0.0271191 0.4179557 -0.133529 0.02255123 0.5071171 -0.1308304 0.0206452 0.4953882 -0.117648 0.0206452 0.521856 -0.1159874 0.01989215 0.5957908 -0.04936373 0.02455002 0.6498066 -0.02061212 0.02195513 0.6274487 0.004236817 0.05591124 0.6662688 -0.03825747 0.0385577 0.274924 -0.05547392 0.03333264 0.3354374 -0.1059192 0.03334993 0.3102771 -0.07249665 0.0206452 0.342288 -0.07997 0.03908318 0.2716025 -0.09284067 0.07782948 0.6243348 0.03419256 0.04806655 0.2474179 -0.09284079 0.04935866 0.2339243 -0.05547392 0.0605418 0.3219646 -0.05547392 0.05427533 0.3416652 -0.07249665 0.06856936 0.2692152 -0.05287897 0.04088556 0.4380923 -0.1137038 0.0362147 0.5140715 -0.117648 0.1499391 -0.1292836 -0.01550722 0.1695698 -0.1002551 -0.0631107 0.1204419 -0.1186452 -0.1777168 0.1180763 -0.154985 -0.2522156 0.1622484 -0.06685543 -0.02754139 0.1936078 0.01391965 0.03422427 0.1560286 -0.02277112 -0.01851058 0.1839831 -1.4928e-4 -0.02678227 0.1723043 -0.05468845 -0.05885493 0.1384493 -0.02168118 -0.08189785 0.1784673 -0.03557991 0.01606857 0.1821075 -0.01482069 0.06916856 0.1507778 -0.06921374 0.02210628 0.1524968 -0.2199204 -0.01892638 0.1558013 -0.2504757 -0.07965123 0.1488226 -0.1804997 -0.08189487 0.157745 -0.1438497 -0.06601703 0.1399113 -0.1806263 -0.1202155 0.1581355 -0.08645021 -0.1304185 0.1200683 -0.1856895 -0.080338 0.1193872 -0.1779988 -0.1118952 0.1573041 -0.02977728 -0.1155279 0.1365676 -0.01265084 -0.1231051 0.1398223 -0.03925597 -0.2029702 0.1498783 -0.05846405 -0.2210309 0.1310012 -0.04299259 -0.2359776 0.1500633 -0.06329345 -0.2364966 0.1613243 -0.07539427 -0.288291 0.1713531 -0.06153941 -0.1538256 0.1760697 -0.08928596 -0.262757 0.1338798 -0.187794 -0.2627396 0.1368384 -0.2209594 -0.2963582 0.1521371 -0.1903771 -0.2954189 0.170284 -0.2187934 -0.2932443 0.1740961 -0.1857435 -0.2954189 0.1942244 -0.200568 -0.2932443 0.191066 -0.1693611 -0.2954189 0.1251298 -0.1912456 -0.2954189 0.1048266 -0.2117604 -0.2963582 0.102557 -0.1811268 -0.2954189 0.1612095 -0.1839017 -0.2653825 0.1830294 -0.1767743 -0.2657666 0.1106156 -0.1846817 -0.2642872 0.17944 -0.1001076 -0.2965948 0.1064932 -0.08555126 -0.1831802 0.1006967 -0.1154014 -0.2647376 0.1117286 -0.05414068 -0.1773409 0.09944933 -0.08102405 -0.269097 0.1173601 -0.05752408 -0.2193701 0.1171935 -0.06271398 -0.2375345 0.1104798 -0.0302962 -0.1096116 0.1240653 -0.07539427 -0.288291 0.1124734 -0.1005401 -0.2965948 0.169555 -0.1013513 -0.297645 0.1285276 -0.1043708 -0.297645 0.1376148 -0.05078935 0.0123161 0.1621358 -0.154985 -0.2522156 0.1526587 -0.114619 -0.1777168 0.1014593 0.1098892 0.1269744 0.1061533 0.06353014 -0.0197525 0.1061637 0.03358548 -0.02303493 0.1068922 0.007914721 -0.06089377 0.1014516 0.02646356 -0.1071221 0.08702272 0.07254475 -0.138215 0.1016766 0.0597034 -0.1623605 0.1193903 0.1209377 -0.1819881 0.1371313 0.1651706 -0.2337851 0.1087864 0.1911559 0.1324646 0.1056395 0.171564 -0.01096844 0.1027525 0.2733146 0.0486232 0.1095305 0.1961646 -0.0792154 0.1084265 0.2693281 -0.05627465 0.1119923 0.1996641 -0.1303757 0.1111139 0.256615 -0.1209504 0.09097164 0.2142351 -0.1598403 0.09193056 0.2341648 -0.1668267 0.1491407 0.2383933 -0.1857726 0.1282811 0.2708125 -0.1869137 0.1499843 0.2449955 -0.2033042 0.1556223 0.2565555 -0.2637706 0.1749276 0.2291293 -0.2911518 0.1749416 0.1689033 -0.28892 0.1496244 0.1688808 -0.254023 0.1552149 0.141245 -0.288274 0.1539463 0.07965701 -0.07716047 0.1455703 0.09325581 -0.02706098 0.1463966 0.136324 -0.04738473 0.1382047 0.1722849 -0.12135 0.1478824 0.1366796 -0.1087906 0.1493284 0.1635001 -0.1554538 0.1685357 0.179943 -0.2377231 0.1489775 0.1986416 -0.1481618 0.1691939 0.2306014 -0.251402 0.1487909 0.1306614 -0.127672 0.1433966 0.1532884 -0.2901673 0.1316745 0.1319649 -0.2893177 0.1192034 0.1514179 -0.2912071 0.1059179 0.1315909 -0.2905324 0.09876555 0.1498435 -0.2922652 0.08531826 0.1384437 -0.2916303 0.07059264 0.1583037 -0.2934633 0.127213 0.1595602 -0.2550914 0.1023679 0.1614691 -0.2574216 0.08252817 0.1660824 -0.2622079 0.09845691 0.1658088 -0.2349628 0.08450394 0.1244634 -0.1843138 0.1046912 0.2405536 -0.1980497 0.1123384 0.2553388 -0.2629172 0.08098465 0.2051788 -0.2388086 0.07659715 0.1758046 -0.1598671 0.07407307 0.2213252 -0.2930309 0.06681597 -0.05595695 0.1010413 0.08023339 -0.06106376 0.1156699 0.07055491 -0.03784465 0.129381 0.08751732 -0.05016946 0.1441565 0.08383518 -0.02942144 0.1558781 0.102637 -0.04653859 0.1772035 0.1006735 -0.02110278 0.1877493 0.1307799 -0.0103718 0.2394164 0.09826976 0.07402378 0.2068709 0.09210026 0.1575753 0.1913145 0.08015775 0.1928469 0.1602991 0.08318275 0.1315231 0.1725701 0.07837235 0.07068759 0.1401538 0.05846518 0.07387441 0.0908842 0.0640856 0.02300065 0.1123338 0.04537403 -0.01280105 0.09215736 0.06602227 0.01854974 0.1741079 0.04318237 -0.01523768 0.1378176 0.07488179 0.02687364 0.167169 0.07860654 0.1304799 0.1796009 0.01050901 -0.3369259 0.2278462 -2.98023e-7 -0.2729079 0.2287329 -3.12924e-7 -0.2376783 0.2265102 -3.12924e-7 -0.2168816 0.2065496 -3.12924e-7 -0.2122932 0.2075923 -3.12924e-7 -0.2031162 0.185067 -3.12924e-7 -0.1968591 0.1798528 -3.12924e-7 -0.2051184 0.1458145 -3.12924e-7 -0.2016145 0.1380559 -3.12924e-7 -0.2156303 0.1115261 -3.12924e-7 -0.2106247 0.1050188 -3.12924e-7 -0.2326495 0.072232 -3.12924e-7 -0.2281444 0.06547439 -3.12924e-7 -0.2434116 0.03018474 -3.12924e-7 -0.2351523 0.0231769 -2.98023e-7 -0.2531725 -0.02127301 -3.12924e-7 -0.2471657 -0.02637875 -3.12924e-7 -0.2498688 -0.06782531 -3.12924e-7 -0.2444627 -0.07082867 -3.12924e-7 -0.2345516 -0.1116745 -3.12924e-7 -0.2279441 -0.1104731 -3.12924e-7 -0.2075212 -0.1510187 -3.12924e-7 -0.2015145 -0.145913 -3.12924e-7 -0.1690781 -0.175346 -3.12924e-7 -0.1645731 -0.1702402 -3.20375e-7 -0.1177205 -0.1951682 -3.20375e-7 -0.1126148 -0.1873594 -3.20375e-7 -0.06005573 -0.1885608 -3.20375e-7 -0.05885434 -0.1795507 -3.21306e-7 -0.01140105 -0.1693392 -3.21306e-7 -0.01140105 -0.1630321 -3.22238e-7 0.02433902 -0.1654348 -3.22238e-7 0.0246393 -0.1600288 -3.27826e-7 0.1420712 -0.1570774 -3.27826e-7 0.2388241 -0.1358914 -0.02863711 -0.2267461 0.251188 -0.032049 -0.1856364 0.2485238 -0.03426438 -0.1768601 0.2039849 -0.03554546 -0.1721047 0.1646908 -0.03741121 -0.1776109 0.1314034 -0.03960192 -0.1923775 0.09286022 -0.0457639 -0.2055422 0.04390525 -0.05207628 -0.216054 0.00546205 -0.06266993 -0.2076445 -0.03448283 -0.0723955 -0.1942397 -0.07067811 -0.03209227 -0.3076189 0.2664833 -0.0277813 -0.2671114 0.2681272 -0.04334431 -0.226746 0.257315 -0.04786759 -0.1809745 0.2688479 -3.20375e-7 -0.1181439 0.3157606 -3.12924e-7 -0.1247516 0.2843452 -3.12924e-7 -0.160095 0.3140306 -3.12924e-7 -0.1597346 0.3367362 -3.12924e-7 -0.1767459 0.3252754 -0.0383889 -0.1835213 0.2895231 -3.20375e-7 -0.08395373 0.2620002 -3.20375e-7 -0.1034877 0.2403759 -0.02527087 -0.1434205 0.2527451 -3.20375e-7 -0.08575582 0.2170218 -3.20375e-7 -0.1039202 0.1962624 -3.20375e-7 -0.08272838 0.1711783 -3.20375e-7 -0.0995953 0.1582037 -3.20375e-7 -0.1006765 0.1409043 -0.03383606 -0.1468228 0.2264499 -0.03851193 -0.1447325 0.1903806 -0.04483467 -0.1415032 0.1129658 -3.20375e-7 -0.08986437 0.133552 -3.20375e-7 -0.101974 0.1136577 -3.20375e-7 -0.0828725 0.09852075 -3.20375e-7 -0.08539533 0.07545483 -0.06629413 -0.121015 0.05619812 -3.12924e-7 -0.167952 0.3603067 -3.12924e-7 -0.2137954 0.335655 -0.0126636 -0.3221352 0.3164595 -2.98023e-7 -0.3739334 0.3180212 -2.98023e-7 -0.3595172 0.2949553 -2.98023e-7 -0.3706898 0.2834223 -2.98023e-7 -0.4070907 0.2917116 -2.98023e-7 -0.3902717 0.268946 -2.98023e-7 -0.4012641 0.2580739 -2.98023e-7 -0.4257717 0.2530883 -2.98023e-7 -0.4012641 0.2461806 -2.98023e-7 -0.3838446 0.2265386 -0.03307777 -0.3333879 0.2478026 -0.0260058 -0.3741136 0.2326655 -0.0331673 -0.3354461 0.2259038 -2.98023e-7 -0.3747623 0.2040494 -2.98023e-7 -0.3743298 0.1750729 -2.98023e-7 -0.3903318 0.1361491 -2.98023e-7 -0.3501827 0.1822088 -2.98023e-7 -0.3348895 0.3180212 -0.04760855 -0.2878327 0.1863175 -2.98023e-7 -0.2852378 0.2122666 -0.01179605 -0.3750147 0.2726101 -0.013915 -0.3436594 0.3014426 -2.98023e-7 -0.2521479 0.3342961 -0.01029151 -0.3927345 0.2503852 -0.0349844 -0.2766516 0.2526868 -0.02443665 -0.3581837 0.2077976 -0.02163761 -0.3559132 0.2666635 -0.03814119 -0.3211342 0.2937539 -0.03551083 -0.2794593 0.2941503 -0.0285688 -0.3116074 0.2045661 -0.03031045 -0.2866794 0.2165915 -0.06275826 -0.3081595 0.2411711 -0.05338853 -0.3121241 0.3334347 -0.05392736 -0.2962662 0.2462167 -0.05392736 -0.3229362 0.2368462 -0.03876239 -0.3018045 0.2874828 -0.05822724 -0.1600174 0.4271113 -0.04588669 -0.2542618 0.3727104 -0.02977782 -0.2539907 0.3177328 -0.02431827 -0.313325 0.3245602 -0.06141573 -0.1711899 0.4062079 -0.05249983 -0.2371079 0.363584 -0.04619127 -0.2825549 0.3193503 -0.03314155 -0.2305164 0.291123 -0.03314155 -0.1861146 0.3228386 -0.01950043 -0.1814293 0.314189 -0.01792424 -0.238801 0.3226541 -0.01459425 -0.2753266 0.239297 -0.03928393 -0.2308768 0.2961686 -0.009947121 -0.3617998 0.1821007 -0.02185875 -0.3356704 0.1971176 -0.04139518 -0.2938364 0.2474181 -0.04000425 -0.3241835 0.2345135 -0.02636963 -0.2803839 0.3250942 -2.98023e-7 -0.3732727 0.2473219 -2.98023e-7 -0.2615472 0.2866631 -2.98023e-7 -0.2792871 0.2353786 -2.98023e-7 -0.3556129 0.1939821 -0.03951352 -0.2245817 0.3557915 -0.05122852 -0.1752979 0.3951112 -0.03399211 -0.2472354 0.367756 -3.20375e-7 -0.05477523 0.0588473 -3.21306e-7 -0.008066892 0.05677127 -3.241e-7 0.05065149 0.06664371 -3.27826e-7 0.1315395 0.1460365 -3.27826e-7 0.1039088 0.05371975 -3.27826e-7 0.1595308 0.02634835 -3.27826e-7 0.2242299 0.02457368 -3.27826e-7 0.226721 0.009004235 -3.27826e-7 0.2935273 -0.01897525 -3.27826e-7 0.3596222 0.01161992 -0.008400857 0.3300088 -0.03703868 -3.27826e-7 0.3514014 -0.0519036 -3.27826e-7 0.4089462 -0.03322017 -0.008353769 0.3880208 -0.06983959 -3.27826e-7 0.4046283 -0.08237814 -3.27826e-7 0.4433237 -0.05862951 -0.01254588 0.4343557 -0.09450161 -3.27826e-7 0.4649964 -0.08030223 -3.27826e-7 0.4687331 -0.0974909 -0.04615074 0.1999415 -0.004696965 -0.07131952 0.2022595 -0.0241481 -0.1093811 -0.145437 -0.009685039 -0.1130837 -0.07681566 0.02030861 -0.06325352 -0.007892608 0.02889561 -0.01488214 0.07611209 0.05137395 -0.07442682 0.1945229 -0.1152079 -0.06893986 0.1078293 -0.001181602 -0.111324 -0.01910233 -0.02727067 -0.08183717 -0.1694532 -0.09695935 -0.09002006 -0.1365703 -0.118632 -0.09400159 -0.09817612 -0.1323877 -0.09061896 -0.05361604 -0.1328314 -0.08602279 -0.02446997 -0.1268527 -0.07029289 0.02560144 -0.1171373 -0.07632607 0.1287289 -0.1546764 -0.04022389 0.2357689 -0.1143763 -0.1058522 -0.1661387 -0.07500863 -0.10723 -0.0261141 -0.09456789 -0.07099437 0.05846339 -0.05762743 -0.07340794 0.04239302 -0.09403443 -0.1178592 0.04627257 0.08656442 -0.06992971 0.04763859 0.01280713 -0.07175511 0.01079088 -0.0152179 -0.0398972 0.03078645 0.03702914 -0.1007403 0.07749956 0.04544556 -0.06975424 0.04577022 -0.03514695 -0.04789876 0.08517664 0.02053499 -2.98023e-7 -0.3299424 0.1863607 -2.98023e-7 -0.3071071 0.2034871 -0.06893151 -0.1902177 0.02202141 -0.07723969 -0.1900276 -0.00128448 -0.06570869 -0.2092617 0.07391965 -0.05008041 -0.1772411 0.07055878 -0.07032853 -0.2222598 0.02294623 -0.08132296 -0.2211384 -0.0167973 -0.03493285 -0.05946278 0.05765283 -0.05695962 -0.09132051 0.05068063 -0.02971965 -0.0179851 0.05395722 -3.57628e-7 0.5059269 -0.03521287 -0.0106917 0.5007371 -0.09234249 -0.01062864 0.5128468 -0.09013855 -3.57628e-7 0.5435533 -0.0334829 -3.57628e-7 0.5478782 -0.08019137 -3.57628e-7 0.5908501 0.0344001 -3.57628e-7 0.6033056 -0.004835009 -3.57628e-7 0.6711887 0.1147387 -3.57628e-7 0.6817759 0.08671367 -3.57628e-7 0.6549963 0.00948894 -3.57628e-7 0.6819005 0.03340363 -3.57628e-7 0.6759217 -0.01741516 -3.57628e-7 0.7192672 0.01621496 -3.57628e-7 0.7125412 -0.03609859 -0.01583343 0.6848897 -0.07047605 -3.57628e-7 0.7065625 -0.09364342 -3.57628e-7 0.6542489 -0.1033587 -3.57628e-7 0.6326385 -0.08673048 -3.57628e-7 0.6221135 -0.1100847 -3.57628e-7 0.5250844 -0.1442131 -0.02110224 0.5853797 -0.08827352 -0.01676601 0.6336766 -0.04365491 -3.27826e-7 0.3101323 -0.1374483 -3.27826e-7 0.4167827 -0.155912 -0.02064591 0.4334214 -0.1189975 -0.02064591 0.4126621 -0.1137038 -0.02711981 0.4179557 -0.133529 -0.02255195 0.5071171 -0.1308304 -0.02064591 0.4953881 -0.117648 -0.02064591 0.521856 -0.1159874 -0.01989287 0.5957908 -0.04936373 -0.02455073 0.6498066 -0.02061212 -0.02195578 0.6274487 0.004236817 -0.05591195 0.6662688 -0.03825747 -0.03855836 0.274924 -0.05547392 -0.03333336 0.3354374 -0.1059192 -0.03335058 0.3102771 -0.07249665 -0.02064591 0.342288 -0.07997 -0.03908389 0.2716025 -0.09284067 -0.07783013 0.6243349 0.03419256 -0.04806721 0.2474179 -0.09284079 -0.04935932 0.2339243 -0.05547392 -0.06054252 0.3219646 -0.05547392 -0.05427598 0.3416652 -0.07249665 -0.06857001 0.2692152 -0.05287897 -0.04088622 0.4380923 -0.1137038 -0.03621542 0.5140715 -0.117648 -0.1499398 -0.1292836 -0.01550722 -0.1695704 -0.1002551 -0.0631107 -0.1204425 -0.1186452 -0.1777168 -0.118077 -0.154985 -0.2522156 -0.162249 -0.06685543 -0.02754139 -0.1936084 0.01391965 0.03422427 -0.1560292 -0.02277112 -0.01851058 -0.1839838 -1.49295e-4 -0.02678227 -0.1723049 -0.05468845 -0.05885493 -0.13845 -0.02168118 -0.08189785 -0.1784679 -0.03557991 0.01606857 -0.1821081 -0.01482069 0.06916856 -0.1507784 -0.06921374 0.02210628 -0.1524974 -0.2199204 -0.01892638 -0.1558019 -0.2504757 -0.07965123 -0.1488232 -0.1804997 -0.08189487 -0.1577456 -0.1438497 -0.06601703 -0.1399119 -0.1806263 -0.1202155 -0.1581361 -0.08645021 -0.1304185 -0.1200689 -0.1856895 -0.080338 -0.1193878 -0.1779988 -0.1118952 -0.1573047 -0.02977728 -0.1155279 -0.1365683 -0.01265084 -0.1231051 -0.1398229 -0.03925597 -0.2029702 -0.1498789 -0.05846405 -0.2210309 -0.1310018 -0.04299259 -0.2359776 -0.1500639 -0.06329345 -0.2364966 -0.1613249 -0.07539427 -0.288291 -0.1713537 -0.06153941 -0.1538256 -0.1760703 -0.08928596 -0.262757 -0.1338804 -0.187794 -0.2627396 -0.136839 -0.2209594 -0.2963582 -0.1521376 -0.1903771 -0.2954189 -0.1702846 -0.2187934 -0.2932443 -0.1740967 -0.1857435 -0.2954189 -0.194225 -0.200568 -0.2932443 -0.1910666 -0.1693611 -0.2954189 -0.1251304 -0.1912456 -0.2954189 -0.1048273 -0.2117604 -0.2963582 -0.1025576 -0.1811268 -0.2954189 -0.1612101 -0.1839017 -0.2653825 -0.18303 -0.1767743 -0.2657666 -0.1106162 -0.1846817 -0.2642872 -0.1794407 -0.1001076 -0.2965948 -0.1064938 -0.08555132 -0.1831802 -0.1006973 -0.1154014 -0.2647376 -0.1117292 -0.05414068 -0.1773409 -0.09944999 -0.08102411 -0.269097 -0.1173608 -0.05752408 -0.2193701 -0.1171941 -0.06271398 -0.2375345 -0.1104804 -0.0302962 -0.1096116 -0.1240659 -0.07539427 -0.288291 -0.1124741 -0.1005401 -0.2965948 -0.1695556 -0.1013513 -0.297645 -0.1285282 -0.1043708 -0.297645 -0.1376154 -0.05078935 0.0123161 -0.1621365 -0.154985 -0.2522156 -0.1526594 -0.114619 -0.1777168 -0.10146 0.1098892 0.1269744 -0.1061539 0.06353014 -0.0197525 -0.1061643 0.03358548 -0.02303493 -0.1068929 0.007914721 -0.06089377 -0.1014522 0.02646356 -0.1071221 -0.08702337 0.07254475 -0.138215 -0.1016772 0.0597034 -0.1623605 -0.119391 0.1209377 -0.1819881 -0.1371319 0.1651706 -0.2337851 -0.1087871 0.1911559 0.1324646 -0.1056402 0.1715641 -0.01096844 -0.1027532 0.2733145 0.0486232 -0.1095311 0.1961646 -0.0792154 -0.1084272 0.2693281 -0.05627465 -0.111993 0.1996642 -0.1303757 -0.1111146 0.256615 -0.1209504 -0.0909723 0.2142351 -0.1598403 -0.09193122 0.2341648 -0.1668267 -0.1491413 0.2383933 -0.1857726 -0.1282818 0.2708125 -0.1869137 -0.149985 0.2449955 -0.2033042 -0.155623 0.2565555 -0.2637706 -0.1749283 0.2291292 -0.2911518 -0.1749422 0.1689032 -0.28892 -0.149625 0.1688808 -0.254023 -0.1552155 0.141245 -0.288274 -0.1539469 0.07965701 -0.07716047 -0.1455709 0.09325581 -0.02706098 -0.1463972 0.136324 -0.04738473 -0.1382054 0.1722849 -0.12135 -0.147883 0.1366796 -0.1087906 -0.149329 0.1635001 -0.1554538 -0.1685363 0.179943 -0.2377231 -0.1489781 0.1986416 -0.1481618 -0.1691945 0.2306015 -0.251402 -0.1487915 0.1306614 -0.127672 -0.1433972 0.1532884 -0.2901673 -0.1316751 0.1319649 -0.2893177 -0.1192041 0.1514179 -0.2912071 -0.1059186 0.1315909 -0.2905324 -0.0987662 0.1498435 -0.2922652 -0.08531892 0.1384437 -0.2916303 -0.07059329 0.1583037 -0.2934633 -0.1272136 0.1595603 -0.2550914 -0.1023685 0.1614691 -0.2574216 -0.08252882 0.1660825 -0.2622079 -0.09845757 0.1658089 -0.2349628 -0.0845046 0.1244634 -0.1843138 -0.1046919 0.2405535 -0.1980497 -0.1123391 0.2553387 -0.2629172 -0.0809853 0.2051788 -0.2388086 -0.07659786 0.1758046 -0.1598671 -0.07407379 0.2213252 -0.2930309 -0.06681662 -0.05595695 0.1010413 -0.08023405 -0.06106376 0.1156699 -0.07055556 -0.03784465 0.129381 -0.08751797 -0.05016946 0.1441565 -0.08383584 -0.02942144 0.1558781 -0.1026377 -0.04653859 0.1772035 -0.1006741 -0.02110278 0.1877493 -0.1307805 -0.0103718 0.2394164 -0.09827041 0.07402378 0.2068709 -0.09210091 0.1575753 0.1913145 -0.08015841 0.192847 0.1602991 -0.0831834 0.1315231 0.1725701 -0.07837301 0.07068759 0.1401538 -0.05846583 0.07387441 0.0908842 -0.06408625 0.02300065 0.1123338 -0.04537469 -0.01280105 0.09215736 -0.06602293 0.01854974 0.1741079 -0.04318296 -0.01523768 0.1378176 -0.07488244 0.02687364 0.167169 -0.0786072 0.1304799 0.1796009 -0.01050961 -0.3369259 0.2278462 -2.98023e-7 -0.3405799 0.2355896 -2.98023e-7 -0.402055 0.2106136</float_array>
          <technique_common>
            <accessor source="#dragon-mesh-positions-array" count="633" stride="3">
              <param name="X" type="float" />
              <param name="Y" type="float" />
              <param name="Z" type="float" />
            </accessor>
          </technique_common>
        </source>
        <source id="dragon-mesh-normals">
          <float_array id="dragon-mesh-normals-array" count="3894">0 -0.8320539 -0.5546949 0.750342 -0.5500292 -0.3666812 0 -0.8320538 -0.5546949 0 -0.7926244 -0.6097104 0.7487161 -0.5254234 -0.4041715 0 -0.7926244 -0.6097105 0 -0.9113703 -0.4115875 0.7290166 -0.6238294 -0.28173 0 -0.9113703 -0.4115875 0 -0.6401845 -0.7682213 0.6749421 -0.4723734 -0.5668479 0 -0.6401845 -0.7682212 -1.56974e-7 0.2215965 -0.9751384 0.727744 0.151982 -0.6687975 -1.50587e-7 0.2215965 -0.9751384 2.16957e-7 -0.6469748 -0.7625116 0.6070867 -0.5141091 -0.6059189 0 -0.6469748 -0.7625116 3.39363e-7 -0.6476519 -0.7619364 0.6488847 -0.4927901 -0.579747 2.0251e-6 -0.6476519 -0.7619365 0 -0.4856413 -0.8741582 0.6210026 -0.3806497 -0.6851728 0 -0.4856414 -0.8741582 0.5626488 -0.8105581 -0.1625486 0 -0.9749535 -0.2224089 0 -0.9718006 -0.2358043 0.5325974 -0.8463246 -0.008653938 0 -0.999428 0.03382039 0 -0.9978802 0.06507837 0.4197737 -0.8504012 0.3171874 -1.24133e-7 -0.9323453 0.3615693 0 -0.9267397 0.3757042 0.5325216 -0.7911614 0.3008063 1.54266e-7 -0.9285662 0.371167 1.60799e-7 -0.917793 0.3970593 0.4813891 -0.7851932 0.3895332 0 -0.8655463 0.5008289 0 -0.8300958 0.557621 0.5541912 -0.8002895 0.2289301 0 -0.91922 0.3937444 0 -0.8841925 0.4671227 0.5774884 -0.8161185 0.02139538 0 -0.9948766 0.1010969 0 -0.9718005 0.2358045 0.7028623 -0.6950687 -0.1512088 0 -0.9581367 -0.2863113 0 -0.9260925 -0.3772968 0 -0.5058835 -0.8626019 0.7962883 -0.226527 -0.5609015 0 -0.692457 -0.7214592 0.6931948 0.4400786 -0.5707994 -1.66526e-7 0.9551305 -0.2961855 -4.01303e-7 0.9785882 -0.2058285 0.6715536 0.30602 -0.6748093 0.4597908 -0.1832334 -0.8689177 0.3744189 -0.228172 -0.8987481 0.357608 -0.3678035 -0.8583922 -4.1435e-7 0.9998742 -0.01586914 0.5145166 0.8573725 -0.0136075 -3.01064e-7 0.9998742 -0.01586914 0.8760461 0.02173149 0.4817376 2.04628e-7 0.06875276 0.9976338 0.8474343 0.2219093 0.4822982 0 0.7420606 -0.6703329 0 0.7420605 -0.6703329 0.8321728 0.411485 -0.3717107 0 0.7525774 -0.6585038 0.8389738 0.4095316 -0.3583394 3.35757e-7 0.6097126 -0.7926226 0 0.6097125 -0.7926227 0.8091131 0.3582996 -0.465787 0 0.8306109 0.5568533 0.9502492 0.2837432 0.128516 0 0.7638847 0.6453527 0 0.8362692 0.5483191 0.9411247 0.2837505 0.1837658 0 0.7964462 0.6047096 0 0.4803709 0.8770655 1.64944e-7 0.3982028 0.9172974 0.8705427 0.252995 0.4220771 0.9616546 0.04951328 0.2697575 0.995406 -0.0729705 0.0619862 0.9856637 -0.1579154 0.05941212 0.9386121 0.2058874 0.2767992 0 0.9992072 0.03981244 0 0.9980526 -0.06237804 0.7165787 0.3922135 0.5767874 0 0.5623082 0.8269278 0 0.5623081 0.8269278 0 0.8541977 -0.5199484 0.5974817 0.6849663 -0.4169376 0 0.8541976 -0.5199484 0.9835453 -0.1538521 0.09470033 0.9563661 -0.1870647 0.2244345 0 -0.8043084 -0.5942121 0.9213543 -0.1183173 0.3702801 0 -0.8440484 0.5362671 0 0.222039 0.9750378 2.65217e-7 0.01387929 0.9999037 0.6100955 0.01838338 0.7921147 1.27636e-7 -0.03541183 0.9993728 0 -0.847999 -0.5299979 0.8361238 -0.315339 0.4488413 0 -0.8753725 0.4834491 0 -0.9986842 0.05128335 0.9519032 -0.3011453 -0.05649721 0 -0.199347 0.979929 0 -0.2712894 -0.9624978 0.7805073 -0.624636 0.02526086 0 -0.7781466 0.6280828 0 -0.7032042 0.7109879 0 -0.6981304 0.7159708 0.7792586 -0.4885686 0.3925006 0.630425 -0.5992527 0.4934173 0 -0.8319357 -0.554872 0 -0.7481637 -0.6635143 0.8439063 -0.4295672 0.3213945 0.8435389 -0.3165462 0.4338673 0.9432578 -0.1927417 0.2703989 0.9612215 -0.2369701 0.1410622 0.9313623 -0.2574295 0.2574767 0.7556685 -0.6547107 -0.0178616 0.7867027 0.5962731 -0.1598667 0.7077963 0.6990529 -0.1017321 0.9793817 0.1690412 -0.1106188 0.1521566 -0.4550154 0.8773878 0.9949001 -0.08649158 -0.05189496 0.940793 -0.1703191 -0.2930872 0.5830768 -0.6638952 -0.4682571 0.2407389 0.382636 -0.8919835 0.9676894 0.1131487 -0.2253323 0.5343316 0.8419271 0.0751565 0.8436412 -0.06834441 0.5325399 0.9015239 0.2887849 0.3222704 0.9456394 0.2529602 -0.204395 0.6247096 0.2442011 -0.7416898 0.6226345 0.2551522 -0.7397457 0.6340565 -0.01712518 -0.7730972 0.04148244 -0.03903985 0.9983763 0.9912799 -0.08937919 0.09682768 0.5754858 0.8039873 0.1497349 0.4392725 -0.8925036 0.1023577 0.2824397 -0.09358733 -0.954709 0.246682 0.9622795 0.1147443 0.8310331 0.394533 -0.3920811 0.9045487 0.2373194 -0.3542191 0.7199293 0.388255 -0.5752912 0.7187409 0.3849629 -0.5789777 0.9143387 -0.2863736 0.2863128 0.3373546 -0.5651397 0.7528673 0.9460316 -0.266965 0.1837228 0.8279411 -0.5143823 0.2234379 0.9262782 -0.2478995 0.2838212 0.9430153 0.08247315 -0.3223669 0.480436 0.7557824 -0.4449432 0 -0.2853299 0.9584293 0.6214898 -0.2788451 0.7321175 0 -0.4736039 0.8807381 0 0.9699068 -0.2434766 0 0.9839411 -0.1784931 0.4452286 0.8643037 -0.2339889 0.9619223 -0.1367906 0.2366302 0.7596655 -0.02869135 0.649681 0 -0.5587415 0.8293419 -5.4393e-7 -0.4240102 0.9056575 0.9619501 0.02976775 -0.2715987 0.9921387 -0.0920453 -0.08478569 0.9381693 -0.1972088 0.2845121 -1.21356e-7 0.6610316 -0.7503581 0 0.8004607 -0.5993854 0.2635585 0.8880639 -0.376669 0.746115 -0.08348017 -0.6605631 -2.77316e-7 -0.01966488 -0.9998067 0.7874379 -0.07795715 -0.6114444 0.9133356 -0.1738844 -0.368215 -1.00263e-6 -0.5262641 -0.8503212 0.8708336 -0.1536537 -0.466947 8.54057e-7 -0.9638438 0.266468 6.67432e-7 0.4287149 -0.9034398 1.63407e-7 -0.982894 -0.1841728 0.8659486 -0.3154038 -0.3881413 0.7204855 0.1103129 -0.6846399 0.9280092 -0.2278005 -0.2947985 -0.590602 -0.787554 0.175921 0.2021468 0.9674977 0.1519374 0.211102 -0.2063911 0.9554259 -0.01057213 0.7258103 -0.6878137 0.1519487 -0.8892458 -0.4314553 -0.122844 -0.5545778 0.8230146 0.2036222 0.9630353 0.1763553 -0.9906972 -0.01222616 0.1355349 0 0.4653381 0.885133 -0.4977408 -0.2132397 0.8407038 1.70084e-7 -0.02999836 0.9995501 -0.3855745 0.5801961 -0.7174294 0 0.8913146 -0.4533854 0 0.6242998 -0.781185 -0.4403967 0.2860112 -0.8510277 0 0.710368 0.7038305 0.738611 0.09126853 0.6679251 -0.4642321 -0.4094492 0.7853917 -0.3889708 -0.3719209 0.8428384 0 -0.4274147 0.9040557 0.8673417 -0.4238947 0.2608292 0 -0.4989991 0.8666025 0.8567696 -0.2551653 -0.4481478 -0.6748253 0.0857768 -0.7329756 0 0.2132788 -0.9769914 0 -0.2964991 0.9550332 0.3904435 -0.2802785 0.8769252 0.8015092 -0.3741934 0.4664357 -0.8921164 -0.09495836 0.4417142 -0.9741361 0.2257311 0.01022201 -0.9788509 0.1614437 0.1256455 -0.6307203 0.01158732 0.7759238 0.1353878 0.8822497 -0.4508943 0.2775313 0.7897012 -0.5471276 0.5605127 0.4767799 -0.677131 0 -0.1929966 0.9811995 0.6527419 -0.03516536 0.7567638 0.4224866 0.2318931 0.8762024 0.3607382 0.0517826 0.9312285 0 0.9940718 -0.1087262 0 0.9940718 -0.1087262 0.4490223 0.8882236 -0.09714907 0.3753786 -0.02109986 0.9266315 0.3149594 0.1683477 0.9340556 0.6330955 0.1791092 0.7530671 0.5587742 -0.01309973 0.8292164 0 0.3779079 0.9258433 0 0.2253649 0.9742745 0.5603753 0.3259757 0.7613931 1.52133e-7 0.02741926 0.9996241 0.8879613 -0.3221635 0.328231 0.9868867 -0.01015669 0.1610947 2.63168e-6 0.5128629 0.8584706 0 0.9580099 -0.2867352 0.8878496 0.4454394 0.1153547 0.6935752 0.401305 0.598254 0.8996143 0.4346029 -0.04259628 0.6735003 0.711399 0.2007708 6.91092e-7 0.1788918 -0.9838688 0.4160588 0.1626734 -0.894669 7.42313e-7 0.1788918 -0.9838687 0.5719155 -0.7022204 -0.4240273 0 -0.8827223 -0.469895 -1.72869e-7 -0.8931006 -0.4498573 2.10878e-7 0.6476498 -0.7619382 0.1980466 0.6348223 -0.7468456 2.15598e-7 0.6476498 -0.7619382 0 -0.6708739 -0.7415714 0.5785294 -0.5452862 -0.6066027 0 -0.6719902 -0.7405601 0 0.7498392 -0.6616201 0.1445162 0.7419676 -0.654675 0 0.7498393 -0.6616201 0 -0.4536842 -0.8911626 0.5646194 -0.3460291 -0.7493123 0 -0.4697067 -0.8828225 -2.54832e-7 0.8369706 -0.5472479 0.1880535 0.822038 -0.5374844 -2.53661e-7 0.8369706 -0.547248 0 -0.008471012 -0.9999642 0.5178491 0.01660549 -0.8553109 0 -0.02285194 -0.9997389 -1.38622e-7 0.9912274 -0.1321681 0.01084136 0.9911691 -0.1321604 -1.38805e-7 0.9912273 -0.1321681 1.4125e-7 0.2228962 -0.9748422 0.4539844 0.2301123 -0.8607824 1.63282e-7 0.2103741 -0.977621 0 1 0 0.150201 0.9886556 0 0 1 0 0.4509446 0.2171409 -0.865736 0 0.07132178 -0.9974535 0 -0.06707447 -0.997748 0 0.9984609 -0.05546158 0.02017116 0.9982577 -0.05545055 0 0.1300952 -0.9915016 0.2113486 0.04676693 -0.9762913 0 -0.2090801 -0.9778985 0 0.1945695 -0.9808888 0.432208 0.8619898 -0.2648959 0.205373 0.9718496 -0.1154578 0.767643 0.4116255 -0.4912115 0.8597833 0.4216554 -0.2880614 0.9626279 0.2192932 -0.1589285 0.9784761 0.1862603 0.08883589 0.8000046 -0.3202239 -0.5073946 0.6779969 -0.7035196 -0.2130268 0.5769542 -0.6141362 -0.5384799 0.8782267 0.1153104 -0.4641352 0.8978529 0.06381928 -0.4356459 0.8061112 0.2921153 -0.5146393 0.1855447 -0.7978086 0.5736503 0.7613089 -0.6366323 -0.1229156 0.8021434 0.3399767 -0.4908989 0.7863522 -0.6175332 -0.0174092 0.7078578 -0.7016423 -0.08145791 0.7953711 -0.5852578 0.157665 0.838396 -0.2588069 -0.479699 0.718271 -0.4663245 0.5163607 0.6112016 0.578161 0.5405206 0.7231692 -0.032242 0.6899181 0.9937753 -0.08454507 -0.07254648 0.9815192 -0.1900746 0.02217739 0.524091 0.4491866 -0.7235745 0.6374108 0.3583398 -0.6821292 0.6891664 0.5072487 -0.5174443 1.41029e-7 0.9874406 0.1579909 1.23213e-7 0.9874406 0.157991 0.5268681 0.8392723 0.134284 -0.3282924 0.9160712 0.2302993 -0.07056766 -0.7018924 0.7087787 0.5165503 -0.5595158 0.6481651 0.6813763 -0.7314713 0.02600634 0.8937053 -0.4099949 -0.1821953 0.9185504 0.2448892 -0.3103135 0.4461266 0.8482417 -0.2854069 0.2517586 0.9361227 -0.2455444 0 -0.01417326 0.9998996 0 0.07832258 0.9969282 0.8305713 -0.4038774 0.3834505 0.8610606 0.4573609 0.2222518 0.998533 0.05383986 -0.005751073 0.9980589 0.0110439 0.06129163 -0.1937416 -0.4354901 0.8790977 0 0.4134901 -0.9105087 3.79775e-7 0.4141475 -0.9102098 -0.4376724 -0.8805813 0.1817123 -0.4551473 -0.8750808 0.1645436 0.9778746 0.04850834 0.2034901 0.667926 0.05055236 0.7425089 0.9963812 0.04129761 -0.07429099 0.69339 0.009435713 -0.7205008 0.9376721 -0.04851877 0.3441178 0.5384563 -0.31836 0.7801998 0.9928781 0.09350204 0.07382792 -0.3701645 -0.8843754 -0.2843564 0.7658905 0.3645997 -0.5296027 0.8824676 -0.2643325 0.3890749 0.7435316 -0.5150524 0.4264761 0.7788255 -0.5143404 0.3590053 0.7274089 -0.6374207 0.2541086 0.2165642 0.1775272 0.9599917 0 0.2666409 0.963796 0 0.3171914 0.9483616 2.03267e-7 -0.8696333 0.4936982 -6.59761e-7 -0.8721375 0.4892608 0.602331 -0.6951754 0.3923375 0.7204682 0.4714764 -0.5085625 0.706549 0.04456961 0.7062592 0.8290333 -0.2984812 -0.4728772 0.6078445 -0.5087015 0.6097114 0.9724894 -0.2020184 0.1159867 0.9851265 -0.05830347 -0.1616371 0.9513417 0.3034856 0.05334413 0.9085533 0.3931197 0.1413789 0.7830811 0.6218011 0.01214814 0.9313314 0.1738811 0.3199803 0.6130424 -0.5248802 0.5904912 0.9100847 0.3646024 0.1970051 0.7212446 0.687936 -0.08093434 0.9884349 0.1324124 0.07391542 0.9510965 -0.1659876 -0.2605065 0.7199578 0.6614853 0.2099951 0.9729441 -2.91943e-4 0.2310407 0.9423695 -0.1081517 0.3166117 0 0.7119896 -0.7021901 0.7305343 0.3454298 -0.5890653 0.5355238 0.2652991 -0.8017673 0.4049631 -0.6005692 0.6894357 0.9388908 0.1564576 0.3066028 0.8897199 0.2725386 -0.3662256 0.9857619 0.07681387 0.149577 0 0.9730579 -0.2305613 -0.6410872 0.7315975 0.2318888 0.9314571 -0.1847349 -0.3134658 0.9329292 -0.1164283 -0.3407166 0.8604323 0.09304201 -0.5009984 0.9183933 0.09496951 0.3841024 0.7862949 0.2413802 -0.5687494 0.9364745 -0.07915103 0.3416881 1.95915e-7 -0.07602632 -0.9971058 0 0.3650398 -0.9309919 0.9788904 0.1972405 -0.05357146 0.9514729 0.05895376 -0.302033 1.58027e-7 0.006907522 -0.9999762 0.9044482 0.1405369 0.402769 0.8914911 -0.01331132 -0.4528428 0.9912903 0.1054606 0.07887828 0.9773602 0.1943476 -0.08364284 0 0.5407025 0.841214 0.4719591 0.3253064 0.8194087 2.72343e-7 0.2957358 0.9552698 0.8623732 0.09906768 -0.4964858 0.7168347 0.3879168 -0.5793691 0.8673475 -0.4577829 -0.1953026 0.2901726 0.3757698 0.8801119 0.7752743 0.4923571 0.3956443 3.37939e-7 0.678858 0.7342697 5.954e-7 0.5236035 0.8519622 0.7525843 0.2826492 0.594749 0.7774218 0.4856441 0.3997063 0.8630599 0.178269 0.4725971 5.67615e-7 0.4890183 0.8722736 0 0.6964244 0.7176303 0 0.4899069 0.8717747 2.22544e-7 0.6065756 0.7950259 0.9168226 0.01157963 0.3991268 0.8299967 -0.01630377 0.5575301 0.7171264 -0.2103819 0.6644315 -0.3093314 -0.8135426 0.4924049 0.604827 -0.6956654 0.3876005 -0.01472127 0.9913384 0.1305043 0.8454837 0.4318208 0.3141468 -0.09062534 -0.0238744 0.9955989 0.201847 0.81258 -0.546783 0.9290303 -0.142494 -0.3414648 0.8276815 0.06123661 -0.5578472 0.9048006 -0.4228532 0.05031222 0.3090654 0.4782398 -0.8220496 -0.5925659 0.2769323 0.7564219 0.7676817 -0.5117874 -0.3856664 0.06769341 0.9723281 -0.2235971 -0.2122497 0.1414996 0.9669167 0.9372711 0.3481485 -0.0177657 0.8805345 0.4071453 -0.2426764 0.5990555 -0.4767986 0.6432694 0.7335204 0.5985415 0.3220187 -0.2815608 0.923057 0.2620866 0.8944591 -0.2401248 -0.3772042 0.4399749 0.7881815 0.4303396 0.7327582 -0.6106321 0.3003232 0.9410731 0.2587948 0.2177309 0.7194726 -0.1153432 -0.6848761 0.3793476 -0.1340202 0.9154967 0.9344916 -0.3065423 0.1809893 0.9704212 -0.2027186 0.1311026 0.9971799 -0.00770998 0.07465291 0.6978141 0.2461409 -0.6726591 0.8707543 0.03688591 -0.490333 0.7060265 0.2363682 -0.6675752 0.3304974 -0.4258638 0.8422657 0.8979084 -0.4401495 -0.005398988 0.4056208 -0.7203955 0.5625854 0.7339959 -0.2236843 0.6412609 0.9861804 -0.1613513 0.03760451 0.1548346 -0.03287893 0.9873932 0.2898543 -0.9102997 0.2955321 0.9486661 -0.3152409 -0.02561199 0.9230679 -0.3643413 0.1232935 0.8045072 -0.1909428 0.5624137 0.8598347 0.1017931 0.5003224 0.9697309 -0.09439331 -0.2251935 0.07372617 -0.111178 0.991062 -0.3030762 -0.4003354 -0.8647985 -0.731886 -0.54794 -0.4050984 -0.6953837 -0.4704729 -0.543228 -0.8472998 -0.5199304 -0.1084232 0.04661512 -0.3150582 0.9479269 -0.8789788 -0.4413206 -0.1806448 -0.9110513 -0.3469331 -0.2227624 -0.3342763 -0.8035304 -0.4925426 -0.01644831 -0.1549859 -0.9877798 0.9348921 0.3472366 0.07350909 0.5760849 -0.7241916 0.379042 0.5642931 -0.6936779 0.4476431 0.7090173 0.6602106 -0.2478237 0.7793946 0.6084603 -0.1494001 0.9845917 0.1652081 0.05732178 -0.433234 -0.8402423 0.3260387 -0.5210273 -0.7510073 0.4056091 0.2069383 -0.7457509 0.633271 0.326371 -0.198884 0.9240818 -0.005165994 -0.7239613 0.6898213 0.6591082 -0.4041966 0.6341937 0.3078989 -0.9324027 0.1892709 0.1545705 -0.9743801 0.1633753 -0.8022454 -0.4857636 0.3470392 0.9143238 -0.0793299 0.3971382 -0.5729047 -0.7205857 0.3905591 0.9509193 0.1162266 0.2867821 0.783591 -0.4064204 0.4699017 -0.8910645 -0.3598611 0.2765937 -0.5793878 -0.5334954 0.6161921 -0.1404899 -0.9799733 0.1411209 0.6316234 -0.6448119 0.4304294 -0.9672146 -0.07906192 0.2413405 0.3489363 0.7572223 -0.5521394 0.7152632 0.2961186 -0.6330184 0.941218 0.1630305 0.2958544 0.283239 0.2893325 -0.9143646 0.5787849 0.7519169 -0.3156408 0.454756 0.823216 -0.3398714 0.131004 0.9082013 -0.3975027 -0.9950329 -0.09874188 -0.01264297 -0.5871277 0.7900378 0.1764128 -0.3028048 0.894488 -0.3289383 -0.6493324 0.7174978 0.2521198 -0.3574822 0.9185078 0.1689679 -0.7247778 -0.1619586 0.6696766 -0.6202251 0.5137512 0.5927736 -0.8293507 0.04954838 0.5565272 0.001612544 0.9252795 0.3792827 -0.06598794 0.9515015 0.3004841 -0.2326949 0.5741201 0.785009 0.1576739 0.9855006 -0.06266963 -0.2959178 0.922469 -0.2479591 -0.9961365 -0.07694441 -0.04232949 -0.858659 0.4308403 -0.2776358 -0.5236716 0.8430278 -0.1227695 -0.330365 0.8279748 0.453119 -0.4298409 0.8709112 -0.2382237 0.05593657 0.7281804 0.6830992 -0.8425443 0.5157153 -0.1554256 -0.6309013 0.7280918 -0.2680408 -0.6777714 0.6764099 -0.2882634 -0.9757955 0.07327151 -0.206045 0.1027798 0.5038843 0.8576345 -0.4486055 -0.2149081 0.8675066 -0.9932327 -0.07101345 0.09190273 0.03249615 0.05602622 -0.9979004 -0.2192636 0.7210108 -0.6573179 -0.529472 0.1909052 -0.826568 0.01420742 0.031695 -0.9993966 -0.001003384 0.03119909 -0.9995127 0.0141986 -0.06727957 -0.9976332 0.06104564 -0.0632357 -0.9961299 0.03531163 0.1642009 -0.9857947 -0.01650315 0.1339441 -0.9908515 0.02946901 -0.0233885 -0.9992921 -0.01734745 -0.02312088 -0.9995822 0.002831339 -0.02577126 -0.999664 -0.004529654 -0.02543866 -0.9996662 0.01170688 -0.0257377 -0.9996002 -0.8354702 -0.5092532 0.2065204 0 0.2932021 0.9560506 -3.57214e-7 0.2390933 0.9709966 0.6118547 -0.7483867 0.25603 0.96108 -0.008488059 0.2761399 0.6927843 0.7108129 0.1216351 0.167469 0.9841513 -0.05831485 0.5842953 0.8022574 -0.1224014 0.8651223 -0.3998336 0.3028146 0.9110366 0.2636792 0.3169946 0.619051 0.5733572 -0.5366912 0.3253901 -0.4709773 0.8199402 0.8888315 0.4167296 -0.1905654 0.3098908 0.6099013 -0.7293753 0.7856385 0.4405386 0.4343938 0.9684317 0.1855024 0.1665202 0.8893123 0.3256089 0.3210958 0.5449492 0.5084416 0.6667215 0.9636831 0.2621155 0.05109071 0.5600689 -0.6053081 0.5656192 0.8261451 -0.2280173 0.5152595 0.6659544 -0.5968864 0.4474723 0.8868357 -0.4614117 0.02493631 0.7203274 -0.5076029 -0.4727237 0.2574366 -0.1052024 0.9605513 0.8420622 -0.5189403 0.1470794 0.3714179 -0.4301652 -0.8228043 0.3993564 -0.8529156 -0.3362284 0.9765585 -0.2089866 0.05155938 0.5385138 -0.5713347 -0.6193379 0.7455326 0.6114172 -0.2652361 0.8020163 0.3369479 0.4931897 0.3056756 0.5608066 -0.7694535 -0.1746997 0.9421898 0.2859347 0.7293362 0.5611718 0.3913504 0.6231594 0.7781173 0.07877767 0.8671076 -0.4743068 0.1521759 0.9456729 0.2796933 0.1657537 0.6879887 0.3628615 -0.6284927 0.3916053 0.8976518 -0.2021549 0.2549291 -0.9546685 0.1536856 0.3750404 -0.9078691 0.1873994 0.9398058 -0.2863993 0.1863882 0.3276715 -0.7084399 0.6250956 0.02348363 -0.7761659 0.6300914 0.7052581 -0.4910671 0.5113358 0.0217359 0.7132275 0.7005956 -0.09912467 0.333429 0.9375498 0.4892477 -0.3773469 -0.7862862 0.7342395 -0.6212943 0.2736526 0.983691 -0.1194089 -0.1345126 0.4784593 -0.6211246 0.62071 0.3619869 -0.7024194 0.6128398 0.07838159 -0.5468563 0.8335494 -0.6884798 -0.6152341 0.3840346 0.1132953 -0.9665812 0.2299672 0.3508816 -0.8803019 0.3192972 0.7937569 -0.418774 0.4411105 0.01435351 -0.7774895 0.6287322 0.01254504 -0.7776238 0.6286047 -0.8175708 -0.4956704 0.2930681 -0.1846071 -0.9589158 0.2154082 -0.0966652 -0.9661333 0.2392537 0.7264232 -0.4696796 0.5017076 -0.00468719 -0.7426617 0.6696505 -0.09110194 -0.7441712 0.6617475 -0.9172252 -0.3396602 0.2081564 -0.7988269 -0.4932811 0.34431 -0.2885712 -0.8988849 0.3297464 0.5305942 -0.5921082 0.6065292 -0.2964484 -0.7099599 0.6388077 -0.06977599 -0.7303713 0.679477 -0.7488641 -0.5169917 0.414635 -0.6005396 -0.7918977 -0.1106805 -0.7013782 -0.3810379 -0.6023943 0.03160458 -0.3133624 -0.9491077 -0.8720486 -0.3479282 -0.3442052 -0.8371015 -0.3456549 -0.424009 -0.5904439 -0.5702471 -0.5711342 -0.659321 -0.5107477 -0.5517542 -0.6220391 -0.4087653 0.6678161 -0.5047261 -0.2041888 0.8387841 -0.6812105 0.2153562 0.6996957 -0.9398686 0.3029485 0.1576997 -0.6768994 0.7330596 -0.06656414 -0.586233 0.7935349 0.1631969 -0.7959836 0.5087231 0.3280413 -0.8687727 0.492854 -0.04825931 -0.6850436 -0.4851687 0.5434397 -0.6606135 -0.6843455 0.308644 -0.618897 -0.460725 0.6361596 -0.7257782 -0.07520955 0.6838052 -0.7106074 -0.6771104 0.1912032 -0.7923756 -0.5757546 0.2016128 -0.9626802 -0.1315612 -0.2365133 0.4628774 0.8570395 0.2263358 -0.806635 0.5650589 0.1733448 -0.2699309 -0.1401521 0.9526253 -0.006971001 0.9802327 0.1977255 -0.3509679 0.9109959 -0.2165826 -0.8330873 -0.1027981 0.5435054 -0.9172729 0.336335 0.2132818 -0.6041156 0.7968963 -7.69235e-4 -0.9844719 0.1485654 0.09350615 -0.9532801 0.3011579 0.02368903 -0.9876916 0.09693157 -0.1227585 -0.7152696 0.4005832 -0.5726453 -0.9370968 0.04938143 0.3455591 0.07849609 -0.07919597 -0.9937638 0.04794669 -0.06606763 -0.9966626 0.05710989 -0.07215392 -0.9957572 0.01899081 -0.07791584 -0.9967792 0.03757905 -0.01154816 -0.999227 0.04859626 -0.03316348 -0.9982679 0.05774021 -0.03695708 -0.9976474 0.04865682 0.006109178 -0.9987969 0.04381406 0.004434287 -0.9990299 0.9108451 7.80307e-4 -0.4127479 0.817586 0.1472413 -0.5566625 0.9326152 0.02374196 -0.3600906 0.9544011 -0.1052367 -0.2793632 0.9262492 0.008951246 -0.3768054 0.8255028 0.2355401 -0.5128999 0.9332374 -0.03455448 -0.357595 0.8552914 0.2128815 -0.4723963 0.8260969 0.3999529 -0.3969907 0.859151 0.1954735 -0.4729163 0.9243915 -0.05690258 -0.377177 0.9159988 -0.02547508 -0.4003714 0.7501236 0.4211599 -0.5098423 0.8690349 0.2140644 -0.4460435 0.8523835 0.3380263 -0.3989744 0.8524231 0.3345791 -0.4017857 0.7000049 0.55625 -0.4478604 0.9195438 -0.03299981 -0.3915996 -0.5627435 0.826455 0.01709163 -0.8912318 0.4504954 0.05253374 -0.9792737 0.2010152 0.02481603 -0.451543 -0.7353267 0.5053748 -0.5311741 -0.6085794 0.5894788 -0.5775028 -0.6830327 0.4471654 -0.595171 -0.6821945 0.4247143 -0.9867295 0.04117673 0.1570652 -0.7047263 -0.2473595 0.6649618 -0.689324 -0.3930129 0.6085831 -0.7383508 -0.1961166 0.6452724 -0.7546269 -0.3997604 0.520317 -0.6433687 -0.4796507 0.5966674 -0.5726772 -0.6321099 0.5219942 0.8196144 0.2722669 -0.5040863 -0.6454131 -0.5599455 0.519522 -0.6126939 -0.6122893 0.499708 -0.9809156 -0.1089389 0.1610499 -0.80419 0.1520939 0.5745832 -0.8286793 0.1841901 0.5285496 -0.7615436 0.09449017 0.6411887 -0.840785 0.08667051 -0.5343866 -0.8768209 0.0966469 -0.4710037 -0.8180289 -0.1513872 -0.554897 -0.7380378 0.03573304 0.6738125 -0.9562342 0.2869539 0.05721658 -0.9624605 0.1774643 0.205369 -0.9510375 0.2960512 0.08877676 -0.8299966 -0.0163052 0.5575303 0 -0.9549664 -0.296714 0.4962651 -0.3224475 -0.8060698 -0.9752512 0.19194 0.1097466 -0.9746128 0.1862908 0.1242003 -0.7503417 -0.5500294 -0.366681 -0.7487161 -0.5254234 -0.4041714 -0.7290166 -0.6238294 -0.28173 -0.6749421 -0.4723734 -0.5668479 -0.7277441 0.1519815 -0.6687976 -0.6070864 -0.5141094 -0.6059189 -0.6488829 -0.4927904 -0.5797488 -0.6210024 -0.3806501 -0.6851726 -0.5626489 -0.8105581 -0.1625483 -0.5325975 -0.8463245 -0.008653521 -0.4197738 -0.8504014 0.3171869 -0.5325214 -0.7911614 0.3008066 -0.4813891 -0.7851933 0.3895331 -0.554191 -0.8002896 0.2289301 -0.5774883 -0.8161185 0.0213952 -0.7028624 -0.6950687 -0.1512086 -0.7962884 -0.2265272 -0.5609014 -0.8264337 -0.1044448 -0.5532618 -0.6931952 0.4400782 -0.5707991 -0.671554 0.3060196 -0.6748091 -0.4597898 -0.1832337 -0.8689181 -0.3744177 -0.2281721 -0.8987485 -0.3576056 -0.3678038 -0.8583931 -0.5145171 0.8573722 -0.0136075 -0.876046 0.02173137 0.4817379 0 -0.04120266 0.9991508 -0.8321728 0.4114848 -0.3717107 -0.8389737 0.4095316 -0.3583393 -0.8091128 0.3582995 -0.4657875 -0.9502492 0.2837432 0.1285161 -0.9411248 0.2837503 0.1837661 -0.8705426 0.2529949 0.4220775 -0.9616544 0.04951304 0.2697576 -0.995406 -0.07297086 0.06198608 -0.9856637 -0.1579155 0.0594123 -0.9386121 0.2058874 0.2767992 -0.7165787 0.3922135 0.5767873 -0.5974817 0.6849663 -0.4169376 -0.9835454 -0.1538518 0.09470039 -0.9563661 -0.187065 0.2244343 -0.9213543 -0.1183173 0.3702801 -0.6100955 0.01838314 0.7921147 -0.8361238 -0.315339 0.4488412 -0.9519032 -0.3011453 -0.05649721 -0.7805073 -0.6246361 0.0252608 -0.7792587 -0.4885687 0.3925006 0 -0.7182424 0.695793 -0.7556685 -0.6547107 -0.0178616 -0.6304247 -0.5992529 0.4934173 -0.8439062 -0.4295673 0.3213944 -0.9432576 -0.1927418 0.2703989 -0.9313623 -0.2574295 0.2574767 -0.9612215 -0.2369701 0.1410619 -0.7867026 0.5962731 -0.1598668 -0.9793818 0.1690407 -0.1106187 -0.7077962 0.699053 -0.1017324 -0.8435391 -0.316546 0.433867 -0.1521578 -0.4550155 0.8773876 -0.9949001 -0.0864917 -0.05189508 -0.9407928 -0.1703186 -0.293088 -0.5830767 -0.6638961 -0.4682559 -0.9676895 0.1131481 -0.2253323 -0.2407392 0.3826356 -0.8919836 -0.5343319 0.8419271 0.07515603 -0.8436412 -0.06834453 0.5325398 -0.9456395 0.25296 -0.2043952 -0.9015239 0.288785 0.3222701 -0.6247076 0.2442012 -0.7416914 -0.6340539 -0.01712524 -0.7730992 -0.6226325 0.2551523 -0.7397474 -0.04148524 -0.03904592 0.998376 -0.5754862 0.8039872 0.1497346 -0.99128 -0.08937919 0.09682738 -0.4392713 -0.8925042 0.1023574 -0.2824398 -0.09358763 -0.9547089 -0.2466818 0.9622796 0.1147442 -0.8310329 0.3945331 -0.3920815 -0.7199296 0.3882549 -0.5752909 -0.914339 -0.2863733 0.2863121 -0.3373548 -0.5651397 0.7528671 -0.8015084 -0.374194 0.4664366 -0.8279412 -0.5143821 0.2234376 -0.9262786 -0.2478989 0.2838205 -0.9430152 0.08247339 -0.3223669 -0.4804353 0.7557825 -0.4449437 -0.6214896 -0.2788453 0.7321175 -0.4452281 0.8643038 -0.2339894 -0.9619222 -0.1367908 0.2366303 -0.7596653 -0.02869182 0.649681 -0.8474339 0.2219088 0.482299 -0.9619502 0.02976775 -0.2715986 -0.9921386 -0.09204518 -0.08478569 -0.9381693 -0.197209 0.2845119 -0.2635585 0.8880638 -0.3766691 -0.746115 -0.08348047 -0.6605629 -0.7874383 -0.07795739 -0.6114439 -0.9133357 -0.1738845 -0.368215 -0.8708332 -0.1536542 -0.4669475 -0.8659487 -0.3154045 -0.3881403 -0.7204856 0.1103126 -0.6846398 -0.9280089 -0.2278014 -0.2947982 0.5906031 -0.7875531 0.1759206 -0.202147 0.9674977 0.1519376 -0.2111005 -0.2063907 0.9554263 0.01057213 0.7258102 -0.6878138 -0.1519472 -0.8892472 -0.4314528 0.12284 -0.5545796 0.823014 -0.2036223 0.9630352 0.176355 0.9906972 -0.01222616 0.1355351 0.4977414 -0.2132397 0.8407036 0.3855744 0.580196 -0.7174294 0.4403968 0.2860113 -0.8510279 0 0.6210793 0.7837479 0.4642325 -0.4094492 0.7853915 0.3889708 -0.371921 0.8428384 -0.8673416 -0.4238949 0.2608289 0 -0.542762 0.8398867 0.6748253 0.08577698 -0.7329756 -0.3904435 -0.2802785 0.8769252 0.8921163 -0.0949583 0.4417145 0.9741359 0.2257315 0.01022195 0.6307199 0.01158696 0.7759242 0.9788509 0.1614444 0.1256452 -0.1353879 0.8822492 -0.4508955 -0.5605119 0.4767801 -0.6771316 -0.277531 0.7897007 -0.5471284 -0.6527419 -0.03516548 0.7567638 -0.4224867 0.231893 0.8762025 -0.3149594 0.1683476 0.9340556 -0.4490223 0.8882236 -0.09714907 -0.3607384 0.05178242 0.9312285 -0.7386111 0.09126842 0.6679251 -0.3753786 -0.02109986 0.9266315 -0.6330954 0.1791091 0.7530672 -0.5587743 -0.01309967 0.8292164 -0.5603752 0.3259755 0.7613933 -0.7231692 -0.03224205 0.689918 -0.8879612 -0.3221635 0.3282309 -0.9868867 -0.01015669 0.1610947 -0.8878496 0.4454397 0.1153545 -0.8996142 0.4346032 -0.04259657 -0.6935753 0.4013054 0.5982536 -0.6735003 0.7113989 0.2007709 -0.4160574 0.1626729 -0.8946697 -0.5719155 -0.7022204 -0.4240273 -0.1980462 0.6348209 -0.7468468 -0.5785295 -0.5452864 -0.6066024 -0.5790112 -0.54422 -0.6071003 -0.1445162 0.7419679 -0.6546745 -0.5646194 -0.3460292 -0.7493122 -0.5708389 -0.3287531 -0.7523726 -0.188054 0.8220379 -0.5374843 -0.5178489 0.01660537 -0.855311 -0.5219917 0.0311374 -0.8523821 -0.01084166 0.9911692 -0.1321603 -0.4539849 0.2301123 -0.8607823 -0.4590232 0.2474174 -0.8532775 -0.150201 0.9886555 0 -0.4509445 0.2171409 -0.865736 -0.02017116 0.9982577 -0.05544996 -0.2113487 0.04676693 -0.9762913 -0.4322081 0.8619898 -0.2648959 -0.7676429 0.4116255 -0.4912115 -0.2053734 0.9718495 -0.1154579 -0.8597832 0.4216554 -0.2880616 -0.9784761 0.1862601 0.08883589 -0.9626279 0.2192931 -0.1589285 -0.8000046 -0.3202237 -0.5073947 -0.5769539 -0.6141365 -0.5384799 -0.6779968 -0.7035196 -0.213027 -0.8782268 0.1153101 -0.4641352 -0.897853 0.06381875 -0.4356458 -0.806111 0.2921155 -0.5146394 -0.1855447 -0.7978087 0.5736501 -0.7613087 -0.6366326 -0.1229156 -0.8021433 0.3399769 -0.4908991 -0.7863519 -0.6175337 -0.01740938 -0.7953711 -0.5852578 0.1576651 -0.7078577 -0.7016425 -0.08145791 -0.8383961 -0.2588065 -0.4796991 -0.7182711 -0.4663244 0.5163605 -0.6112017 0.5781608 0.5405207 -0.9937753 -0.08454561 -0.07254642 -0.9815192 -0.1900748 0.02217739 -0.524091 0.4491866 -0.7235746 -0.6891663 0.5072486 -0.5174445 -0.6374108 0.3583397 -0.6821292 -0.5268678 0.8392724 0.134284 0.3282922 0.9160712 0.2302994 0.07056796 -0.7018923 0.7087789 -0.6813763 -0.7314712 0.02600622 -0.5165504 -0.5595158 0.6481649 -0.8937053 -0.409995 -0.1821951 -0.4461273 0.8482414 -0.285407 -0.9185505 0.2448891 -0.3103134 -0.2517591 0.9361225 -0.2455444 -0.8305714 -0.4038774 0.3834506 -0.8610606 0.4573609 0.2222518 -0.9985331 0.05383986 -0.005751073 -0.9980588 0.01104277 0.06129169 0.1937412 -0.4354902 0.8790977 0.4376715 -0.8805817 0.1817131 0.4551486 -0.8750804 0.1645426 -0.9778748 0.04850775 0.2034891 -0.9963812 0.04129707 -0.07429093 -0.6679265 0.05055189 0.7425084 -0.6933898 0.009435415 -0.720501 -0.9376721 -0.04851877 0.3441178 -0.9928781 0.09350246 0.07382744 -0.5384563 -0.3183602 0.7801997 0.370164 -0.8843758 -0.2843554 -0.7658899 0.3646001 -0.5296033 -0.8824676 -0.2643325 0.389075 -0.7788257 -0.5143402 0.3590056 -0.7435319 -0.5150517 0.4264764 -0.7274086 -0.6374207 0.2541096 -0.2165641 0.1775272 0.9599917 -0.602332 -0.6951748 0.392337 -0.7204673 0.4714768 -0.5085632 -0.8290318 -0.298482 -0.4728794 -0.7065368 0.04456979 0.7062715 -0.6078446 -0.5087014 0.6097114 -0.9851265 -0.05830353 -0.1616371 -0.9724894 -0.2020183 0.1159867 -0.9513419 0.3034849 0.05334424 -0.9085537 0.3931184 0.1413795 -0.9643163 0.247669 0.09356367 -0.9313314 0.1738811 0.3199803 -0.9100847 0.3646024 0.1970051 -0.6130424 -0.5248802 0.5904912 -0.7212446 0.687936 -0.08093434 -0.988435 0.1324115 0.07391566 -0.783082 0.6218 0.01214867 -0.9510965 -0.165988 -0.2605063 -0.7199578 0.6614853 0.2099951 -0.9729441 -2.91899e-4 0.2310407 -0.9423695 -0.1081517 0.3166117 -0.7305343 0.3454298 -0.5890653 -0.5355238 0.2652991 -0.8017673 -0.4049631 -0.6005692 0.6894357 -0.9388908 0.1564576 0.3066028 -0.9857619 0.07681387 0.149577 -0.8897199 0.2725386 -0.3662256 0.6410872 0.7315975 0.2318888 -0.9314571 -0.1847349 -0.3134658 -0.9329292 -0.1164283 -0.3407166 -0.8604323 0.09304201 -0.5009984 -0.9183932 0.09496963 0.3841024 -0.7862946 0.2413795 -0.5687502 -0.8914909 -0.01331144 -0.452843 -0.9788904 0.1972399 -0.05357211 -0.9514728 0.0589537 -0.3020332 -0.9044482 0.140537 0.4027692 -0.7525842 0.2826493 0.5947492 -0.9912903 0.1054605 0.07887828 -0.9773603 0.194347 -0.08364307 -0.4719588 0.3253064 0.8194087 -0.8623731 0.09906697 -0.496486 -0.8673477 -0.4577831 -0.195302 -0.7168343 0.3879165 -0.5793699 -0.2901726 0.3757698 0.8801119 -0.7752742 0.4923568 0.3956446 -0.7774217 0.4856441 0.3997067 -0.8630598 0.178269 0.4725971 -0.9168226 0.01157963 0.3991268 -0.9364743 -0.07915151 0.3416882 -0.7171266 -0.2103826 0.664431 0.3093294 -0.8135424 0.4924066 -0.604828 -0.6956648 0.3876 0.01472353 0.9913373 0.1305129 -0.8454838 0.4318207 0.3141466 0.09062558 -0.0238744 0.9955989 -0.2018462 0.8125795 -0.5467841 -0.9290302 -0.142494 -0.3414648 -0.9048006 -0.4228532 0.05031222 -0.8276816 0.06123656 -0.5578473 -0.3090654 0.4782397 -0.8220495 0.5925659 0.2769324 0.7564219 -0.7676821 -0.511787 -0.385666 -0.06769341 0.9723281 -0.2235973 0.2122501 0.1414997 0.9669166 -0.8805348 0.4071447 -0.2426763 -0.9372716 0.3481473 -0.01776516 -0.5990555 -0.4767986 0.6432694 0.2815608 0.923057 0.2620865 -0.7335204 0.5985415 0.3220185 -0.8944591 -0.2401248 -0.3772043 -0.4399743 0.7881817 0.43034 -0.9410732 0.2587966 0.217728 -0.7327594 -0.610633 0.3003184 -0.7194697 -0.115342 -0.6848793 -0.3793476 -0.1340202 0.9154967 -0.9344916 -0.3065423 0.1809893 -0.9971799 -0.00770986 0.07465291 -0.9704213 -0.2027184 0.1311026 -0.6978139 0.2461414 -0.672659 -0.8707544 0.03688633 -0.490333 -0.7060265 0.2363681 -0.6675752 -0.3304973 -0.425864 0.8422657 -0.8979085 -0.4401492 -0.005398988 -0.4056204 -0.7203958 0.5625852 -0.733996 -0.2236843 0.6412607 -0.9861804 -0.1613512 0.03760451 -0.2898541 -0.9102997 0.2955319 -0.1548346 -0.03287899 0.9873932 -0.948666 -0.3152409 -0.02561229 -0.9230679 -0.3643413 0.1232933 -0.8045069 -0.1909428 0.562414 -0.8598346 0.1017931 0.5003226 -0.9697308 -0.09439349 -0.2251934 -0.07372593 -0.1111777 0.9910622 0.3030765 -0.4003354 -0.8647985 0.695384 -0.4704728 -0.5432279 0.7318863 -0.5479399 -0.4050979 0.8473 -0.51993 -0.1084233 -0.04661494 -0.3150577 0.9479271 0.878979 -0.4413201 -0.1806448 0.9110515 -0.346933 -0.2227621 0.334276 -0.8035304 -0.4925431 0.01644831 -0.1549858 -0.9877798 -0.0519312 -0.1174913 -0.9917152 -0.576085 -0.7241916 0.379042 -0.9348921 0.3472366 0.07350909 -0.5642931 -0.6936781 0.4476428 -0.7090174 0.6602104 -0.2478238 -0.9845916 0.1652081 0.05732178 -0.7793945 0.6084604 -0.1494002 0.4332339 -0.8402423 0.3260388 -0.1440283 -0.8676687 0.4758223 0.5210272 -0.7510074 0.4056089 -0.2069383 -0.745751 0.6332709 0.005166232 -0.7239614 0.6898211 -0.3263712 -0.1988841 0.9240817 -0.6591082 -0.4041969 0.6341935 -0.3078987 -0.9324027 0.1892712 -0.1545705 -0.9743801 0.1633753 0.8022446 -0.485764 0.3470402 -0.9143242 -0.07932925 0.3971376 0.5729051 -0.720585 0.3905599 -0.9509193 0.1162257 0.2867826 -0.7835907 -0.406421 0.4699017 0.8910645 -0.3598615 0.2765933 0.579388 -0.5334956 0.6161917 0.1404902 -0.9799733 0.1411203 -0.6316242 -0.6448118 0.4304286 0.9672146 -0.07906192 0.2413403 -0.3489362 0.7572224 -0.5521393 -0.7152633 0.2961184 -0.6330184 -0.9412182 0.1630301 0.295854 -0.283239 0.2893324 -0.9143646 -0.454756 0.823216 -0.3398712 -0.5787848 0.751917 -0.3156406 -0.1310039 0.9082013 -0.3975027 0.9950329 -0.09874159 -0.01264292 0.5871281 0.7900376 0.1764129 0.3028047 0.8944881 -0.3289383 0.357482 0.9185078 0.1689678 0.6493324 0.7174978 0.2521198 0.7247777 -0.1619586 0.6696766 0.6202251 0.5137511 0.5927736 0.8293507 0.04954779 0.5565272 -0.001612842 0.9252794 0.3792828 0.2326951 0.5741201 0.7850091 0.06598758 0.9515015 0.300484 -0.1576742 0.9855006 -0.06266963 0.2959172 0.9224691 -0.2479593 0.8586589 0.4308406 -0.2776356 0.9961366 -0.07694411 -0.04232937 0.523672 0.8430276 -0.1227693 0.4298414 0.8709111 -0.2382232 0.3303653 0.8279747 0.4531191 0.8425441 0.5157154 -0.1554256 -0.05593693 0.7281804 0.683099 0.6309015 0.7280917 -0.2680408 0.9757955 0.07327175 -0.206045 0.6777713 0.6764098 -0.2882636 -0.1027798 0.5038842 0.8576346 0.4486055 -0.2149081 0.8675066 0.9932327 -0.07101356 0.09190237 -0.03249615 0.05602622 -0.9979004 0.2192637 0.7210109 -0.6573179 0.5294722 0.1909053 -0.8265679 -0.01420879 0.031695 -0.9993967 0.001001119 0.03119903 -0.9995128 -0.01419794 -0.06727963 -0.9976332 -0.06104552 -0.0632357 -0.9961299 -0.03531146 0.1642009 -0.9857947 0.01650315 0.1339441 -0.9908515 -0.02946668 -0.02338844 -0.9992922 -0.01170605 -0.0257377 -0.9996002 0.01734757 -0.02312088 -0.9995822 -0.002831339 -0.02577131 -0.999664 0.004529774 -0.02543872 -0.9996662 0.8354703 -0.5092533 0.2065201 -0.6118549 -0.7483865 0.2560299 -0.6927848 0.7108123 0.1216352 -0.9610801 -0.008487939 0.2761396 -0.1674692 0.9841512 -0.05831485 -0.5842961 0.8022569 -0.1224011 -0.9110367 0.2636789 0.3169946 -0.8651226 -0.3998331 0.3028144 -0.6190521 0.5733568 -0.5366904 -0.8888309 0.4167302 -0.1905666 -0.3253893 -0.4709773 0.8199404 -0.3098909 0.6099011 -0.7293753 -0.7856386 0.4405385 0.4343939 -0.8893126 0.3256082 0.3210958 -0.9684317 0.1855025 0.1665199 -0.5449495 0.5084413 0.6667215 -0.9636833 0.2621149 0.05109018 -0.560069 -0.6053079 0.5656192 -0.8261452 -0.2280175 0.5152595 -0.6659545 -0.5968864 0.4474722 -0.8868356 -0.4614118 0.02493613 -0.7203273 -0.5076029 -0.4727239 -0.2574368 -0.1052024 0.9605513 -0.8420621 -0.5189403 0.1470793 -0.371418 -0.4301652 -0.8228041 -0.3993563 -0.8529157 -0.3362285 -0.9765583 -0.2089869 0.05155932 -0.8671075 -0.4743071 0.1521759 -0.7455326 0.6114174 -0.2652357 -0.8020165 0.3369476 0.4931895 -0.3056758 0.5608069 -0.7694531 0.1746994 0.9421892 0.2859363 -0.6231604 0.7781165 0.0787782 -0.729336 0.5611719 0.3913505 -0.9456731 0.279693 0.1657537 -0.3916051 0.8976519 -0.2021554 -0.6879891 0.3628607 -0.6284928 -0.3750396 -0.9078694 0.1873995 -0.2549285 -0.9546688 0.153685 -0.9398056 -0.2863999 0.1863885 -0.3276711 -0.7084395 0.6250961 -0.7052581 -0.4910665 0.5113362 -0.02348446 -0.7761654 0.6300919 -0.02173578 0.7132284 0.7005947 0.09912461 0.3334296 0.9375495 -0.4892479 -0.3773468 -0.7862861 -0.7342399 -0.6212939 0.2736527 -0.47846 -0.6211244 0.6207097 -0.9836909 -0.1194091 -0.1345129 -0.5385141 -0.5713346 -0.6193379 -0.3619868 -0.7024196 0.6128396 -0.07838141 -0.5468565 0.8335493 0.6884789 -0.6152346 0.3840355 -0.1132947 -0.9665814 0.2299667 -0.3508805 -0.8803024 0.3192971 -0.7937579 -0.4187725 0.44111 -0.01254522 -0.7776241 0.6286045 -0.01435363 -0.7774897 0.6287319 0.8175718 -0.4956697 0.2930664 0.1846073 -0.9589158 0.2154081 0.0966643 -0.9661332 0.2392542 -0.726424 -0.4696788 0.5017071 0.09110128 -0.7441713 0.6617475 0.004686176 -0.7426618 0.6696504 0.9172252 -0.3396602 0.2081559 0.7988271 -0.4932809 0.34431 0.288572 -0.8988848 0.329746 -0.5305953 -0.5921071 0.6065294 0.06977486 -0.7303708 0.6794778 0.2964473 -0.7099597 0.6388086 0.7488635 -0.516992 0.414636 0.6005396 -0.7918978 -0.1106804 0.7013784 -0.3810377 -0.6023942 -0.03160375 -0.3133626 -0.9491076 0.8720484 -0.3479284 -0.3442054 0.8371015 -0.3456546 -0.4240093 0.590444 -0.5702469 -0.5711343 0.659321 -0.5107474 -0.5517544 0.6220393 -0.4087653 0.6678159 0.6812105 0.2153561 0.6996956 0.5047262 -0.2041888 0.838784 0.6768994 0.7330596 -0.06656408 0.9398686 0.3029479 0.1577005 0.5862331 0.7935349 0.1631972 0.7959837 0.508723 0.3280411 0.8687728 0.4928539 -0.04825925 0.6850437 -0.4851685 0.5434398 0.6188971 -0.4607247 0.6361597 0.6606137 -0.6843454 0.308644 0.7257782 -0.07520896 0.6838053 0.7106075 -0.6771103 0.1912032 0.7923755 -0.5757547 0.201613 0.9626803 -0.1315608 -0.2365133 -0.4628775 0.8570393 0.226336 0.2699304 -0.1401517 0.9526255 0.8066347 0.5650594 0.1733452 0.006971478 0.9802333 0.1977226 0.3509678 0.9109959 -0.2165827 0.8330872 -0.1027981 0.5435056 0.9172732 0.3363347 0.2132819 0.6041153 0.7968967 -7.69385e-4 0.95328 0.3011578 0.02368909 0.984472 0.1485654 0.09350627 0.9876916 0.09693157 -0.1227586 0.7152694 0.4005836 -0.5726453 0.9370966 0.04938179 0.3455597 -0.07849258 -0.07919579 -0.9937641 -0.04794484 -0.06606769 -0.9966627 -0.05710828 -0.07215398 -0.9957572 -0.01899081 -0.07791584 -0.9967792 -0.03757929 -0.01154822 -0.9992269 -0.04859638 -0.03316354 -0.9982678 -0.05774021 -0.03695708 -0.9976474 -0.04865682 0.006109118 -0.9987969 -0.04381406 0.004434227 -0.9990299 -0.9108451 7.80029e-4 -0.4127479 -0.9326152 0.02374184 -0.3600905 -0.8175861 0.1472412 -0.5566623 -0.9544011 -0.1052367 -0.2793632 -0.9262493 0.008951127 -0.3768051 -0.8255027 0.2355405 -0.5128996 -0.9332373 -0.03455448 -0.3575949 -0.8552913 0.2128816 -0.4723963 -0.859151 0.1954733 -0.4729163 -0.826097 0.399953 -0.3969906 -0.9243917 -0.0569024 -0.3771767 -0.9159989 -0.02547502 -0.4003713 -0.7501233 0.4211605 -0.5098423 -0.8690348 0.2140647 -0.4460434 -0.8523836 0.3380262 -0.3989745 -0.7000046 0.5562506 -0.4478605 -0.9195439 -0.03299963 -0.3915996 0.5627437 0.8264548 0.01709163 0.9792737 0.2010156 0.02481603 0.8912318 0.4504955 0.05253374 0.451543 -0.7353266 0.505375 0.5775026 -0.6830328 0.4471655 0.5311743 -0.6085793 0.5894787 0.595171 -0.6821945 0.4247143 0.9867295 0.04117685 0.1570652 0.7047265 -0.2473595 0.6649616 0.7383508 -0.1961168 0.6452724 0.6893244 -0.393013 0.6085825 0.7546273 -0.3997606 0.5203166 0.6433686 -0.4796508 0.5966674 0.5726772 -0.6321099 0.5219943 -0.8196145 0.2722679 -0.5040857 0.645413 -0.5599457 0.5195217 0.6126939 -0.6122895 0.4997077 0.9809156 -0.1089388 0.1610499 0.8041898 0.1520938 0.5745836 0.7615438 0.09449005 0.6411885 0.8286787 0.1841901 0.5285504 0.8407849 0.08667135 -0.5343864 0.8180301 -0.1513863 -0.5548956 0.8768209 0.09664762 -0.4710036 0.7380381 0.03573322 0.6738123 0.9624605 0.1774644 0.2053688 0.9562341 0.286954 0.05721646 0.9510375 0.2960512 0.08877646 0 0.7302712 0.6831574 -0.8567698 -0.2551654 -0.4481477 -0.4962651 -0.3224475 -0.8060699 0.9752512 0.1919398 0.1097468 0.9746128 0.1862906 0.1242004 0 0.2034726 -0.9790807 0.5638198 -0.8122857 -0.1493293 0.5295147 -0.8474501 -0.03798091 0.417251 -0.8568598 0.3028086 0.5283819 -0.8008512 0.2818688 0.4774627 -0.8110893 0.3378811 0.5532711 -0.8162866 0.1660344 0.5453812 -0.834053 -0.08315616 0.7099058 -0.6968705 -0.1020061 0.8264337 -0.1044446 -0.5532619 2.10134e-7 -0.06296551 -0.9980158 0.5677126 -0.6908844 -0.4476395 0.579011 -0.5442199 -0.6071005 0.5708389 -0.3287529 -0.7523728 0.521992 0.03113752 -0.852382 0.4590226 0.2474174 -0.8532778 0.4081749 0.2958032 -0.8636513 0.9643161 0.2476696 0.09356367 0.0519312 -0.1174913 -0.9917151 0.1440283 -0.8676685 0.4758228 -0.5638199 -0.8122857 -0.1493287 -0.5295149 -0.8474501 -0.03798025 -0.4172511 -0.8568599 0.3028078 -0.5283817 -0.8008512 0.2818693 -0.4774627 -0.8110893 0.3378808 -0.5532708 -0.8162868 0.1660344 -0.5453811 -0.834053 -0.0831564 -0.7099059 -0.6968705 -0.102006 -0.9045489 0.2373188 -0.3542191 -0.7187415 0.3849627 -0.578977 -0.9460315 -0.2669652 0.1837228 -0.5677125 -0.6908844 -0.4476398 -0.4081748 0.2958032 -0.8636514 -0.8524231 0.3345792 -0.4017855</float_array>
          <technique_common>
            <accessor source="#dragon-mesh-normals-array" count="1298" stride="3">
              <param name="X" type="float" />
              <param name="Y" type="float" />
              <param name="Z" type="float" />
            </accessor>
          </technique_common>
        </source>
        <source id="dragon-mesh-map-0">
          <float_array id="dragon-mesh-map-0-array" count="7572">0.176105 0.5736613 0.2092236 0.6016692 0.1752234 0.5820846 0.1935476 0.6106691 0.2216811 0.6396118 0.1892313 0.6169751 0.1984935 0.6450316 0.2259652 0.6681156 0.1982296 0.6516571 0.2025181 0.6785562 0.2224953 0.7047758 0.1996451 0.6862074 0.1917318 0.7063817 0.2155582 0.7536051 0.1886161 0.7108044 0.1722311 0.5373606 0.1980282 0.55834 0.1667908 0.5415531 0.1612414 0.4879216 0.1902335 0.5189611 0.1600557 0.4952316 0.1656742 0.4420132 0.1965432 0.4818074 0.1614331 0.4465771 0.207299 0.4497181 0.1656742 0.4420132 0.1737999 0.4099907 0.1965432 0.4818074 0.1612414 0.4879216 0.1614331 0.4465771 0.1902335 0.5189611 0.1722311 0.5373606 0.1600557 0.4952316 0.1980282 0.55834 0.176105 0.5736613 0.1667908 0.5415531 0.2092236 0.6016692 0.1935476 0.6106691 0.1752234 0.5820846 0.2216811 0.6396118 0.1984935 0.6450316 0.1892313 0.6169751 0.2259652 0.6681156 0.2025181 0.6785562 0.1982296 0.6516571 0.2224953 0.7047758 0.1917318 0.7063817 0.1996451 0.6862074 0.1886161 0.7108044 0.1794796 0.7544438 0.1715242 0.7320369 0.2237145 0.7724499 0.2674277 0.7904435 0.2715364 0.8140411 0.2155582 0.7536051 0.1794796 0.760381 0.1794796 0.7544438 0.1794796 0.7544438 0.1794796 0.760381 0.1433386 0.7773525 0.2364678 0.8328792 0.2201943 0.7906991 0.2395999 0.8186147 0.2237145 0.7724499 0.2395999 0.8186147 0.2201943 0.7906991 0.2857631 0.7457522 0.2973104 0.7640284 0.2500057 0.7583336 0.2875089 0.6988376 0.2981398 0.7186567 0.2481312 0.7304716 0.2856767 0.6616595 0.2951833 0.6760894 0.2501986 0.6993879 0.2875089 0.6988376 0.2501986 0.6993879 0.2951833 0.6760894 0.2857631 0.7457522 0.2481312 0.7304716 0.2981398 0.7186567 0.2973104 0.7640284 0.2674277 0.7904435 0.2500057 0.7583336 0.2674277 0.7904435 0.2155582 0.7536051 0.2500057 0.7583336 0.2481312 0.7304716 0.2224953 0.7047758 0.2501986 0.6993879 0.2224953 0.7047758 0.2259652 0.6681156 0.2501986 0.6993879 0.252983 0.6243697 0.2501986 0.6993879 0.2259652 0.6681156 0.2856767 0.6616595 0.252983 0.6243697 0.2855388 0.6508482 0.252983 0.6243697 0.2951268 0.6395567 0.2855388 0.6508482 0.2951268 0.6395567 0.252983 0.6243697 0.2873332 0.6229568 0.2259652 0.6681156 0.2216811 0.6396118 0.252983 0.6243697 0.2092236 0.6016692 0.252983 0.6243697 0.2216811 0.6396118 0.03609079 0.7722472 0.05825084 0.7799647 0.04012626 0.7862725 0.04012626 0.7862725 0.05825084 0.7799647 0.05218154 0.7943111 0.1175866 0.8933123 0.1690847 0.8275665 0.1909115 0.8437364 0.05334079 0.8096538 0.07919692 0.8058211 0.05468118 0.8254581 0.007863104 0.7601544 0.03873395 0.7581303 0.02131557 0.7694498 0.02899563 0.7534604 0.03873395 0.7581303 0.007863104 0.7601544 0.03873395 0.7581303 0.03609079 0.7722472 0.02131557 0.7694498 0.05334079 0.8096538 0.05825084 0.7799647 0.07919692 0.8058211 0.04401624 0.7344267 0.03873395 0.7581303 0.02899563 0.7534604 0.07919692 0.8058211 0.06651198 0.7753927 0.09676623 0.8037276 0.08857518 0.7495991 0.06651198 0.7753927 0.05492949 0.7349306 0.03873395 0.7581303 0.05492949 0.7349306 0.06651198 0.7753927 0.1240748 0.7625619 0.1433386 0.7773525 0.1360278 0.7965704 0.09676623 0.8037276 0.1048241 0.8294134 0.07919692 0.8058211 0.1360278 0.7965704 0.1097443 0.7731346 0.1240748 0.7625619 0.1240748 0.7625619 0.1097443 0.7731346 0.08857518 0.7495991 0.09676623 0.8037276 0.06651198 0.7753927 0.1097443 0.7731346 0.2645148 0.8860059 0.2762361 0.8600323 0.2775013 0.8881205 0.2898038 0.8882524 0.2775013 0.8881205 0.2762361 0.8600323 0.1761825 0.7974367 0.1559869 0.8227975 0.1360278 0.7965704 0.1767581 0.7916545 0.1761825 0.7974367 0.1360278 0.7965704 0.263174 0.9710589 0.2775013 0.8881205 0.2898038 0.8882524 0.263174 0.9710589 0.2645148 0.8860059 0.2775013 0.8881205 0.2645148 0.8860059 0.2618415 0.8429744 0.2762361 0.8600323 0.2762361 0.8600323 0.2896063 0.8459579 0.2898038 0.8882524 0.1360278 0.7965704 0.1313565 0.824365 0.114758 0.793484 0.1705448 0.8672292 0.1559869 0.8227975 0.1808162 0.8605709 0.2218233 0.9064501 0.1560181 0.8760733 0.1705448 0.8672292 0.1313565 0.824365 0.1560181 0.8760733 0.1048241 0.8294134 0.1048241 0.8294134 0.114758 0.793484 0.1313565 0.824365 0.1097443 0.7731346 0.114758 0.793484 0.09676623 0.8037276 0.114758 0.793484 0.1097443 0.7731346 0.1360278 0.7965704 0.1767581 0.7916545 0.215045 0.8247691 0.1761825 0.7974367 0.1690847 0.8275665 0.1559869 0.8227975 0.1761825 0.7974367 0.1909115 0.8437364 0.215045 0.8247691 0.2293822 0.8578035 0.2293822 0.8578035 0.215045 0.8247691 0.2220641 0.8262374 0.2169665 0.8166849 0.2220641 0.8262374 0.215045 0.8247691 0.1767581 0.7916545 0.2201943 0.7906991 0.2169665 0.8166849 0.2220641 0.8262374 0.2169665 0.8166849 0.2364678 0.8328792 0.2201943 0.7906991 0.2364678 0.8328792 0.2169665 0.8166849 0.1360278 0.7965704 0.1433386 0.7773525 0.1767581 0.7916545 0.1794796 0.760381 0.1767581 0.7916545 0.1433386 0.7773525 0.1690847 0.8275665 0.215045 0.8247691 0.1909115 0.8437364 0.1767581 0.7916545 0.1794796 0.760381 0.2201943 0.7906991 0.1287094 0.7067223 0.1396751 0.7365528 0.1375893 0.7467899 0.1240748 0.7625619 0.1375893 0.7467899 0.1433386 0.7773525 0.1375893 0.7467899 0.1715242 0.7320369 0.1794796 0.7544438 0.1794796 0.7544438 0.1433386 0.7773525 0.1375893 0.7467899 0.0384224 0.6468354 0.06302505 0.6913644 0.0522207 0.6845541 0.07304233 0.6914691 0.06302505 0.6913644 0.0384224 0.6468354 0.05521094 0.708854 0.06302505 0.6913644 0.07076746 0.7129587 0.06302505 0.6913644 0.08555597 0.7059164 0.07076746 0.7129587 0.08555597 0.7059164 0.08743095 0.7286145 0.07076746 0.7129587 0.2645148 0.8860059 0.263174 0.9710589 0.2543079 0.8821392 0.2896063 0.8459579 0.2990347 0.8861703 0.2898038 0.8882524 0.1182553 0.7475319 0.1278001 0.7247875 0.1240748 0.7625619 0.1375893 0.7467899 0.1278001 0.7247875 0.1287094 0.7067223 0.1240748 0.7625619 0.1278001 0.7247875 0.1375893 0.7467899 0.2645148 0.8860059 0.2543079 0.8821392 0.2618415 0.8429744 0.09714257 0.7369577 0.08743095 0.7286145 0.1063051 0.7131343 0.2898038 0.8882524 0.2990347 0.8861703 0.263174 0.9710589 0.2543079 0.8821392 0.263174 0.9710589 0.2455987 0.8840251 0.1182553 0.7475319 0.08743095 0.7286145 0.09714257 0.7369577 0.09265863 0.6153039 0.08532023 0.6064367 0.09576386 0.6081805 0.07364314 0.6102865 0.06435894 0.616056 0.06216341 0.607124 0.07627719 0.5935375 0.07364314 0.6102865 0.06216341 0.607124 0.3035392 0.6103719 0.252983 0.6243697 0.2745721 0.5592113 0.08116519 0.59582 0.09576386 0.6081805 0.08532023 0.6064367 0.08013987 0.5719643 0.09424632 0.5761301 0.08116519 0.59582 0.08013987 0.5719643 0.0729947 0.5512192 0.08754467 0.5583615 0.08013987 0.5719643 0.07627719 0.5935375 0.06286227 0.5610898 0.06286227 0.5610898 0.07627719 0.5935375 0.06216341 0.607124 0.2762361 0.8600323 0.2618415 0.8429744 0.2896063 0.8459579 0.07298779 0.840339 0.07919692 0.8058211 0.09272509 0.8316828 0.07298779 0.840339 0.05468118 0.8254581 0.07919692 0.8058211 0.2500057 0.7583336 0.2155582 0.7536051 0.2481312 0.7304716 0.2155582 0.7536051 0.2224953 0.7047758 0.2481312 0.7304716 0.1794796 0.760381 0.2237145 0.7724499 0.2201943 0.7906991 0.08857518 0.7495991 0.1097443 0.7731346 0.06651198 0.7753927 0.1560181 0.8760733 0.2319868 0.924028 0.1618119 0.8712721 0.1808162 0.8605709 0.1559869 0.8227975 0.1276671 0.8445143 0.2319868 0.924028 0.2218233 0.9064501 0.2238425 0.8977805 0.1705448 0.8672292 0.2238425 0.8977805 0.2218233 0.9064501 0.07298779 0.840339 0.09272509 0.8316828 0.1175866 0.8933123 0.1048241 0.8294134 0.1560181 0.8760733 0.1618119 0.8712721 0.1276671 0.8445143 0.1048241 0.8294134 0.1618119 0.8712721 0.03873395 0.7581303 0.06651198 0.7753927 0.05825084 0.7799647 0.3458493 0.5516331 0.3021401 0.5555089 0.3066601 0.5189906 0.3022047 0.5870751 0.3035392 0.6103719 0.2745721 0.5592113 0.3066601 0.5189906 0.3021401 0.5555089 0.2745721 0.5592113 0.393558 0.5607053 0.343936 0.5719125 0.3458493 0.5516331 0.4372659 0.5679916 0.4484452 0.5348005 0.4549285 0.5683752 0.5130891 0.5469815 0.5473867 0.5151042 0.5598738 0.5375236 0.4247704 0.5794818 0.4372659 0.5679916 0.4829579 0.6542906 0.4549285 0.5683752 0.4829579 0.6542906 0.4372659 0.5679916 0.2346139 0.580597 0.2092236 0.6016692 0.2220985 0.5817705 0.3458493 0.5516331 0.3066601 0.5189906 0.3585272 0.4884747 0.1784465 0.407848 0.207299 0.4497181 0.1737999 0.4099907 0.2288823 0.4209434 0.1784465 0.407848 0.1981587 0.3706835 0.204179 0.3706706 0.2288823 0.4209434 0.1981587 0.3706835 0.2292056 0.3449834 0.2288823 0.4209434 0.204179 0.3706706 0.2345616 0.34875 0.2563958 0.3985243 0.2292056 0.3449834 0.2734904 0.3257749 0.2563958 0.3985243 0.2345616 0.34875 0.2800116 0.3330442 0.2895358 0.384624 0.2734904 0.3257749 0.3232137 0.3321778 0.2895358 0.384624 0.2800116 0.3330442 0.3263683 0.3412064 0.3287666 0.3861818 0.3232137 0.3321778 0.3593416 0.3475304 0.3287666 0.3861818 0.3263683 0.3412064 0.3641086 0.353047 0.3538987 0.3919754 0.3593416 0.3475304 0.3920428 0.3981163 0.3641086 0.353047 0.392808 0.3533973 0.3986284 0.3574455 0.3920428 0.3981163 0.392808 0.3533973 0.4975043 0.3694576 0.4870006 0.366513 0.3986284 0.3574455 0.5809327 0.3832165 0.4870006 0.366513 0.4975043 0.3694576 0.411045 0.5076689 0.4077652 0.5807579 0.3752994 0.4944996 0.3524811 0.4232608 0.3920428 0.3981163 0.4144657 0.4808422 0.2563958 0.3985243 0.2365073 0.4419169 0.2288823 0.4209434 0.3287666 0.3861818 0.3524811 0.4232608 0.2895358 0.384624 0.3538987 0.3919754 0.3524811 0.4232608 0.3287666 0.3861818 0.4077652 0.5807579 0.3458493 0.5516331 0.3752994 0.4944996 0.2346139 0.580597 0.2220985 0.5817705 0.1980282 0.55834 0.1965432 0.4818074 0.207299 0.4497181 0.2272958 0.5008588 0.2895358 0.384624 0.2365073 0.4419169 0.2563958 0.3985243 0.2365073 0.4419169 0.2461031 0.4927269 0.207299 0.4497181 0.3920428 0.3981163 0.3524811 0.4232608 0.3538987 0.3919754 0.4484452 0.5348005 0.4372659 0.5679916 0.393558 0.5607053 0.5494037 0.4915007 0.5473867 0.5151042 0.4713413 0.5217877 0.4870006 0.366513 0.4115536 0.4237778 0.3920428 0.3981163 0.2288823 0.4209434 0.2365073 0.4419169 0.207299 0.4497181 0.4870006 0.366513 0.5782983 0.4040656 0.5427328 0.4032597 0.5630811 0.527198 0.5598738 0.5375236 0.5473867 0.5151042 0.411045 0.5076689 0.393558 0.5607053 0.4077652 0.5807579 0.4077652 0.5807579 0.393558 0.5607053 0.3458493 0.5516331 0.441342 0.5497511 0.411045 0.5076689 0.4144657 0.4808422 0.4144657 0.4808422 0.4282855 0.459095 0.441342 0.5497511 0.4282855 0.459095 0.4484452 0.5348005 0.441342 0.5497511 0.441342 0.5497511 0.4484452 0.5348005 0.411045 0.5076689 0.4549285 0.5683752 0.4713413 0.5217877 0.5130891 0.5469815 0.393558 0.5607053 0.411045 0.5076689 0.4484452 0.5348005 0.4247704 0.5794818 0.3688836 0.5888125 0.393558 0.5607053 0.4282855 0.459095 0.4713413 0.5217877 0.4484452 0.5348005 0.3752994 0.4944996 0.4144657 0.4808422 0.411045 0.5076689 0.3585272 0.4884747 0.3752994 0.4944996 0.3458493 0.5516331 0.4282855 0.459095 0.4144657 0.4808422 0.4115536 0.4237778 0.4144657 0.4808422 0.3920428 0.3981163 0.4115536 0.4237778 0.4144657 0.4808422 0.3752994 0.4944996 0.3524811 0.4232608 0.3524811 0.4232608 0.3752994 0.4944996 0.3585272 0.4884747 0.07919692 0.8058211 0.1048241 0.8294134 0.09272509 0.8316828 0.1175866 0.8933123 0.09272509 0.8316828 0.1276671 0.8445143 0.1276671 0.8445143 0.09272509 0.8316828 0.1048241 0.8294134 0.08555597 0.7059164 0.1101856 0.7120887 0.1063051 0.7131343 0.08555597 0.7059164 0.07304233 0.6914691 0.09049516 0.6954924 0.06302505 0.6913644 0.07304233 0.6914691 0.08555597 0.7059164 0.1278001 0.7247875 0.1101856 0.7120887 0.1287094 0.7067223 0.2092236 0.6016692 0.1980282 0.55834 0.2220985 0.5817705 0.1902335 0.5189611 0.2124794 0.5368394 0.1980282 0.55834 0.2253558 0.5336799 0.1980282 0.55834 0.2124794 0.5368394 0.2253558 0.5336799 0.2124794 0.5368394 0.1902335 0.5189611 0.2272958 0.5008588 0.1902335 0.5189611 0.2115925 0.4971357 0.1965432 0.4818074 0.2115925 0.4971357 0.1902335 0.5189611 0.1965432 0.4818074 0.2272958 0.5008588 0.2115925 0.4971357 0.2346139 0.580597 0.1980282 0.55834 0.2253558 0.5336799 0.2272958 0.5008588 0.2253558 0.5336799 0.1902335 0.5189611 0.2272958 0.5008588 0.207299 0.4497181 0.2461031 0.4927269 0.2092236 0.6016692 0.2346139 0.580597 0.252983 0.6243697 0.2745721 0.5592113 0.252983 0.6243697 0.2346139 0.580597 0.2346139 0.580597 0.2253558 0.5336799 0.2461031 0.4927269 0.2272958 0.5008588 0.2461031 0.4927269 0.2253558 0.5336799 0.2346139 0.580597 0.2461031 0.4927269 0.2745721 0.5592113 0.3066601 0.5189906 0.2745721 0.5592113 0.2461031 0.4927269 0.3220435 0.5745487 0.343936 0.5719125 0.3290283 0.5889346 0.3290283 0.5889346 0.343936 0.5719125 0.3688836 0.5888125 0.393558 0.5607053 0.3688836 0.5888125 0.343936 0.5719125 0.3290283 0.5889346 0.3022047 0.5870751 0.3220435 0.5745487 0.3022047 0.5870751 0.2745721 0.5592113 0.3021401 0.5555089 0.9474136 0.623838 0.8922159 0.5267148 0.916037 0.5190069 0.9094842 0.4744542 0.9090144 0.487289 0.8907153 0.4637445 0.9094842 0.4744542 0.8907153 0.4637445 0.893268 0.441265 0.9502032 0.6011803 0.916037 0.5190069 0.9327841 0.5255963 0.9513699 0.5447468 0.9327841 0.5255963 0.932138 0.4949271 0.9498265 0.4972752 0.9513699 0.5447468 0.932138 0.4949271 0.932138 0.4949271 0.9327841 0.5255963 0.916037 0.5190069 0.932138 0.4949271 0.916037 0.5190069 0.9094842 0.4744542 0.8922159 0.5267148 0.8728005 0.5448614 0.8907153 0.4637445 0.8728005 0.5448614 0.8350791 0.4349423 0.8907153 0.4637445 0.893268 0.441265 0.8907153 0.4637445 0.8350791 0.4349423 0.9014266 0.4164738 0.9231815 0.4361053 0.893268 0.441265 0.893268 0.441265 0.9231815 0.4361053 0.9388337 0.4770006 0.9094842 0.4744542 0.893268 0.441265 0.9388337 0.4770006 0.9498265 0.4972752 0.9515536 0.4477317 0.9805293 0.5276144 0.9805293 0.5276144 0.9515536 0.4477317 0.9767315 0.4780452 0.9515536 0.4477317 0.9498265 0.4972752 0.932138 0.4949271 0.9388337 0.4770006 0.9231815 0.4361053 0.9094842 0.4744542 0.932138 0.4949271 0.9094842 0.4744542 0.9515536 0.4477317 0.9094842 0.4744542 0.9231815 0.4361053 0.9515536 0.4477317 0.9231815 0.4361053 0.9391464 0.4147422 0.9515536 0.4477317 0.9515536 0.4477317 0.9391464 0.4147422 0.9735783 0.4230317 0.7582693 0.3957183 0.7940889 0.3876686 0.7975026 0.4027465 0.7940889 0.3876686 0.7343834 0.3638157 0.8264355 0.381902 0.7940889 0.3876686 0.8264355 0.381902 0.8223381 0.4019091 0.7343834 0.3638157 0.6711264 0.4170228 0.6553973 0.3751602 0.893268 0.441265 0.8264355 0.381902 0.9014266 0.4164738 0.7369797 0.4017712 0.6711264 0.4170228 0.7423413 0.3833897 0.5782983 0.4040656 0.6553973 0.3751602 0.6711264 0.4170228 0.6462529 0.4476251 0.6091969 0.4249347 0.6711264 0.4170228 0.5630811 0.527198 0.6120611 0.4611445 0.6323062 0.4917888 0.6711264 0.4170228 0.6091969 0.4249347 0.5782983 0.4040656 0.588343 0.4249345 0.6541852 0.4430353 0.5923901 0.4618945 0.6323062 0.4917888 0.6462529 0.4476251 0.6595597 0.4790092 0.6726478 0.5211019 0.6323062 0.4917888 0.6595597 0.4790092 0.6909829 0.4580568 0.6595597 0.4790092 0.6780927 0.4311568 0.7095825 0.4472237 0.6909829 0.4580568 0.6780927 0.4311568 0.7369797 0.4017712 0.7495362 0.4233251 0.7239028 0.4350732 0.7239028 0.4350732 0.7095825 0.4472237 0.7369797 0.4017712 0.7130604 0.4791379 0.6909829 0.4580568 0.7095825 0.4472237 0.7440277 0.4551104 0.7239028 0.4350732 0.7495362 0.4233251 0.7650991 0.4367873 0.7495362 0.4233251 0.7754717 0.4204285 0.7582693 0.3957183 0.7495362 0.4233251 0.7369797 0.4017712 0.7582693 0.3957183 0.7754717 0.4204285 0.7495362 0.4233251 0.7975026 0.4027465 0.7754717 0.4204285 0.7582693 0.3957183 0.7754717 0.4204285 0.7975026 0.4027465 0.8011036 0.429053 0.8172178 0.4275531 0.8011036 0.429053 0.7975026 0.4027465 0.7975026 0.4027465 0.8223381 0.4019091 0.8172178 0.4275531 0.8172178 0.4275531 0.8223381 0.4019091 0.8350791 0.4349423 0.916037 0.5190069 0.8907153 0.4637445 0.9090144 0.487289 0.8907153 0.4637445 0.916037 0.5190069 0.8922159 0.5267148 0.916037 0.5190069 0.9090144 0.487289 0.9094842 0.4744542 0.5923901 0.4618945 0.6541852 0.4430353 0.6120611 0.4611445 0.6120611 0.4611445 0.6541852 0.4430353 0.588343 0.4249345 0.6091969 0.4249347 0.6544772 0.4426921 0.6120611 0.4611445 0.6091969 0.4249347 0.6462529 0.4476251 0.6544772 0.4426921 0.6462529 0.4476251 0.6120611 0.4611445 0.6544772 0.4426921 0.6462529 0.4476251 0.6711264 0.4170228 0.6868249 0.4202442 0.6780927 0.4311568 0.6868249 0.4202442 0.6711264 0.4170228 0.6462529 0.4476251 0.6868249 0.4202442 0.6780927 0.4311568 0.5427328 0.4032597 0.5923901 0.4618945 0.5494037 0.4915007 0.6091969 0.4249347 0.6120611 0.4611445 0.588343 0.4249345 0.6091969 0.4249347 0.588343 0.4249345 0.5782983 0.4040656 0.5427328 0.4032597 0.5782983 0.4040656 0.588343 0.4249345 0.6120611 0.4611445 0.5473867 0.5151042 0.5923901 0.4618945 0.5494037 0.4915007 0.5923901 0.4618945 0.5473867 0.5151042 0.7369797 0.4017712 0.7447552 0.3901876 0.7582693 0.3957183 0.7423413 0.3833897 0.7447552 0.3901876 0.7369797 0.4017712 0.7423413 0.3833897 0.7582693 0.3957183 0.7447552 0.3901876 0.8223381 0.4019091 0.7975026 0.4027465 0.8214519 0.4020857 0.7975026 0.4027465 0.7940889 0.3876686 0.8214519 0.4020857 0.8223381 0.4019091 0.8214519 0.4020857 0.7940889 0.3876686 0.4696047 0.0888462 0.4650456 0.1090112 0.4621633 0.06497168 0.4621633 0.06497168 0.4650456 0.1090112 0.4484464 0.09873855 0.4484464 0.09873855 0.4254323 0.09332787 0.4621633 0.06497168 0.5032846 0.07658165 0.4650456 0.1090112 0.4696047 0.0888462 0.477187 0.1573414 0.4650456 0.1090112 0.4870876 0.1168958 0.5032846 0.07658165 0.4870876 0.1168958 0.4650456 0.1090112 0.5296795 0.09038484 0.477187 0.1573414 0.4870876 0.1168958 0.4650456 0.1090112 0.477187 0.1573414 0.464029 0.1723383 0.4271173 0.1520018 0.4650456 0.1090112 0.464029 0.1723383 0.464029 0.1723383 0.4887251 0.1892654 0.4640917 0.251274 0.4974679 0.1613827 0.464029 0.1723383 0.477187 0.1573414 0.4640917 0.251274 0.4146862 0.1888833 0.464029 0.1723383 0.4271173 0.1520018 0.464029 0.1723383 0.4146862 0.1888833 0.3833266 0.1335498 0.4271173 0.1520018 0.4146862 0.1888833 0.4146862 0.1888833 0.406288 0.248442 0.3833266 0.1335498 0.4147161 0.2812157 0.3902305 0.2501415 0.406288 0.248442 0.4147161 0.2812157 0.406288 0.248442 0.4159643 0.2432253 0.3902305 0.2501415 0.4147161 0.2812157 0.3841294 0.2533055 0.7337643 0.07985311 0.7170353 0.07691925 0.7444059 0.04182541 0.406288 0.248442 0.4191012 0.2196981 0.4159643 0.2432253 0.7170353 0.07691925 0.7332011 0.09345626 0.7039079 0.1059764 0.4146862 0.1888833 0.4640917 0.251274 0.4191012 0.2196981 0.3692849 0.1808167 0.3902305 0.2501415 0.3841294 0.2533055 0.2886612 0.1425802 0.3507789 0.1603818 0.3032558 0.1934365 0.3723736 0.09678149 0.3919593 0.1035562 0.3555127 0.1252425 0.3833266 0.1335498 0.3601283 0.1739601 0.3507789 0.1603818 0.3507789 0.1603818 0.32069 0.2081946 0.3032558 0.1934365 0.2736861 0.2401301 0.3032558 0.1934365 0.2895122 0.2414335 0.2561333 0.2314155 0.3032558 0.1934365 0.2736861 0.2401301 0.2736861 0.2401301 0.2607189 0.2410983 0.2561333 0.2314155 0.2736861 0.2401301 0.2895122 0.2414335 0.2806732 0.2430511 0.259629 0.2594184 0.2736861 0.2401301 0.2806732 0.2430511 0.2607189 0.2410983 0.2736861 0.2401301 0.259629 0.2594184 0.2445493 0.2480626 0.2561333 0.2314155 0.2607189 0.2410983 0.2448558 0.2308189 0.2561333 0.2314155 0.2445493 0.2480626 0.2791561 0.2612401 0.2806732 0.2430511 0.2895122 0.2414335 0.2791561 0.2612401 0.2895122 0.2414335 0.2896184 0.2453069 0.2981843 0.2432319 0.2896184 0.2453069 0.2895122 0.2414335 0.2906844 0.2605239 0.2896184 0.2453069 0.2981843 0.2432319 0.3050032 0.2475051 0.2906844 0.2605239 0.2981843 0.2432319 0.2765005 0.1098569 0.2886612 0.1425802 0.2489269 0.1400471 0.2489269 0.1400471 0.2561333 0.2314155 0.2448558 0.2308189 0.3213633 0.09243232 0.3232055 0.1185149 0.3155232 0.1086111 0.2886612 0.1425802 0.3155232 0.1086111 0.3232055 0.1185149 0.2886612 0.1425802 0.3232055 0.1185149 0.3555127 0.1252425 0.3456951 0.1010886 0.3555127 0.1252425 0.3232055 0.1185149 0.2765005 0.1098569 0.3155232 0.1086111 0.2886612 0.1425802 0.3456951 0.1010886 0.3723736 0.09678149 0.3555127 0.1252425 0.6568797 0.1657051 0.6020612 0.1675611 0.6047334 0.1396905 0.7800201 0.2565415 0.7504163 0.2289022 0.7975431 0.2263565 0.8501393 0.2364549 0.8273507 0.2293144 0.8274171 0.1974853 0.477187 0.1573414 0.5296795 0.09038484 0.5046368 0.1369957 0.7975431 0.2263565 0.8273507 0.2293144 0.8285745 0.253394 0.8274171 0.1974853 0.8273507 0.2293144 0.7975431 0.2263565 0.7975431 0.2263565 0.7539535 0.1749758 0.8274171 0.1974853 0.7539535 0.1749758 0.7504163 0.2289022 0.7040237 0.1870781 0.6578239 0.1901373 0.6038773 0.2062427 0.6020612 0.1675611 0.6385834 0.2155587 0.6299769 0.228416 0.6242399 0.2163633 0.6038773 0.2062427 0.6385834 0.2155587 0.6242399 0.2163633 0.3213633 0.09243232 0.32722 0.1031106 0.3232055 0.1185149 0.3232055 0.1185149 0.32722 0.1031106 0.3456951 0.1010886 0.6385834 0.2155587 0.6657198 0.2116746 0.651432 0.2261359 0.651432 0.2261359 0.6657198 0.2116746 0.6993317 0.2307702 0.7040237 0.1870781 0.6848893 0.2018718 0.6788556 0.1782795 0.6993317 0.2307702 0.6848893 0.2018718 0.7050368 0.2156288 0.7050368 0.2156288 0.7040237 0.1870781 0.7504163 0.2289022 0.4254323 0.09332787 0.4484464 0.09873855 0.3919593 0.1035562 0.7040237 0.1870781 0.7050368 0.2156288 0.6848893 0.2018718 0.6788556 0.1782795 0.6657198 0.2116746 0.6578239 0.1901373 0.6657198 0.2116746 0.6848893 0.2018718 0.6993317 0.2307702 0.2895122 0.2414335 0.32069 0.2081946 0.2981843 0.2432319 0.32069 0.2081946 0.3329892 0.2127566 0.2981843 0.2432319 0.2981843 0.2432319 0.3329892 0.2127566 0.3050032 0.2475051 0.3155232 0.1086111 0.3110837 0.09807473 0.3213633 0.09243232 0.2765005 0.1098569 0.3155232 0.1086111 0.2765005 0.1098569 0.6242399 0.2163633 0.5903228 0.2149218 0.6038773 0.2062427 0.5903228 0.2149218 0.5838162 0.1964383 0.6038773 0.2062427 0.5838162 0.1964383 0.6020612 0.1675611 0.6038773 0.2062427 0.9033207 0.2198078 0.8933589 0.200718 0.9141747 0.2010713 0.9347079 0.2002961 0.9263311 0.2229099 0.9141747 0.2010713 0.9451161 0.2236842 0.9347079 0.2002961 0.9535333 0.1998034 0.9620321 0.2183626 0.9535333 0.1998034 0.9688111 0.2013127 0.9592775 0.1188092 0.9602957 0.1178723 0.9508615 0.09911268 0.9508615 0.09911268 0.9063555 0.1236601 0.9072942 0.09771859 0.9072942 0.09771859 0.9063555 0.1236601 0.8954488 0.1229639 0.9688111 0.2013127 0.9602957 0.1178723 0.9592775 0.1188092 0.9063555 0.1236601 0.8933589 0.200718 0.8954488 0.1229639 0.9602957 0.1178723 0.9347079 0.2002961 0.9063555 0.1236601 0.9141747 0.2010713 0.9063555 0.1236601 0.9347079 0.2002961 0.9347079 0.2002961 0.9602957 0.1178723 0.9535333 0.1998034 0.7495829 0.09821116 0.7927726 0.05771255 0.7914441 0.1219804 0.477187 0.1573414 0.5046368 0.1369957 0.4974679 0.1613827 0.7539535 0.1749758 0.8278049 0.141199 0.8274171 0.1974853 0.3902305 0.2501415 0.3833266 0.1335498 0.406288 0.248442 0.2886612 0.1425802 0.3032558 0.1934365 0.2561333 0.2314155 0.6788556 0.1782795 0.6578239 0.1901373 0.6568797 0.1657051 0.8300046 0.4718598 0.8172178 0.4275531 0.8350791 0.4349423 0.798042 0.4704036 0.7754717 0.4204285 0.8011036 0.429053 0.3507789 0.1603818 0.3555127 0.1252425 0.3833266 0.1335498 0.3032558 0.1934365 0.32069 0.2081946 0.2895122 0.2414335 0.3555127 0.1252425 0.3919593 0.1035562 0.3833266 0.1335498 0.4484464 0.09873855 0.4271173 0.1520018 0.3833266 0.1335498 0.3919593 0.1035562 0.4484464 0.09873855 0.3833266 0.1335498 0.5545018 0.8622313 0.5405306 0.8433024 0.6287323 0.8435201 0.5604812 0.8286185 0.6287323 0.8435201 0.5405306 0.8433024 0.5535219 0.7797024 0.6128312 0.7699641 0.525332 0.8085086 0.5883781 0.6711645 0.5535219 0.7797024 0.525332 0.8085086 0.5249586 0.7594873 0.5883781 0.6711645 0.525332 0.8085086 0.4729365 0.7498433 0.5225393 0.7007534 0.4788826 0.7687277 0.5225393 0.7007534 0.4999735 0.7574188 0.4788826 0.7687277 0.4779822 0.797589 0.4999735 0.7574188 0.525332 0.8085086 0.6128312 0.7699641 0.5604812 0.8286185 0.525332 0.8085086 0.5405306 0.8433024 0.525332 0.8085086 0.5604812 0.8286185 0.5242652 0.8609457 0.5036166 0.8429071 0.5405306 0.8433024 0.525332 0.8085086 0.5036166 0.8429071 0.4779822 0.797589 0.5242652 0.8609457 0.5405306 0.8433024 0.5425325 0.8726136 0.5425325 0.8726136 0.5405306 0.8433024 0.5545018 0.8622313 0.5149611 0.8853083 0.5036166 0.8429071 0.5242652 0.8609457 0.4967314 0.8660301 0.5036166 0.8429071 0.5149611 0.8853083 0.3806794 0.768984 0.4575501 0.7763544 0.439781 0.7902557 0.4788826 0.7687277 0.4999735 0.7574188 0.4779822 0.797589 0.4781355 0.6993803 0.4729365 0.7498433 0.463892 0.7548682 0.4502732 0.7261801 0.4781355 0.6993803 0.463892 0.7548682 0.463892 0.7548682 0.4788826 0.7687277 0.4575501 0.7763544 0.4296283 0.6836408 0.4253951 0.7098665 0.4148194 0.7026147 0.3762019 0.7573264 0.463892 0.7548682 0.4575501 0.7763544 0.3680185 0.7117249 0.3503283 0.7056851 0.3726391 0.6866294 0.3726391 0.6866294 0.4148194 0.7026147 0.3680185 0.7117249 0.4253951 0.7098665 0.3680185 0.7117249 0.4148194 0.7026147 0.3762019 0.7573264 0.3806794 0.768984 0.3500286 0.7834162 0.3680185 0.7117249 0.344493 0.7775598 0.3503283 0.7056851 0.3500286 0.7834162 0.344493 0.7775598 0.3762019 0.7573264 0.3500286 0.7834162 0.3329086 0.7903106 0.344493 0.7775598 0.4788826 0.7687277 0.463892 0.7548682 0.4729365 0.7498433 0.4398864 0.7153632 0.4502732 0.7261801 0.463892 0.7548682 0.4253951 0.7098665 0.4398864 0.7153632 0.463892 0.7548682 0.4608979 0.8468498 0.4641027 0.8112648 0.4753683 0.8779702 0.4382847 0.8566849 0.4641027 0.8112648 0.4608979 0.8468498 0.439781 0.7902557 0.4641027 0.8112648 0.4382847 0.8566849 0.4753683 0.8779702 0.5036166 0.8429071 0.4967314 0.8660301 0.4641027 0.8112648 0.5036166 0.8429071 0.4753683 0.8779702 0.4779822 0.797589 0.5036166 0.8429071 0.4641027 0.8112648 0.4641027 0.8112648 0.4788826 0.7687277 0.4779822 0.797589 0.4575501 0.7763544 0.4641027 0.8112648 0.439781 0.7902557 0.3329086 0.7903106 0.3500286 0.7834162 0.3486375 0.7924453 0.3535014 0.7968198 0.3486375 0.7924453 0.3500286 0.7834162 0.3486375 0.7924453 0.3535014 0.7968198 0.3411552 0.8056598 0.3542945 0.8038253 0.3411552 0.8056598 0.3535014 0.7968198 0.3617279 0.8039641 0.3542945 0.8038253 0.3535014 0.7968198 0.3542945 0.8038253 0.3617279 0.8039641 0.3490529 0.8140754 0.362077 0.8107716 0.3490529 0.8140754 0.3617279 0.8039641 0.3690702 0.8113713 0.362077 0.8107716 0.3617279 0.8039641 0.362077 0.8107716 0.3690702 0.8113713 0.3595697 0.8221048 0.3734509 0.8163074 0.3595697 0.8221048 0.3690702 0.8113713 0.385774 0.7882535 0.439781 0.7902557 0.420279 0.8025462 0.3806794 0.768984 0.3535014 0.7968198 0.3500286 0.7834162 0.385774 0.7882535 0.3617279 0.8039641 0.3535014 0.7968198 0.385774 0.7882535 0.3535014 0.7968198 0.3806794 0.768984 0.3690702 0.8113713 0.3617279 0.8039641 0.385774 0.7882535 0.439781 0.7902557 0.4382847 0.8566849 0.420279 0.8025462 0.6649509 0.7288426 0.689512 0.706627 0.6981248 0.743414 0.6348783 0.6661339 0.6584467 0.6625429 0.689512 0.706627 0.847387 0.5937678 0.7707743 0.6641249 0.7599711 0.6286667 0.4999735 0.7574188 0.5225393 0.7007534 0.5111348 0.7492294 0.7953731 0.7231856 0.7708208 0.7064729 0.8384794 0.6656413 0.7599711 0.6286667 0.7707743 0.6641249 0.7237244 0.6482286 0.7605924 0.5738158 0.7599711 0.6286667 0.7237244 0.6482286 0.6824815 0.6353424 0.7119376 0.6325589 0.6891625 0.6722099 0.6824815 0.6353424 0.6891625 0.6722099 0.6635884 0.6407966 0.6824815 0.6353424 0.7061115 0.5322017 0.7119376 0.6325589 0.699127 0.7478073 0.7067472 0.7587685 0.6884478 0.7684874 0.689512 0.706627 0.6584467 0.6625429 0.7168782 0.7051059 0.6981248 0.743414 0.689512 0.706627 0.7168782 0.7051059 0.4999735 0.7574188 0.5111348 0.7492294 0.5249586 0.7594873 0.4296283 0.6836408 0.4327127 0.7067713 0.4253951 0.7098665 0.8467821 0.7773194 0.831918 0.7944044 0.8150463 0.7933347 0.4253951 0.7098665 0.4327127 0.7067713 0.4398864 0.7153632 0.8160653 0.8406428 0.831918 0.7944044 0.8322837 0.8394731 0.8304718 0.7248559 0.7987043 0.7603626 0.7953731 0.7231856 0.7708208 0.7064729 0.7953731 0.7231856 0.7987043 0.7603626 0.8150463 0.7933347 0.783639 0.8119532 0.8132377 0.7718035 0.8160653 0.8406428 0.783639 0.8119532 0.8150463 0.7933347 0.8132377 0.7718035 0.783639 0.8119532 0.7987043 0.7603626 0.7987043 0.7603626 0.7601617 0.7300357 0.7708208 0.7064729 0.7168782 0.7051059 0.7708208 0.7064729 0.7601617 0.7300357 0.7168782 0.7051059 0.7601617 0.7300357 0.6981248 0.743414 0.7601617 0.7300357 0.7407029 0.7923061 0.6981248 0.743414 0.7407029 0.7923061 0.783639 0.8119532 0.7474675 0.820233 0.783639 0.8119532 0.8160653 0.8406428 0.7748981 0.8632097 0.783639 0.8119532 0.7748981 0.8632097 0.7474675 0.820233 0.7474675 0.820233 0.7748981 0.8632097 0.7258068 0.8274634 0.9603564 0.1179556 0.9078606 0.09804993 0.9510983 0.09892356 0.96195 0.2176777 0.9532385 0.2001159 0.9681336 0.2007203 0.9454894 0.2215163 0.9342433 0.1998735 0.9532385 0.2001159 0.9260469 0.223 0.914292 0.2010318 0.9342433 0.1998735 0.9034464 0.2207984 0.8933713 0.2013858 0.914292 0.2010318 0.8956656 0.1220441 0.9603564 0.1179556 0.9342433 0.1998735 0.9342433 0.1998735 0.9603564 0.1179556 0.9532385 0.2001159 0.9603564 0.1179556 0.9681336 0.2007203 0.9532385 0.2001159 0.914292 0.2010318 0.8956656 0.1220441 0.9342433 0.1998735 0.8933713 0.2013858 0.8956656 0.1220441 0.914292 0.2010318 0.05806702 0.3571752 0.05229943 0.2898428 0.08996462 0.340439 0.1038924 0.373488 0.07774513 0.4022253 0.05806702 0.3571752 0.05229943 0.2898428 0.09149718 0.3011503 0.08996462 0.340439 0.08996462 0.340439 0.1221001 0.3504637 0.1038924 0.373488 0.1319611 0.306272 0.142119 0.303774 0.1444438 0.3298303 0.1313418 0.3806733 0.1038924 0.373488 0.1221001 0.3504637 0.05806702 0.3571752 0.07774513 0.4022253 0.06094348 0.410397 0.1238973 0.2870898 0.1319611 0.306272 0.1126063 0.3042836 0.08996462 0.340439 0.1038924 0.373488 0.05806702 0.3571752 0.1766866 0.3168962 0.142119 0.303774 0.1731066 0.2954183 0.08996462 0.340439 0.09149718 0.3011503 0.1126063 0.3042836 0.143133 0.2865838 0.142119 0.303774 0.1319611 0.306272 0.1126063 0.3042836 0.1319611 0.306272 0.1221001 0.3504637 0.06751441 0.4711229 0.06094348 0.410397 0.07774513 0.4022253 0.1459971 0.1816047 0.1336867 0.1896523 0.1396849 0.1497615 0.1340349 0.2150485 0.1336867 0.1896523 0.1431553 0.2318373 0.1431553 0.2318373 0.1336867 0.1896523 0.1556005 0.2155097 0.1459971 0.1816047 0.1958988 0.2104551 0.1336867 0.1896523 0.091726 0.1775435 0.08597141 0.2203013 0.05241239 0.2322185 0.08597141 0.2203013 0.091726 0.1775435 0.09758573 0.2350164 0.09758573 0.2350164 0.091726 0.1775435 0.1167876 0.2177878 0.091726 0.1775435 0.1336867 0.1896523 0.1167876 0.2177878 0.1167876 0.2177878 0.1336867 0.1896523 0.1253203 0.2296926 0.1253203 0.2296926 0.1336867 0.1896523 0.1340349 0.2150485 0.1126063 0.3042836 0.09149718 0.3011503 0.09640645 0.2818732 0.1221001 0.3504637 0.08996462 0.340439 0.1126063 0.3042836 0.1221001 0.3504637 0.1319611 0.306272 0.1444438 0.3298303 0.1971001 0.2368495 0.1556005 0.2155097 0.1919094 0.2215179 0.1556005 0.2155097 0.1336867 0.1896523 0.1919094 0.2215179 0.1919094 0.2215179 0.1336867 0.1896523 0.1958988 0.2104551 0.06080353 0.07552403 0.07526242 0.03590995 0.07025492 0.09788841 0.0775004 0.09300172 0.07025492 0.09788841 0.07526242 0.03590995 0.05241239 0.2322185 0.05890357 0.1458529 0.091726 0.1775435 0.091726 0.1775435 0.05890357 0.1458529 0.07025492 0.09788841 0.05890357 0.1458529 0.06080353 0.07552403 0.07025492 0.09788841 0.1396849 0.1497615 0.091726 0.1775435 0.1401262 0.1233243 0.091726 0.1775435 0.1396849 0.1497615 0.1336867 0.1896523 0.1401262 0.1233243 0.091726 0.1775435 0.1046321 0.1304513 0.1046321 0.1304513 0.07025492 0.09788841 0.0775004 0.09300172 0.091726 0.1775435 0.07025492 0.09788841 0.1046321 0.1304513 0.8172178 0.4275531 0.8011036 0.429053 0.8011036 0.429053 0.893268 0.441265 0.8350791 0.4349423 0.8223381 0.4019091 0.7369797 0.4017712 0.7095825 0.4472237 0.6780927 0.4311568 0.6780927 0.4311568 0.6595597 0.4790092 0.6462529 0.4476251 0.783639 0.8119532 0.7601617 0.7300357 0.7987043 0.7603626 0.08754467 0.5583615 0.0729947 0.5512192 0.1055999 0.5430955 0.525332 0.8085086 0.4999735 0.7574188 0.5249586 0.7594873 0.3021401 0.5555089 0.3220435 0.5745487 0.3022047 0.5870751 0.3920428 0.3981163 0.3986284 0.3574455 0.4870006 0.366513 0.4870006 0.366513 0.5809327 0.3832165 0.5782983 0.4040656 0.1276671 0.8445143 0.1559869 0.8227975 0.1175866 0.8933123 0.1618119 0.8712721 0.1808162 0.8605709 0.1276671 0.8445143 0.1690847 0.8275665 0.1175866 0.8933123 0.1559869 0.8227975 0.2238425 0.8977805 0.1618119 0.8712721 0.2319868 0.924028 0.176105 0.5736613 0.1752234 0.5820846 0.2092236 0.6016692 0.1935476 0.6106691 0.1892313 0.6169751 0.2216811 0.6396118 0.1984935 0.6450316 0.1982296 0.6516571 0.2259652 0.6681156 0.2025181 0.6785562 0.1996451 0.6862074 0.2224953 0.7047758 0.1917318 0.7063817 0.1886161 0.7108044 0.2155582 0.7536051 0.1722311 0.5373606 0.1667908 0.5415531 0.1980282 0.55834 0.1612414 0.4879216 0.1600557 0.4952316 0.1902335 0.5189611 0.1656742 0.4420132 0.1614331 0.4465771 0.1965432 0.4818074 0.1656742 0.4420132 0.207299 0.4497181 0.1737999 0.4099907 0.1612414 0.4879216 0.1965432 0.4818074 0.1614331 0.4465771 0.1722311 0.5373606 0.1902335 0.5189611 0.1600557 0.4952316 0.176105 0.5736613 0.1980282 0.55834 0.1667908 0.5415531 0.1935476 0.6106691 0.2092236 0.6016692 0.1752234 0.5820846 0.1984935 0.6450316 0.2216811 0.6396118 0.1892313 0.6169751 0.2025181 0.6785562 0.2259652 0.6681156 0.1982296 0.6516571 0.1917318 0.7063817 0.2224953 0.7047758 0.1996451 0.6862074 0.1886161 0.7108044 0.1794796 0.7544438 0.2155582 0.7536051 0.2674277 0.7904435 0.2237145 0.7724499 0.2715364 0.8140411 0.2155582 0.7536051 0.1794796 0.760381 0.2237145 0.7724499 0.1794796 0.7544438 0.1433386 0.7773525 0.1794796 0.760381 0.2364678 0.8328792 0.2395999 0.8186147 0.2201943 0.7906991 0.2237145 0.7724499 0.2395999 0.8186147 0.2715364 0.8140411 0.2857631 0.7457522 0.2500057 0.7583336 0.2973104 0.7640284 0.2875089 0.6988376 0.2481312 0.7304716 0.2981398 0.7186567 0.2856767 0.6616595 0.2501986 0.6993879 0.2951833 0.6760894 0.2875089 0.6988376 0.2501986 0.6993879 0.2481312 0.7304716 0.2857631 0.7457522 0.2481312 0.7304716 0.2500057 0.7583336 0.2973104 0.7640284 0.2500057 0.7583336 0.2674277 0.7904435 0.2674277 0.7904435 0.2500057 0.7583336 0.2155582 0.7536051 0.2481312 0.7304716 0.2501986 0.6993879 0.2224953 0.7047758 0.2224953 0.7047758 0.2501986 0.6993879 0.2259652 0.6681156 0.252983 0.6243697 0.2259652 0.6681156 0.2501986 0.6993879 0.252983 0.6243697 0.2856767 0.6616595 0.2855388 0.6508482 0.252983 0.6243697 0.2855388 0.6508482 0.2951268 0.6395567 0.2951268 0.6395567 0.2873332 0.6229568 0.252983 0.6243697 0.2259652 0.6681156 0.252983 0.6243697 0.2216811 0.6396118 0.2092236 0.6016692 0.2216811 0.6396118 0.252983 0.6243697 0.03609079 0.7722472 0.04012626 0.7862725 0.05825084 0.7799647 0.04012626 0.7862725 0.05218154 0.7943111 0.05825084 0.7799647 0.1175866 0.8933123 0.1909115 0.8437364 0.1690847 0.8275665 0.05334079 0.8096538 0.05468118 0.8254581 0.07919692 0.8058211 0.007863104 0.7601544 0.02131557 0.7694498 0.03873395 0.7581303 0.02899563 0.7534604 0.007863104 0.7601544 0.03873395 0.7581303 0.03609079 0.7722472 0.03873395 0.7581303 0.02131557 0.7694498 0.05334079 0.8096538 0.05825084 0.7799647 0.05218154 0.7943111 0.04401624 0.7344267 0.03873395 0.7581303 0.05492949 0.7349306 0.07919692 0.8058211 0.06651198 0.7753927 0.05825084 0.7799647 0.08857518 0.7495991 0.05492949 0.7349306 0.06651198 0.7753927 0.03873395 0.7581303 0.06651198 0.7753927 0.05492949 0.7349306 0.1240748 0.7625619 0.1360278 0.7965704 0.1433386 0.7773525 0.09676623 0.8037276 0.07919692 0.8058211 0.1048241 0.8294134 0.1360278 0.7965704 0.1240748 0.7625619 0.1097443 0.7731346 0.1240748 0.7625619 0.08857518 0.7495991 0.1097443 0.7731346 0.09676623 0.8037276 0.1097443 0.7731346 0.06651198 0.7753927 0.2645148 0.8860059 0.2775013 0.8881205 0.2762361 0.8600323 0.2898038 0.8882524 0.2762361 0.8600323 0.2775013 0.8881205 0.1761825 0.7974367 0.1360278 0.7965704 0.1559869 0.8227975 0.1767581 0.7916545 0.1360278 0.7965704 0.1761825 0.7974367 0.263174 0.9710589 0.2898038 0.8882524 0.2775013 0.8881205 0.263174 0.9710589 0.2775013 0.8881205 0.2645148 0.8860059 0.2645148 0.8860059 0.2762361 0.8600323 0.2618415 0.8429744 0.2762361 0.8600323 0.2898038 0.8882524 0.2896063 0.8459579 0.1360278 0.7965704 0.1313565 0.824365 0.1559869 0.8227975 0.1705448 0.8672292 0.1559869 0.8227975 0.1313565 0.824365 0.2218233 0.9064501 0.1560181 0.8760733 0.2319868 0.924028 0.1560181 0.8760733 0.1313565 0.824365 0.1048241 0.8294134 0.1048241 0.8294134 0.114758 0.793484 0.09676623 0.8037276 0.1097443 0.7731346 0.09676623 0.8037276 0.114758 0.793484 0.114758 0.793484 0.1360278 0.7965704 0.1097443 0.7731346 0.215045 0.8247691 0.1767581 0.7916545 0.1761825 0.7974367 0.1690847 0.8275665 0.1761825 0.7974367 0.1559869 0.8227975 0.1909115 0.8437364 0.2293822 0.8578035 0.215045 0.8247691 0.2293822 0.8578035 0.2220641 0.8262374 0.215045 0.8247691 0.2169665 0.8166849 0.215045 0.8247691 0.2220641 0.8262374 0.1767581 0.7916545 0.2169665 0.8166849 0.2201943 0.7906991 0.2220641 0.8262374 0.2364678 0.8328792 0.2169665 0.8166849 0.2201943 0.7906991 0.2169665 0.8166849 0.2364678 0.8328792 0.1360278 0.7965704 0.1767581 0.7916545 0.1433386 0.7773525 0.1794796 0.760381 0.1433386 0.7773525 0.1767581 0.7916545 0.215045 0.8247691 0.1690847 0.8275665 0.1909115 0.8437364 0.1767581 0.7916545 0.2201943 0.7906991 0.1794796 0.760381 0.1287094 0.7067223 0.1375893 0.7467899 0.1396751 0.7365528 0.1240748 0.7625619 0.1433386 0.7773525 0.1375893 0.7467899 0.1715242 0.7320369 0.1375893 0.7467899 0.1794796 0.7544438 0.1794796 0.7544438 0.1375893 0.7467899 0.1433386 0.7773525 0.0384224 0.6468354 0.0522207 0.6845541 0.06302505 0.6913644 0.07304233 0.6914691 0.0384224 0.6468354 0.06302505 0.6913644 0.05521094 0.708854 0.06302505 0.6913644 0.0522207 0.6845541 0.06302505 0.6913644 0.07076746 0.7129587 0.08555597 0.7059164 0.08743095 0.7286145 0.08555597 0.7059164 0.07076746 0.7129587 0.2645148 0.8860059 0.2543079 0.8821392 0.263174 0.9710589 0.2896063 0.8459579 0.2898038 0.8882524 0.2990347 0.8861703 0.1182553 0.7475319 0.1240748 0.7625619 0.1278001 0.7247875 0.1375893 0.7467899 0.1287094 0.7067223 0.1278001 0.7247875 0.1240748 0.7625619 0.1375893 0.7467899 0.1278001 0.7247875 0.2645148 0.8860059 0.2618415 0.8429744 0.2543079 0.8821392 0.09714257 0.7369577 0.1063051 0.7131343 0.08743095 0.7286145 0.2898038 0.8882524 0.263174 0.9710589 0.2990347 0.8861703 0.2543079 0.8821392 0.2455987 0.8840251 0.263174 0.9710589 0.08743095 0.7286145 0.1182553 0.7475319 0.09714257 0.7369577 0.09265863 0.6153039 0.09576386 0.6081805 0.08532023 0.6064367 0.07364314 0.6102865 0.06216341 0.607124 0.06435894 0.616056 0.07627719 0.5935375 0.06216341 0.607124 0.07364314 0.6102865 0.3035392 0.6103719 0.252983 0.6243697 0.2873332 0.6229568 0.09576386 0.6081805 0.08116519 0.59582 0.08532023 0.6064367 0.08013987 0.5719643 0.08116519 0.59582 0.09424632 0.5761301 0.08013987 0.5719643 0.0729947 0.5512192 0.06286227 0.5610898 0.08013987 0.5719643 0.06286227 0.5610898 0.07627719 0.5935375 0.06286227 0.5610898 0.06216341 0.607124 0.07627719 0.5935375 0.2762361 0.8600323 0.2896063 0.8459579 0.2618415 0.8429744 0.07298779 0.840339 0.09272509 0.8316828 0.07919692 0.8058211 0.07298779 0.840339 0.07919692 0.8058211 0.05468118 0.8254581 0.2500057 0.7583336 0.2481312 0.7304716 0.2155582 0.7536051 0.2155582 0.7536051 0.2481312 0.7304716 0.2224953 0.7047758 0.1794796 0.760381 0.2201943 0.7906991 0.2237145 0.7724499 0.08857518 0.7495991 0.06651198 0.7753927 0.1097443 0.7731346 0.1560181 0.8760733 0.1618119 0.8712721 0.2319868 0.924028 0.1808162 0.8605709 0.1276671 0.8445143 0.1559869 0.8227975 0.2319868 0.924028 0.2238425 0.8977805 0.2218233 0.9064501 0.2238425 0.8977805 0.1705448 0.8672292 0.2218233 0.9064501 0.07298779 0.840339 0.1175866 0.8933123 0.09272509 0.8316828 0.1048241 0.8294134 0.1618119 0.8712721 0.1560181 0.8760733 0.1276671 0.8445143 0.1618119 0.8712721 0.1048241 0.8294134 0.03873395 0.7581303 0.05825084 0.7799647 0.06651198 0.7753927 0.3458493 0.5516331 0.3021401 0.5555089 0.343936 0.5719125 0.3022047 0.5870751 0.2745721 0.5592113 0.3035392 0.6103719 0.3066601 0.5189906 0.2745721 0.5592113 0.3021401 0.5555089 0.393558 0.5607053 0.3458493 0.5516331 0.343936 0.5719125 0.4372659 0.5679916 0.4549285 0.5683752 0.4484452 0.5348005 0.5130891 0.5469815 0.5473867 0.5151042 0.4713413 0.5217877 0.4247704 0.5794818 0.4829579 0.6542906 0.4372659 0.5679916 0.4549285 0.5683752 0.4372659 0.5679916 0.4829579 0.6542906 0.2346139 0.580597 0.2220985 0.5817705 0.2092236 0.6016692 0.3458493 0.5516331 0.3585272 0.4884747 0.3066601 0.5189906 0.1784465 0.407848 0.1737999 0.4099907 0.207299 0.4497181 0.1784465 0.407848 0.2288823 0.4209434 0.1981587 0.3706835 0.204179 0.3706706 0.1981587 0.3706835 0.2288823 0.4209434 0.2292056 0.3449834 0.2288823 0.4209434 0.2563958 0.3985243 0.2345616 0.34875 0.2292056 0.3449834 0.2563958 0.3985243 0.2734904 0.3257749 0.2563958 0.3985243 0.2895358 0.384624 0.2800116 0.3330442 0.2734904 0.3257749 0.2895358 0.384624 0.3232137 0.3321778 0.2895358 0.384624 0.3287666 0.3861818 0.3263683 0.3412064 0.3232137 0.3321778 0.3287666 0.3861818 0.3593416 0.3475304 0.3287666 0.3861818 0.3538987 0.3919754 0.3641086 0.353047 0.3593416 0.3475304 0.3538987 0.3919754 0.3641086 0.353047 0.3920428 0.3981163 0.392808 0.3533973 0.3986284 0.3574455 0.392808 0.3533973 0.3920428 0.3981163 0.4975043 0.3694576 0.3986284 0.3574455 0.4870006 0.366513 0.5809327 0.3832165 0.4975043 0.3694576 0.4870006 0.366513 0.411045 0.5076689 0.3752994 0.4944996 0.4077652 0.5807579 0.3524811 0.4232608 0.4144657 0.4808422 0.3920428 0.3981163 0.2563958 0.3985243 0.2288823 0.4209434 0.2365073 0.4419169 0.3287666 0.3861818 0.2895358 0.384624 0.3524811 0.4232608 0.3538987 0.3919754 0.3287666 0.3861818 0.3524811 0.4232608 0.4077652 0.5807579 0.3752994 0.4944996 0.3458493 0.5516331 0.2346139 0.580597 0.1980282 0.55834 0.2220985 0.5817705 0.1965432 0.4818074 0.2272958 0.5008588 0.207299 0.4497181 0.2895358 0.384624 0.2563958 0.3985243 0.2365073 0.4419169 0.2365073 0.4419169 0.207299 0.4497181 0.2461031 0.4927269 0.3920428 0.3981163 0.3538987 0.3919754 0.3524811 0.4232608 0.4484452 0.5348005 0.393558 0.5607053 0.4372659 0.5679916 0.5494037 0.4915007 0.4713413 0.5217877 0.5473867 0.5151042 0.4870006 0.366513 0.3920428 0.3981163 0.4115536 0.4237778 0.2288823 0.4209434 0.207299 0.4497181 0.2365073 0.4419169 0.4870006 0.366513 0.5427328 0.4032597 0.5782983 0.4040656 0.5630811 0.527198 0.5473867 0.5151042 0.5598738 0.5375236 0.411045 0.5076689 0.4077652 0.5807579 0.393558 0.5607053 0.4077652 0.5807579 0.3458493 0.5516331 0.393558 0.5607053 0.441342 0.5497511 0.4144657 0.4808422 0.411045 0.5076689 0.4144657 0.4808422 0.441342 0.5497511 0.4282855 0.459095 0.4282855 0.459095 0.441342 0.5497511 0.4484452 0.5348005 0.441342 0.5497511 0.411045 0.5076689 0.4484452 0.5348005 0.4549285 0.5683752 0.4713413 0.5217877 0.4484452 0.5348005 0.393558 0.5607053 0.4484452 0.5348005 0.411045 0.5076689 0.4372659 0.5679916 0.4247704 0.5794818 0.393558 0.5607053 0.4282855 0.459095 0.4484452 0.5348005 0.4713413 0.5217877 0.3752994 0.4944996 0.411045 0.5076689 0.4144657 0.4808422 0.3585272 0.4884747 0.3458493 0.5516331 0.3752994 0.4944996 0.4282855 0.459095 0.4115536 0.4237778 0.4144657 0.4808422 0.4144657 0.4808422 0.4115536 0.4237778 0.3920428 0.3981163 0.4144657 0.4808422 0.3524811 0.4232608 0.3752994 0.4944996 0.3524811 0.4232608 0.3585272 0.4884747 0.3752994 0.4944996 0.07919692 0.8058211 0.09272509 0.8316828 0.1048241 0.8294134 0.1175866 0.8933123 0.1276671 0.8445143 0.09272509 0.8316828 0.1276671 0.8445143 0.1048241 0.8294134 0.09272509 0.8316828 0.1101856 0.7120887 0.08555597 0.7059164 0.1063051 0.7131343 0.08555597 0.7059164 0.09049516 0.6954924 0.07304233 0.6914691 0.06302505 0.6913644 0.08555597 0.7059164 0.07304233 0.6914691 0.1101856 0.7120887 0.1278001 0.7247875 0.1287094 0.7067223 0.2092236 0.6016692 0.2220985 0.5817705 0.1980282 0.55834 0.1902335 0.5189611 0.1980282 0.55834 0.2124794 0.5368394 0.2253558 0.5336799 0.2124794 0.5368394 0.1980282 0.55834 0.2253558 0.5336799 0.1902335 0.5189611 0.2124794 0.5368394 0.2272958 0.5008588 0.2115925 0.4971357 0.1902335 0.5189611 0.1965432 0.4818074 0.1902335 0.5189611 0.2115925 0.4971357 0.1965432 0.4818074 0.2115925 0.4971357 0.2272958 0.5008588 0.2346139 0.580597 0.2253558 0.5336799 0.1980282 0.55834 0.2272958 0.5008588 0.1902335 0.5189611 0.2253558 0.5336799 0.2272958 0.5008588 0.2461031 0.4927269 0.207299 0.4497181 0.2092236 0.6016692 0.252983 0.6243697 0.2346139 0.580597 0.2745721 0.5592113 0.2346139 0.580597 0.252983 0.6243697 0.2346139 0.580597 0.2461031 0.4927269 0.2253558 0.5336799 0.2272958 0.5008588 0.2253558 0.5336799 0.2461031 0.4927269 0.2346139 0.580597 0.2745721 0.5592113 0.2461031 0.4927269 0.3066601 0.5189906 0.2461031 0.4927269 0.2745721 0.5592113 0.3220435 0.5745487 0.3290283 0.5889346 0.343936 0.5719125 0.3290283 0.5889346 0.3688836 0.5888125 0.343936 0.5719125 0.393558 0.5607053 0.343936 0.5719125 0.3688836 0.5888125 0.3290283 0.5889346 0.3220435 0.5745487 0.3022047 0.5870751 0.3022047 0.5870751 0.3021401 0.5555089 0.2745721 0.5592113 0.9474136 0.623838 0.916037 0.5190069 0.8922159 0.5267148 0.9094842 0.4744542 0.8907153 0.4637445 0.9090144 0.487289 0.9094842 0.4744542 0.893268 0.441265 0.8907153 0.4637445 0.9502032 0.6011803 0.916037 0.5190069 0.9474136 0.623838 0.9513699 0.5447468 0.932138 0.4949271 0.9327841 0.5255963 0.9498265 0.4972752 0.932138 0.4949271 0.9513699 0.5447468 0.932138 0.4949271 0.916037 0.5190069 0.9327841 0.5255963 0.932138 0.4949271 0.9094842 0.4744542 0.916037 0.5190069 0.8922159 0.5267148 0.8907153 0.4637445 0.8728005 0.5448614 0.8728005 0.5448614 0.8907153 0.4637445 0.8350791 0.4349423 0.893268 0.441265 0.8350791 0.4349423 0.8907153 0.4637445 0.9014266 0.4164738 0.893268 0.441265 0.9231815 0.4361053 0.893268 0.441265 0.9388337 0.4770006 0.9231815 0.4361053 0.9094842 0.4744542 0.9388337 0.4770006 0.893268 0.441265 0.9498265 0.4972752 0.9805293 0.5276144 0.9515536 0.4477317 0.9805293 0.5276144 0.9767315 0.4780452 0.9515536 0.4477317 0.9515536 0.4477317 0.932138 0.4949271 0.9498265 0.4972752 0.9388337 0.4770006 0.9094842 0.4744542 0.9231815 0.4361053 0.932138 0.4949271 0.9515536 0.4477317 0.9094842 0.4744542 0.9094842 0.4744542 0.9515536 0.4477317 0.9231815 0.4361053 0.9231815 0.4361053 0.9515536 0.4477317 0.9391464 0.4147422 0.9515536 0.4477317 0.9735783 0.4230317 0.9391464 0.4147422 0.7582693 0.3957183 0.7940889 0.3876686 0.7423413 0.3833897 0.7343834 0.3638157 0.7940889 0.3876686 0.8264355 0.381902 0.7940889 0.3876686 0.8223381 0.4019091 0.8264355 0.381902 0.6711264 0.4170228 0.7343834 0.3638157 0.6553973 0.3751602 0.8264355 0.381902 0.893268 0.441265 0.9014266 0.4164738 0.7369797 0.4017712 0.6711264 0.4170228 0.6780927 0.4311568 0.5782983 0.4040656 0.6553973 0.3751602 0.5809327 0.3832165 0.6462529 0.4476251 0.6711264 0.4170228 0.6091969 0.4249347 0.6120611 0.4611445 0.5630811 0.527198 0.6323062 0.4917888 0.6711264 0.4170228 0.5782983 0.4040656 0.6091969 0.4249347 0.588343 0.4249345 0.5923901 0.4618945 0.6541852 0.4430353 0.6462529 0.4476251 0.6323062 0.4917888 0.6595597 0.4790092 0.6726478 0.5211019 0.6595597 0.4790092 0.6323062 0.4917888 0.6909829 0.4580568 0.6780927 0.4311568 0.6595597 0.4790092 0.7095825 0.4472237 0.6780927 0.4311568 0.6909829 0.4580568 0.7369797 0.4017712 0.7239028 0.4350732 0.7495362 0.4233251 0.7239028 0.4350732 0.7369797 0.4017712 0.7095825 0.4472237 0.7130604 0.4791379 0.7095825 0.4472237 0.6909829 0.4580568 0.7440277 0.4551104 0.7495362 0.4233251 0.7239028 0.4350732 0.7650991 0.4367873 0.7754717 0.4204285 0.7495362 0.4233251 0.7582693 0.3957183 0.7369797 0.4017712 0.7495362 0.4233251 0.7582693 0.3957183 0.7495362 0.4233251 0.7754717 0.4204285 0.7975026 0.4027465 0.7582693 0.3957183 0.7754717 0.4204285 0.7754717 0.4204285 0.8011036 0.429053 0.7975026 0.4027465 0.8172178 0.4275531 0.7975026 0.4027465 0.8011036 0.429053 0.7975026 0.4027465 0.8172178 0.4275531 0.8223381 0.4019091 0.8172178 0.4275531 0.8350791 0.4349423 0.8223381 0.4019091 0.916037 0.5190069 0.9090144 0.487289 0.8907153 0.4637445 0.8907153 0.4637445 0.8922159 0.5267148 0.916037 0.5190069 0.916037 0.5190069 0.9094842 0.4744542 0.9090144 0.487289 0.5923901 0.4618945 0.6120611 0.4611445 0.6541852 0.4430353 0.6120611 0.4611445 0.588343 0.4249345 0.6541852 0.4430353 0.6091969 0.4249347 0.6120611 0.4611445 0.6544772 0.4426921 0.6091969 0.4249347 0.6544772 0.4426921 0.6462529 0.4476251 0.6462529 0.4476251 0.6544772 0.4426921 0.6120611 0.4611445 0.6462529 0.4476251 0.6868249 0.4202442 0.6711264 0.4170228 0.6780927 0.4311568 0.6711264 0.4170228 0.6868249 0.4202442 0.6462529 0.4476251 0.6780927 0.4311568 0.6868249 0.4202442 0.5427328 0.4032597 0.5923901 0.4618945 0.588343 0.4249345 0.6091969 0.4249347 0.588343 0.4249345 0.6120611 0.4611445 0.6091969 0.4249347 0.5782983 0.4040656 0.588343 0.4249345 0.5427328 0.4032597 0.588343 0.4249345 0.5782983 0.4040656 0.6120611 0.4611445 0.5923901 0.4618945 0.5473867 0.5151042 0.5494037 0.4915007 0.5473867 0.5151042 0.5923901 0.4618945 0.7369797 0.4017712 0.7582693 0.3957183 0.7447552 0.3901876 0.7423413 0.3833897 0.7369797 0.4017712 0.7447552 0.3901876 0.7423413 0.3833897 0.7447552 0.3901876 0.7582693 0.3957183 0.8223381 0.4019091 0.8214519 0.4020857 0.7975026 0.4027465 0.7975026 0.4027465 0.8214519 0.4020857 0.7940889 0.3876686 0.8223381 0.4019091 0.7940889 0.3876686 0.8214519 0.4020857 0.4696047 0.0888462 0.4621633 0.06497168 0.4650456 0.1090112 0.4621633 0.06497168 0.4484464 0.09873855 0.4650456 0.1090112 0.4484464 0.09873855 0.4621633 0.06497168 0.4254323 0.09332787 0.5032846 0.07658165 0.4696047 0.0888462 0.4650456 0.1090112 0.477187 0.1573414 0.4870876 0.1168958 0.4650456 0.1090112 0.5032846 0.07658165 0.4650456 0.1090112 0.4870876 0.1168958 0.5296795 0.09038484 0.4870876 0.1168958 0.477187 0.1573414 0.4650456 0.1090112 0.464029 0.1723383 0.477187 0.1573414 0.4271173 0.1520018 0.4650456 0.1090112 0.4484464 0.09873855 0.464029 0.1723383 0.4640917 0.251274 0.4887251 0.1892654 0.4974679 0.1613827 0.464029 0.1723383 0.4887251 0.1892654 0.4640917 0.251274 0.464029 0.1723383 0.4146862 0.1888833 0.4271173 0.1520018 0.4146862 0.1888833 0.464029 0.1723383 0.3833266 0.1335498 0.4146862 0.1888833 0.4271173 0.1520018 0.4146862 0.1888833 0.3833266 0.1335498 0.406288 0.248442 0.4147161 0.2812157 0.406288 0.248442 0.3902305 0.2501415 0.4147161 0.2812157 0.4159643 0.2432253 0.406288 0.248442 0.3902305 0.2501415 0.3841294 0.2533055 0.4147161 0.2812157 0.7337643 0.07985311 0.7444059 0.04182541 0.7170353 0.07691925 0.406288 0.248442 0.4191012 0.2196981 0.4146862 0.1888833 0.7332011 0.09345626 0.7170353 0.07691925 0.7039079 0.1059764 0.4146862 0.1888833 0.4191012 0.2196981 0.4640917 0.251274 0.3692849 0.1808167 0.3902305 0.2501415 0.3833266 0.1335498 0.3507789 0.1603818 0.2886612 0.1425802 0.3032558 0.1934365 0.3723736 0.09678149 0.3555127 0.1252425 0.3919593 0.1035562 0.3833266 0.1335498 0.3601283 0.1739601 0.3692849 0.1808167 0.3507789 0.1603818 0.32069 0.2081946 0.3601283 0.1739601 0.2736861 0.2401301 0.2895122 0.2414335 0.3032558 0.1934365 0.2561333 0.2314155 0.2736861 0.2401301 0.3032558 0.1934365 0.2736861 0.2401301 0.2561333 0.2314155 0.2607189 0.2410983 0.2736861 0.2401301 0.2806732 0.2430511 0.2895122 0.2414335 0.259629 0.2594184 0.2806732 0.2430511 0.2736861 0.2401301 0.2607189 0.2410983 0.259629 0.2594184 0.2736861 0.2401301 0.2445493 0.2480626 0.2607189 0.2410983 0.2561333 0.2314155 0.2448558 0.2308189 0.2445493 0.2480626 0.2561333 0.2314155 0.2791561 0.2612401 0.2895122 0.2414335 0.2806732 0.2430511 0.2791561 0.2612401 0.2896184 0.2453069 0.2895122 0.2414335 0.2981843 0.2432319 0.2895122 0.2414335 0.2896184 0.2453069 0.2906844 0.2605239 0.2981843 0.2432319 0.2896184 0.2453069 0.3050032 0.2475051 0.2981843 0.2432319 0.2906844 0.2605239 0.2765005 0.1098569 0.2489269 0.1400471 0.2886612 0.1425802 0.2561333 0.2314155 0.2489269 0.1400471 0.2448558 0.2308189 0.3213633 0.09243232 0.3155232 0.1086111 0.3232055 0.1185149 0.2886612 0.1425802 0.3232055 0.1185149 0.3155232 0.1086111 0.2886612 0.1425802 0.3555127 0.1252425 0.3232055 0.1185149 0.3456951 0.1010886 0.3232055 0.1185149 0.3555127 0.1252425 0.2765005 0.1098569 0.2886612 0.1425802 0.3155232 0.1086111 0.3456951 0.1010886 0.3555127 0.1252425 0.3723736 0.09678149 0.6020612 0.1675611 0.6568797 0.1657051 0.6047334 0.1396905 0.7800201 0.2565415 0.7975431 0.2263565 0.7504163 0.2289022 0.8501393 0.2364549 0.8274171 0.1974853 0.8273507 0.2293144 0.477187 0.1573414 0.5046368 0.1369957 0.5296795 0.09038484 0.7975431 0.2263565 0.8285745 0.253394 0.8273507 0.2293144 0.8274171 0.1974853 0.7975431 0.2263565 0.8273507 0.2293144 0.7975431 0.2263565 0.8274171 0.1974853 0.7539535 0.1749758 0.7504163 0.2289022 0.7539535 0.1749758 0.7040237 0.1870781 0.6038773 0.2062427 0.6578239 0.1901373 0.6020612 0.1675611 0.6385834 0.2155587 0.6242399 0.2163633 0.6299769 0.228416 0.6038773 0.2062427 0.6385834 0.2155587 0.6657198 0.2116746 0.3213633 0.09243232 0.3232055 0.1185149 0.32722 0.1031106 0.3232055 0.1185149 0.3456951 0.1010886 0.32722 0.1031106 0.6385834 0.2155587 0.651432 0.2261359 0.6657198 0.2116746 0.651432 0.2261359 0.6993317 0.2307702 0.6657198 0.2116746 0.7040237 0.1870781 0.6788556 0.1782795 0.6848893 0.2018718 0.6993317 0.2307702 0.7050368 0.2156288 0.6848893 0.2018718 0.7050368 0.2156288 0.7504163 0.2289022 0.7040237 0.1870781 0.4254323 0.09332787 0.3919593 0.1035562 0.4484464 0.09873855 0.7040237 0.1870781 0.6848893 0.2018718 0.7050368 0.2156288 0.6788556 0.1782795 0.6657198 0.2116746 0.6848893 0.2018718 0.6657198 0.2116746 0.6993317 0.2307702 0.6848893 0.2018718 0.2895122 0.2414335 0.2981843 0.2432319 0.32069 0.2081946 0.32069 0.2081946 0.2981843 0.2432319 0.3329892 0.2127566 0.2981843 0.2432319 0.3050032 0.2475051 0.3329892 0.2127566 0.3155232 0.1086111 0.3213633 0.09243232 0.3110837 0.09807473 0.2765005 0.1098569 0.3155232 0.1086111 0.3110837 0.09807473 0.6242399 0.2163633 0.6038773 0.2062427 0.5903228 0.2149218 0.5903228 0.2149218 0.6038773 0.2062427 0.5838162 0.1964383 0.6020612 0.1675611 0.5838162 0.1964383 0.6038773 0.2062427 0.9033207 0.2198078 0.9141747 0.2010713 0.8933589 0.200718 0.9347079 0.2002961 0.9141747 0.2010713 0.9263311 0.2229099 0.9451161 0.2236842 0.9535333 0.1998034 0.9347079 0.2002961 0.9620321 0.2183626 0.9688111 0.2013127 0.9535333 0.1998034 0.9592775 0.1188092 0.9508615 0.09911268 0.9602957 0.1178723 0.9063555 0.1236601 0.9508615 0.09911268 0.9072942 0.09771859 0.9072942 0.09771859 0.8954488 0.1229639 0.9063555 0.1236601 0.9688111 0.2013127 0.9602957 0.1178723 0.9535333 0.1998034 0.8933589 0.200718 0.9063555 0.1236601 0.8954488 0.1229639 0.9602957 0.1178723 0.9063555 0.1236601 0.9347079 0.2002961 0.9141747 0.2010713 0.9347079 0.2002961 0.9063555 0.1236601 0.9347079 0.2002961 0.9535333 0.1998034 0.9602957 0.1178723 0.7495829 0.09821116 0.7914441 0.1219804 0.7927726 0.05771255 0.477187 0.1573414 0.4974679 0.1613827 0.5046368 0.1369957 0.7539535 0.1749758 0.8274171 0.1974853 0.8278049 0.141199 0.3902305 0.2501415 0.406288 0.248442 0.3833266 0.1335498 0.2886612 0.1425802 0.2561333 0.2314155 0.3032558 0.1934365 0.6788556 0.1782795 0.6568797 0.1657051 0.6578239 0.1901373 0.8300046 0.4718598 0.8350791 0.4349423 0.8172178 0.4275531 0.798042 0.4704036 0.8011036 0.429053 0.7754717 0.4204285 0.3507789 0.1603818 0.3833266 0.1335498 0.3555127 0.1252425 0.3032558 0.1934365 0.2895122 0.2414335 0.32069 0.2081946 0.3555127 0.1252425 0.3833266 0.1335498 0.3919593 0.1035562 0.4484464 0.09873855 0.3833266 0.1335498 0.4271173 0.1520018 0.3919593 0.1035562 0.3833266 0.1335498 0.4484464 0.09873855 0.5545018 0.8622313 0.6287323 0.8435201 0.5405306 0.8433024 0.5604812 0.8286185 0.5405306 0.8433024 0.6287323 0.8435201 0.5535219 0.7797024 0.525332 0.8085086 0.6128312 0.7699641 0.5883781 0.6711645 0.525332 0.8085086 0.5535219 0.7797024 0.5249586 0.7594873 0.525332 0.8085086 0.5883781 0.6711645 0.4729365 0.7498433 0.4788826 0.7687277 0.5225393 0.7007534 0.5225393 0.7007534 0.4788826 0.7687277 0.4999735 0.7574188 0.4779822 0.797589 0.525332 0.8085086 0.4999735 0.7574188 0.6128312 0.7699641 0.525332 0.8085086 0.5604812 0.8286185 0.5405306 0.8433024 0.5604812 0.8286185 0.525332 0.8085086 0.5242652 0.8609457 0.5405306 0.8433024 0.5036166 0.8429071 0.5036166 0.8429071 0.525332 0.8085086 0.4779822 0.797589 0.5242652 0.8609457 0.5425325 0.8726136 0.5405306 0.8433024 0.5425325 0.8726136 0.5545018 0.8622313 0.5405306 0.8433024 0.5149611 0.8853083 0.5242652 0.8609457 0.5036166 0.8429071 0.4967314 0.8660301 0.5149611 0.8853083 0.5036166 0.8429071 0.3806794 0.768984 0.4575501 0.7763544 0.3762019 0.7573264 0.4788826 0.7687277 0.4779822 0.797589 0.4999735 0.7574188 0.4781355 0.6993803 0.463892 0.7548682 0.4729365 0.7498433 0.4502732 0.7261801 0.463892 0.7548682 0.4781355 0.6993803 0.463892 0.7548682 0.4575501 0.7763544 0.4788826 0.7687277 0.4296283 0.6836408 0.4148194 0.7026147 0.4253951 0.7098665 0.3762019 0.7573264 0.463892 0.7548682 0.3680185 0.7117249 0.3680185 0.7117249 0.3726391 0.6866294 0.3503283 0.7056851 0.3726391 0.6866294 0.3680185 0.7117249 0.4148194 0.7026147 0.3680185 0.7117249 0.4253951 0.7098665 0.4148194 0.7026147 0.3762019 0.7573264 0.3500286 0.7834162 0.3806794 0.768984 0.3680185 0.7117249 0.344493 0.7775598 0.3762019 0.7573264 0.3500286 0.7834162 0.3762019 0.7573264 0.344493 0.7775598 0.3500286 0.7834162 0.344493 0.7775598 0.3329086 0.7903106 0.4788826 0.7687277 0.4729365 0.7498433 0.463892 0.7548682 0.4398864 0.7153632 0.463892 0.7548682 0.4502732 0.7261801 0.4253951 0.7098665 0.463892 0.7548682 0.4398864 0.7153632 0.4608979 0.8468498 0.4753683 0.8779702 0.4641027 0.8112648 0.4382847 0.8566849 0.4608979 0.8468498 0.4641027 0.8112648 0.439781 0.7902557 0.4382847 0.8566849 0.4641027 0.8112648 0.4753683 0.8779702 0.4967314 0.8660301 0.5036166 0.8429071 0.4641027 0.8112648 0.4753683 0.8779702 0.5036166 0.8429071 0.4779822 0.797589 0.4641027 0.8112648 0.5036166 0.8429071 0.4788826 0.7687277 0.4641027 0.8112648 0.4779822 0.797589 0.4575501 0.7763544 0.439781 0.7902557 0.4641027 0.8112648 0.3329086 0.7903106 0.3486375 0.7924453 0.3500286 0.7834162 0.3535014 0.7968198 0.3500286 0.7834162 0.3486375 0.7924453 0.3486375 0.7924453 0.3411552 0.8056598 0.3535014 0.7968198 0.3542945 0.8038253 0.3535014 0.7968198 0.3411552 0.8056598 0.3617279 0.8039641 0.3535014 0.7968198 0.3542945 0.8038253 0.3542945 0.8038253 0.3490529 0.8140754 0.3617279 0.8039641 0.362077 0.8107716 0.3617279 0.8039641 0.3490529 0.8140754 0.3690702 0.8113713 0.3617279 0.8039641 0.362077 0.8107716 0.362077 0.8107716 0.3595697 0.8221048 0.3690702 0.8113713 0.3734509 0.8163074 0.3690702 0.8113713 0.3595697 0.8221048 0.439781 0.7902557 0.385774 0.7882535 0.420279 0.8025462 0.3806794 0.768984 0.3500286 0.7834162 0.3535014 0.7968198 0.385774 0.7882535 0.3535014 0.7968198 0.3617279 0.8039641 0.385774 0.7882535 0.3806794 0.768984 0.3535014 0.7968198 0.3690702 0.8113713 0.385774 0.7882535 0.3617279 0.8039641 0.439781 0.7902557 0.420279 0.8025462 0.4382847 0.8566849 0.6649509 0.7288426 0.6981248 0.743414 0.689512 0.706627 0.6348783 0.6661339 0.689512 0.706627 0.6584467 0.6625429 0.847387 0.5937678 0.7599711 0.6286667 0.7707743 0.6641249 0.4999735 0.7574188 0.5111348 0.7492294 0.5225393 0.7007534 0.7953731 0.7231856 0.8384794 0.6656413 0.7708208 0.7064729 0.7599711 0.6286667 0.7237244 0.6482286 0.7707743 0.6641249 0.7605924 0.5738158 0.7237244 0.6482286 0.7599711 0.6286667 0.6824815 0.6353424 0.6891625 0.6722099 0.7119376 0.6325589 0.6824815 0.6353424 0.6635884 0.6407966 0.6891625 0.6722099 0.6824815 0.6353424 0.7119376 0.6325589 0.7061115 0.5322017 0.699127 0.7478073 0.6884478 0.7684874 0.7067472 0.7587685 0.689512 0.706627 0.7168782 0.7051059 0.6584467 0.6625429 0.6981248 0.743414 0.7168782 0.7051059 0.689512 0.706627 0.4999735 0.7574188 0.5249586 0.7594873 0.5111348 0.7492294 0.4296283 0.6836408 0.4253951 0.7098665 0.4327127 0.7067713 0.8467821 0.7773194 0.8150463 0.7933347 0.831918 0.7944044 0.4253951 0.7098665 0.4398864 0.7153632 0.4327127 0.7067713 0.831918 0.7944044 0.8160653 0.8406428 0.8322837 0.8394731 0.8304718 0.7248559 0.7953731 0.7231856 0.7987043 0.7603626 0.7708208 0.7064729 0.7987043 0.7603626 0.7953731 0.7231856 0.8150463 0.7933347 0.8132377 0.7718035 0.783639 0.8119532 0.8160653 0.8406428 0.8150463 0.7933347 0.783639 0.8119532 0.8132377 0.7718035 0.7987043 0.7603626 0.783639 0.8119532 0.7987043 0.7603626 0.7708208 0.7064729 0.7601617 0.7300357 0.7168782 0.7051059 0.7601617 0.7300357 0.7708208 0.7064729 0.7168782 0.7051059 0.6981248 0.743414 0.7601617 0.7300357 0.7407029 0.7923061 0.7601617 0.7300357 0.6981248 0.743414 0.7407029 0.7923061 0.7474675 0.820233 0.783639 0.8119532 0.783639 0.8119532 0.7748981 0.8632097 0.8160653 0.8406428 0.783639 0.8119532 0.7474675 0.820233 0.7748981 0.8632097 0.7474675 0.820233 0.7258068 0.8274634 0.7748981 0.8632097 0.9603564 0.1179556 0.9078606 0.09804993 0.8956656 0.1220441 0.96195 0.2176777 0.9681336 0.2007203 0.9532385 0.2001159 0.9454894 0.2215163 0.9532385 0.2001159 0.9342433 0.1998735 0.9260469 0.223 0.9342433 0.1998735 0.914292 0.2010318 0.9034464 0.2207984 0.914292 0.2010318 0.8933713 0.2013858 0.8956656 0.1220441 0.9342433 0.1998735 0.9603564 0.1179556 0.9342433 0.1998735 0.9532385 0.2001159 0.9603564 0.1179556 0.9603564 0.1179556 0.9532385 0.2001159 0.9681336 0.2007203 0.914292 0.2010318 0.9342433 0.1998735 0.8956656 0.1220441 0.8933713 0.2013858 0.914292 0.2010318 0.8956656 0.1220441 0.05806702 0.3571752 0.08996462 0.340439 0.05229943 0.2898428 0.1038924 0.373488 0.05806702 0.3571752 0.07774513 0.4022253 0.05229943 0.2898428 0.08996462 0.340439 0.09149718 0.3011503 0.08996462 0.340439 0.1038924 0.373488 0.1221001 0.3504637 0.1319611 0.306272 0.1444438 0.3298303 0.142119 0.303774 0.1313418 0.3806733 0.1221001 0.3504637 0.1038924 0.373488 0.05806702 0.3571752 0.06094348 0.410397 0.07774513 0.4022253 0.1238973 0.2870898 0.1126063 0.3042836 0.1319611 0.306272 0.08996462 0.340439 0.05806702 0.3571752 0.1038924 0.373488 0.1766866 0.3168962 0.142119 0.303774 0.1444438 0.3298303 0.08996462 0.340439 0.1126063 0.3042836 0.09149718 0.3011503 0.143133 0.2865838 0.1319611 0.306272 0.142119 0.303774 0.1126063 0.3042836 0.1221001 0.3504637 0.1319611 0.306272 0.06751441 0.4711229 0.07774513 0.4022253 0.06094348 0.410397 0.1459971 0.1816047 0.1396849 0.1497615 0.1336867 0.1896523 0.1340349 0.2150485 0.1431553 0.2318373 0.1336867 0.1896523 0.1431553 0.2318373 0.1556005 0.2155097 0.1336867 0.1896523 0.1459971 0.1816047 0.1336867 0.1896523 0.1958988 0.2104551 0.091726 0.1775435 0.05241239 0.2322185 0.08597141 0.2203013 0.08597141 0.2203013 0.09758573 0.2350164 0.091726 0.1775435 0.09758573 0.2350164 0.1167876 0.2177878 0.091726 0.1775435 0.091726 0.1775435 0.1167876 0.2177878 0.1336867 0.1896523 0.1167876 0.2177878 0.1253203 0.2296926 0.1336867 0.1896523 0.1253203 0.2296926 0.1340349 0.2150485 0.1336867 0.1896523 0.1126063 0.3042836 0.09640645 0.2818732 0.09149718 0.3011503 0.1221001 0.3504637 0.1126063 0.3042836 0.08996462 0.340439 0.1221001 0.3504637 0.1444438 0.3298303 0.1319611 0.306272 0.1971001 0.2368495 0.1919094 0.2215179 0.1556005 0.2155097 0.1556005 0.2155097 0.1919094 0.2215179 0.1336867 0.1896523 0.1919094 0.2215179 0.1958988 0.2104551 0.1336867 0.1896523 0.06080353 0.07552403 0.07025492 0.09788841 0.07526242 0.03590995 0.0775004 0.09300172 0.07526242 0.03590995 0.07025492 0.09788841 0.05241239 0.2322185 0.091726 0.1775435 0.05890357 0.1458529 0.091726 0.1775435 0.07025492 0.09788841 0.05890357 0.1458529 0.05890357 0.1458529 0.07025492 0.09788841 0.06080353 0.07552403 0.1396849 0.1497615 0.1401262 0.1233243 0.091726 0.1775435 0.091726 0.1775435 0.1336867 0.1896523 0.1396849 0.1497615 0.1401262 0.1233243 0.1046321 0.1304513 0.091726 0.1775435 0.1046321 0.1304513 0.0775004 0.09300172 0.07025492 0.09788841 0.091726 0.1775435 0.1046321 0.1304513 0.07025492 0.09788841 0.6909829 0.4580568 0.6595597 0.4790092 0.6595597 0.4790092 0.6595597 0.4790092 0.6595597 0.4790092 0.6726478 0.5211019 0.7239028 0.4350732 0.7095825 0.4472237 0.7095825 0.4472237 0.7095825 0.4472237 0.7095825 0.4472237 0.7130604 0.4791379 0.7650991 0.4367873 0.7495362 0.4233251 0.7495362 0.4233251 0.7495362 0.4233251 0.7495362 0.4233251 0.7440277 0.4551104 0.8300046 0.4718598 0.8172178 0.4275531 0.8172178 0.4275531 0.8011036 0.429053 0.8011036 0.429053 0.798042 0.4704036 0.893268 0.441265 0.8223381 0.4019091 0.8350791 0.4349423 0.7369797 0.4017712 0.6780927 0.4311568 0.7095825 0.4472237 0.9735783 0.4230317 0.9515536 0.4477317 0.9515536 0.4477317 0.9515536 0.4477317 0.9515536 0.4477317 0.9767315 0.4780452 0.6780927 0.4311568 0.6462529 0.4476251 0.6595597 0.4790092 0.783639 0.8119532 0.7987043 0.7603626 0.7601617 0.7300357 0.08754467 0.5583615 0.1055999 0.5430955 0.0729947 0.5512192 0.525332 0.8085086 0.5249586 0.7594873 0.4999735 0.7574188 0.3021401 0.5555089 0.3022047 0.5870751 0.3220435 0.5745487 0.3920428 0.3981163 0.4870006 0.366513 0.3986284 0.3574455 0.4870006 0.366513 0.5782983 0.4040656 0.5809327 0.3832165 0.1276671 0.8445143 0.1175866 0.8933123 0.1559869 0.8227975 0.1618119 0.8712721 0.1276671 0.8445143 0.1808162 0.8605709 0.1690847 0.8275665 0.1559869 0.8227975 0.1175866 0.8933123 0.1618119 0.8712721 0.2238425 0.8977805 0.2319868 0.924028 0.1055999 0.5430955 0.08754467 0.5583615 0.08754467 0.5583615 0.07201761 0.5516309 0.08754467 0.5583615 0.08754467 0.5583615 0.08013987 0.5719643 0.08754467 0.5583615 0.07201761 0.5516309 0.08013987 0.5719643 0.07201761 0.5516309 0.08754467 0.5583615 0.4247704 0.5794818 0.393558 0.5607053 0.3688836 0.5888125 0.4372659 0.5679916 0.393558 0.5607053 0.4247704 0.5794818 0.207299 0.4497181 0.1965432 0.4818074 0.1656742 0.4420132 0.1965432 0.4818074 0.1902335 0.5189611 0.1612414 0.4879216 0.1902335 0.5189611 0.1980282 0.55834 0.1722311 0.5373606 0.1980282 0.55834 0.2092236 0.6016692 0.176105 0.5736613 0.2092236 0.6016692 0.2216811 0.6396118 0.1935476 0.6106691 0.2216811 0.6396118 0.2259652 0.6681156 0.1984935 0.6450316 0.2259652 0.6681156 0.2224953 0.7047758 0.2025181 0.6785562 0.2224953 0.7047758 0.2155582 0.7536051 0.1917318 0.7063817 0.1886161 0.7108044 0.2155582 0.7536051 0.1794796 0.7544438 0.2237145 0.7724499 0.2155582 0.7536051 0.2674277 0.7904435 0.2155582 0.7536051 0.2237145 0.7724499 0.1794796 0.760381 0.2237145 0.7724499 0.2715364 0.8140411 0.2395999 0.8186147 0.2875089 0.6988376 0.2481312 0.7304716 0.2501986 0.6993879 0.2857631 0.7457522 0.2500057 0.7583336 0.2481312 0.7304716 0.2856767 0.6616595 0.2501986 0.6993879 0.252983 0.6243697 0.03873395 0.7581303 0.05825084 0.7799647 0.03609079 0.7722472 0.05334079 0.8096538 0.05218154 0.7943111 0.05825084 0.7799647 0.04401624 0.7344267 0.05492949 0.7349306 0.03873395 0.7581303 0.07919692 0.8058211 0.05825084 0.7799647 0.06651198 0.7753927 0.1360278 0.7965704 0.1559869 0.8227975 0.1313565 0.824365 0.1705448 0.8672292 0.1313565 0.824365 0.1559869 0.8227975 0.2218233 0.9064501 0.2319868 0.924028 0.1560181 0.8760733 0.1313565 0.824365 0.1705448 0.8672292 0.1560181 0.8760733 0.1048241 0.8294134 0.09676623 0.8037276 0.114758 0.793484 0.1767581 0.7916545 0.2169665 0.8166849 0.215045 0.8247691 0.1690847 0.8275665 0.1761825 0.7974367 0.215045 0.8247691 0.1375893 0.7467899 0.1396751 0.7365528 0.1715242 0.7320369 0.05521094 0.708854 0.0522207 0.6845541 0.06302505 0.6913644 0.08555597 0.7059164 0.1063051 0.7131343 0.08743095 0.7286145 0.1182553 0.7475319 0.1240748 0.7625619 0.08743095 0.7286145 0.3035392 0.6103719 0.2873332 0.6229568 0.252983 0.6243697 0.08116519 0.59582 0.09424632 0.5761301 0.09576386 0.6081805 0.08013987 0.5719643 0.06286227 0.5610898 0.0729947 0.5512192 0.1705448 0.8672292 0.1808162 0.8605709 0.2238425 0.8977805 0.3458493 0.5516331 0.343936 0.5719125 0.3021401 0.5555089 0.5130891 0.5469815 0.4713413 0.5217877 0.5473867 0.5151042 0.2288823 0.4209434 0.207299 0.4497181 0.1784465 0.407848 0.2292056 0.3449834 0.2563958 0.3985243 0.2288823 0.4209434 0.2734904 0.3257749 0.2895358 0.384624 0.2563958 0.3985243 0.3232137 0.3321778 0.3287666 0.3861818 0.2895358 0.384624 0.3593416 0.3475304 0.3538987 0.3919754 0.3287666 0.3861818 0.3920428 0.3981163 0.3538987 0.3919754 0.3641086 0.353047 0.4549285 0.5683752 0.4484452 0.5348005 0.4713413 0.5217877 0.08555597 0.7059164 0.09049516 0.6954924 0.1101856 0.7120887 0.1278001 0.7247875 0.1063051 0.7131343 0.1101856 0.7120887 0.9502032 0.6011803 0.9474136 0.623838 0.916037 0.5190069 0.7582693 0.3957183 0.7423413 0.3833897 0.7940889 0.3876686 0.7940889 0.3876686 0.7423413 0.3833897 0.7343834 0.3638157 0.7343834 0.3638157 0.7423413 0.3833897 0.6711264 0.4170228 0.893268 0.441265 0.8223381 0.4019091 0.8264355 0.381902 0.7369797 0.4017712 0.6780927 0.4311568 0.6711264 0.4170228 0.5782983 0.4040656 0.5809327 0.3832165 0.6553973 0.3751602 0.5630811 0.527198 0.5473867 0.5151042 0.6120611 0.4611445 0.6323062 0.4917888 0.6120611 0.4611445 0.6462529 0.4476251 0.5427328 0.4032597 0.588343 0.4249345 0.5923901 0.4618945 0.4271173 0.1520018 0.4484464 0.09873855 0.4650456 0.1090112 0.4974679 0.1613827 0.4887251 0.1892654 0.464029 0.1723383 0.406288 0.248442 0.4146862 0.1888833 0.4191012 0.2196981 0.7170353 0.07691925 0.7337643 0.07985311 0.7332011 0.09345626 0.3692849 0.1808167 0.3833266 0.1335498 0.3902305 0.2501415 0.2886612 0.1425802 0.3555127 0.1252425 0.3507789 0.1603818 0.3833266 0.1335498 0.3692849 0.1808167 0.3601283 0.1739601 0.3507789 0.1603818 0.3601283 0.1739601 0.32069 0.2081946 0.2489269 0.1400471 0.2886612 0.1425802 0.2561333 0.2314155 0.6568797 0.1657051 0.6578239 0.1901373 0.6020612 0.1675611 0.7539535 0.1749758 0.7975431 0.2263565 0.7504163 0.2289022 0.6578239 0.1901373 0.6657198 0.2116746 0.6038773 0.2062427 0.6038773 0.2062427 0.6657198 0.2116746 0.6385834 0.2155587 0.6788556 0.1782795 0.6848893 0.2018718 0.6657198 0.2116746 0.2765005 0.1098569 0.3110837 0.09807473 0.3155232 0.1086111 0.5838162 0.1964383 0.5751515 0.1237621 0.6020612 0.1675611 0.9508615 0.09911268 0.9602957 0.1178723 0.9063555 0.1236601 0.9688111 0.2013127 0.9535333 0.1998034 0.9602957 0.1178723 0.9063555 0.1236601 0.9141747 0.2010713 0.8933589 0.200718 0.525332 0.8085086 0.5405306 0.8433024 0.5036166 0.8429071 0.3806794 0.768984 0.3762019 0.7573264 0.4575501 0.7763544 0.3762019 0.7573264 0.3680185 0.7117249 0.463892 0.7548682 0.4253951 0.7098665 0.463892 0.7548682 0.3680185 0.7117249 0.3680185 0.7117249 0.3762019 0.7573264 0.344493 0.7775598 0.4641027 0.8112648 0.4575501 0.7763544 0.4788826 0.7687277 0.385774 0.7882535 0.3806794 0.768984 0.439781 0.7902557 0.8160653 0.8406428 0.8150463 0.7933347 0.831918 0.7944044 0.7601617 0.7300357 0.783639 0.8119532 0.7407029 0.7923061 0.9603564 0.1179556 0.8956656 0.1220441 0.9078606 0.09804993 0.1766866 0.3168962 0.1444438 0.3298303 0.142119 0.303774 0.8172178 0.4275531 0.8172178 0.4275531 0.8011036 0.429053 0.2238425 0.8977805 0.1808162 0.8605709 0.1618119 0.8712721 0.1656742 0.4420132 0.1965432 0.4818074 0.207299 0.4497181 0.1612414 0.4879216 0.1902335 0.5189611 0.1965432 0.4818074 0.1722311 0.5373606 0.1980282 0.55834 0.1902335 0.5189611 0.176105 0.5736613 0.2092236 0.6016692 0.1980282 0.55834 0.1935476 0.6106691 0.2216811 0.6396118 0.2092236 0.6016692 0.1984935 0.6450316 0.2259652 0.6681156 0.2216811 0.6396118 0.2025181 0.6785562 0.2224953 0.7047758 0.2259652 0.6681156 0.1917318 0.7063817 0.2155582 0.7536051 0.2224953 0.7047758 0.1886161 0.7108044 0.1715242 0.7320369 0.1794796 0.7544438 0.2674277 0.7904435 0.2155582 0.7536051 0.2237145 0.7724499 0.2155582 0.7536051 0.1794796 0.7544438 0.1794796 0.760381 0.2237145 0.7724499 0.2201943 0.7906991 0.2395999 0.8186147 0.2875089 0.6988376 0.2951833 0.6760894 0.2501986 0.6993879 0.2857631 0.7457522 0.2981398 0.7186567 0.2481312 0.7304716 0.252983 0.6243697 0.2501986 0.6993879 0.2856767 0.6616595 0.03609079 0.7722472 0.05825084 0.7799647 0.03873395 0.7581303 0.05334079 0.8096538 0.07919692 0.8058211 0.05825084 0.7799647 0.04401624 0.7344267 0.02899563 0.7534604 0.03873395 0.7581303 0.07919692 0.8058211 0.09676623 0.8037276 0.06651198 0.7753927 0.1360278 0.7965704 0.114758 0.793484 0.1313565 0.824365 0.1705448 0.8672292 0.1808162 0.8605709 0.1559869 0.8227975 0.2218233 0.9064501 0.1705448 0.8672292 0.1560181 0.8760733 0.1560181 0.8760733 0.1705448 0.8672292 0.1313565 0.824365 0.1048241 0.8294134 0.1313565 0.824365 0.114758 0.793484 0.215045 0.8247691 0.2169665 0.8166849 0.1767581 0.7916545 0.215045 0.8247691 0.1761825 0.7974367 0.1690847 0.8275665 0.1715242 0.7320369 0.1396751 0.7365528 0.1375893 0.7467899 0.05521094 0.708854 0.07076746 0.7129587 0.06302505 0.6913644 0.08743095 0.7286145 0.1063051 0.7131343 0.08555597 0.7059164 0.08743095 0.7286145 0.1240748 0.7625619 0.1182553 0.7475319 0.3035392 0.6103719 0.2745721 0.5592113 0.252983 0.6243697 0.09576386 0.6081805 0.09424632 0.5761301 0.08116519 0.59582 0.08013987 0.5719643 0.08754467 0.5583615 0.0729947 0.5512192 0.2238425 0.8977805 0.1808162 0.8605709 0.1705448 0.8672292 0.3458493 0.5516331 0.3066601 0.5189906 0.3021401 0.5555089 0.5130891 0.5469815 0.5598738 0.5375236 0.5473867 0.5151042 0.1784465 0.407848 0.207299 0.4497181 0.2288823 0.4209434 0.2292056 0.3449834 0.204179 0.3706706 0.2288823 0.4209434 0.2734904 0.3257749 0.2345616 0.34875 0.2563958 0.3985243 0.3232137 0.3321778 0.2800116 0.3330442 0.2895358 0.384624 0.3593416 0.3475304 0.3263683 0.3412064 0.3287666 0.3861818 0.3641086 0.353047 0.3538987 0.3919754 0.3920428 0.3981163 0.4549285 0.5683752 0.5130891 0.5469815 0.4713413 0.5217877 0.1101856 0.7120887 0.09049516 0.6954924 0.08555597 0.7059164 0.1101856 0.7120887 0.1063051 0.7131343 0.1278001 0.7247875 0.9502032 0.6011803 0.9327841 0.5255963 0.916037 0.5190069 0.7582693 0.3957183 0.7975026 0.4027465 0.7940889 0.3876686 0.7343834 0.3638157 0.7423413 0.3833897 0.7940889 0.3876686 0.6711264 0.4170228 0.7423413 0.3833897 0.7343834 0.3638157 0.8264355 0.381902 0.8223381 0.4019091 0.893268 0.441265 0.7369797 0.4017712 0.7423413 0.3833897 0.6711264 0.4170228 0.5782983 0.4040656 0.6711264 0.4170228 0.6553973 0.3751602 0.6120611 0.4611445 0.5473867 0.5151042 0.5630811 0.527198 0.6462529 0.4476251 0.6120611 0.4611445 0.6323062 0.4917888 0.5427328 0.4032597 0.5494037 0.4915007 0.5923901 0.4618945 0.4271173 0.1520018 0.464029 0.1723383 0.4650456 0.1090112 0.4974679 0.1613827 0.477187 0.1573414 0.464029 0.1723383 0.406288 0.248442 0.4159643 0.2432253 0.4191012 0.2196981 0.7332011 0.09345626 0.7337643 0.07985311 0.7170353 0.07691925 0.3692849 0.1808167 0.3841294 0.2533055 0.3902305 0.2501415 0.3507789 0.1603818 0.3555127 0.1252425 0.2886612 0.1425802 0.3833266 0.1335498 0.3507789 0.1603818 0.3601283 0.1739601 0.3507789 0.1603818 0.3032558 0.1934365 0.32069 0.2081946 0.2561333 0.2314155 0.2886612 0.1425802 0.2489269 0.1400471 0.6020612 0.1675611 0.6578239 0.1901373 0.6568797 0.1657051 0.7504163 0.2289022 0.7975431 0.2263565 0.7539535 0.1749758 0.6038773 0.2062427 0.6657198 0.2116746 0.6578239 0.1901373 0.6038773 0.2062427 0.6242399 0.2163633 0.6385834 0.2155587 0.6788556 0.1782795 0.6578239 0.1901373 0.6657198 0.2116746 0.2765005 0.1098569 0.2765005 0.1098569 0.3155232 0.1086111 0.6020612 0.1675611 0.5751515 0.1237621 0.5838162 0.1964383 0.9063555 0.1236601 0.9602957 0.1178723 0.9508615 0.09911268 0.9688111 0.2013127 0.9592775 0.1188092 0.9602957 0.1178723 0.8933589 0.200718 0.9141747 0.2010713 0.9063555 0.1236601 0.5036166 0.8429071 0.5405306 0.8433024 0.525332 0.8085086 0.3806794 0.768984 0.439781 0.7902557 0.4575501 0.7763544 0.3762019 0.7573264 0.4575501 0.7763544 0.463892 0.7548682 0.3680185 0.7117249 0.463892 0.7548682 0.4253951 0.7098665 0.3680185 0.7117249 0.3503283 0.7056851 0.344493 0.7775598 0.4788826 0.7687277 0.4575501 0.7763544 0.4641027 0.8112648 0.439781 0.7902557 0.3806794 0.768984 0.385774 0.7882535 0.831918 0.7944044 0.8150463 0.7933347 0.8160653 0.8406428 0.7407029 0.7923061 0.783639 0.8119532 0.7601617 0.7300357 0.9603564 0.1179556 0.9510983 0.09892356 0.9078606 0.09804993 0.1766866 0.3168962 0.1731066 0.2954183 0.142119 0.303774 0.1618119 0.8712721 0.1808162 0.8605709 0.2238425 0.8977805</float_array>
          <technique_common>
            <accessor source="#dragon-mesh-map-0-array" count="3786" stride="2">
              <param name="S" type="float" />
              <param name="T" type="float" />
            </accessor>
          </technique_common>
        </source>
        <vertices id="dragon-mesh-vertices">
          <input semantic="POSITION" source="#dragon-mesh-positions" />
        </vertices>
        <triangles material="Material-material" count="1262">
          <input semantic="VERTEX" source="#dragon-mesh-vertices" offset="0" />
          <input semantic="NORMAL" source="#dragon-mesh-normals" offset="1" />
          <input semantic="TEXCOORD" source="#dragon-mesh-map-0" offset="2" set="0" />
          <p>272 0 0 5 1 1 271 2 2 270 3 3 4 4 4 269 5 5 268 6 6 3 7 7 267 8 8 266 9 9 2 10 10 265 11 11 264 12 12 1 13 13 263 14 14 274 15 15 6 16 16 273 17 17 276 18 18 7 19 19 275 20 20 278 21 21 8 22 22 277 23 23 9 24 24 278 25 25 279 26 26 8 27 27 276 28 28 277 29 29 7 30 30 274 31 31 275 32 32 6 33 33 272 34 34 273 35 35 5 36 36 270 37 37 271 38 38 4 39 39 268 40 40 269 41 41 3 42 42 266 43 43 267 44 44 2 45 45 264 46 46 265 47 47 263 48 48 0 49 49 262 50 50 13 51 51 310 52 52 309 53 53 1 54 54 12 55 55 0 56 56 0 56 57 12 55 58 11 57 59 312 58 60 14 59 61 311 60 62 13 61 63 311 62 64 14 63 65 316 64 66 315 65 67 15 66 68 319 67 69 318 67 70 16 68 71 321 69 72 320 70 73 17 71 74 319 72 75 17 73 76 320 74 77 316 75 78 16 76 79 318 77 80 315 78 81 310 79 82 15 80 83 310 79 84 1 81 85 15 80 86 16 76 87 2 82 88 17 73 89 2 82 90 3 83 91 17 73 92 18 84 93 17 73 94 3 83 95 321 85 96 18 84 97 322 86 98 18 87 99 326 88 100 322 89 101 326 90 102 18 91 103 327 92 104 3 83 105 4 93 106 18 84 107 5 94 108 18 84 109 4 93 110 338 95 111 25 96 112 337 97 113 337 97 114 25 96 115 336 98 116 355 99 117 50 100 118 332 101 119 335 102 120 26 103 121 334 104 122 340 105 123 27 106 124 339 107 125 341 108 126 27 106 127 340 105 128 27 109 129 338 110 130 339 111 131 335 112 132 25 113 133 26 114 134 342 115 135 27 109 136 341 116 137 26 114 138 30 117 139 31 118 140 21 119 141 30 120 142 22 121 143 27 109 144 22 122 145 30 117 146 28 123 147 11 124 148 32 125 149 31 118 150 43 126 151 26 114 152 32 125 153 10 127 154 28 123 155 28 123 156 10 127 157 21 119 158 31 128 159 30 120 160 10 127 161 38 129 162 24 130 163 35 131 164 37 132 165 35 131 166 24 130 167 52 133 168 42 134 169 32 135 170 47 136 171 52 137 172 32 138 173 36 139 174 35 140 175 37 141 176 36 139 177 38 142 178 35 140 179 38 129 180 33 143 181 24 130 182 24 130 183 34 144 184 37 132 185 32 135 186 46 145 187 39 146 188 45 147 189 42 134 190 58 148 191 44 149 192 41 150 193 45 151 194 46 152 195 41 150 196 43 126 197 43 126 198 39 153 199 46 152 200 10 127 201 39 154 202 31 128 203 39 154 204 10 127 205 32 125 206 47 136 207 48 155 208 52 137 209 50 100 210 42 134 211 52 133 212 332 156 213 48 157 214 331 158 215 331 159 216 48 155 217 313 160 218 49 161 219 313 160 220 48 155 221 47 162 222 14 63 223 49 163 224 313 164 225 49 163 226 312 165 227 14 63 228 312 165 229 49 163 230 32 166 231 11 167 232 47 162 233 12 168 234 47 162 235 11 167 236 50 100 237 48 157 238 332 156 239 47 162 240 12 168 241 14 63 242 352 169 243 261 170 244 51 171 245 28 123 246 51 171 247 11 124 248 51 172 249 262 173 250 0 174 251 0 174 252 11 175 253 51 172 254 348 176 255 53 177 256 347 178 257 349 179 258 53 177 259 348 176 260 346 180 261 53 177 262 29 181 263 53 177 264 54 182 265 29 181 266 54 182 267 23 183 268 29 181 269 38 142 270 36 139 271 56 184 272 34 144 273 55 185 274 37 132 275 55 186 276 34 187 277 28 123 278 51 171 279 34 187 280 352 169 281 28 123 282 34 187 283 51 171 284 38 129 285 56 188 286 33 143 287 56 189 288 23 183 289 33 143 290 37 141 291 55 190 292 36 139 293 56 184 294 36 139 295 55 191 296 55 186 297 23 183 298 56 189 299 346 192 300 29 193 301 390 194 302 22 195 303 342 196 304 387 197 305 21 198 306 22 195 307 387 197 308 328 199 309 18 84 310 19 200 311 23 201 312 390 194 313 29 193 314 28 202 315 389 203 316 23 201 317 28 204 318 631 205 319 260 206 320 28 207 321 21 198 322 388 208 323 388 208 324 21 198 325 387 197 326 24 130 327 33 143 328 34 187 329 350 209 330 26 103 331 20 210 332 350 209 333 334 104 334 26 103 335 15 80 336 1 81 337 16 76 338 1 81 339 2 82 340 16 76 341 12 168 342 13 61 343 14 63 344 21 119 345 10 127 346 30 120 347 41 150 348 40 211 349 60 212 350 58 213 351 42 214 352 57 215 353 40 216 354 44 217 355 59 218 356 45 147 357 59 218 358 44 217 359 350 209 360 20 210 361 355 219 362 43 126 363 41 150 364 60 212 365 57 215 366 43 126 367 60 212 368 27 109 369 30 117 370 25 113 371 68 220 372 99 221 373 67 222 374 329 223 375 328 224 376 19 225 377 67 222 378 99 221 379 19 200 380 88 226 381 100 227 382 68 220 383 69 228 384 91 229 385 398 230 386 399 231 387 64 232 388 400 233 389 396 234 390 69 235 391 397 236 392 398 237 393 397 236 394 69 235 395 95 238 396 5 239 397 94 240 398 68 220 399 67 222 400 72 241 401 280 242 402 9 243 403 279 244 404 73 245 405 280 246 406 281 247 407 282 248 408 73 249 409 281 250 410 283 251 411 73 252 412 282 253 413 284 254 414 74 255 415 283 256 416 285 257 417 74 258 418 284 259 419 286 260 420 75 261 421 285 262 422 287 263 423 75 264 424 286 265 425 288 266 426 76 267 427 287 268 428 289 269 429 76 270 430 288 271 431 290 272 432 77 273 433 289 274 434 78 275 435 290 276 436 291 277 437 292 278 438 78 279 439 291 278 440 293 280 441 79 281 442 292 282 443 294 283 444 79 281 445 293 280 446 86 284 447 85 285 448 87 286 449 82 287 450 78 288 451 90 289 452 74 290 453 81 291 454 73 292 455 76 293 456 82 287 457 75 294 458 77 295 459 82 287 460 76 293 461 85 296 462 68 220 463 87 297 464 95 238 465 94 240 466 6 298 467 8 299 468 9 300 469 93 301 470 75 302 471 81 291 472 74 290 473 81 291 474 66 303 475 9 300 476 78 288 477 82 287 478 77 295 479 91 229 480 69 228 481 88 226 482 65 304 483 64 232 484 71 305 485 79 306 486 84 307 487 78 288 488 73 292 489 81 291 490 9 300 491 79 308 492 80 309 493 70 310 494 401 311 495 400 312 496 64 313 497 86 284 498 88 314 499 85 285 500 85 296 501 88 226 502 68 220 503 89 315 504 86 316 505 90 317 506 90 318 507 83 319 508 89 320 509 83 319 510 91 321 511 89 320 512 89 315 513 91 229 514 86 316 515 398 230 516 71 305 517 399 231 518 88 226 519 86 316 520 91 229 521 396 322 522 395 323 523 88 226 524 83 324 525 71 305 526 91 229 527 87 325 528 90 289 529 86 326 530 72 241 531 87 325 532 68 220 533 83 327 534 90 289 535 84 307 536 90 289 537 78 288 538 84 307 539 90 289 540 87 325 541 82 287 542 82 287 543 87 325 544 72 241 545 26 114 546 43 126 547 20 328 548 355 99 549 20 328 550 57 215 551 57 215 552 20 328 553 43 126 554 54 182 555 442 329 556 33 143 557 54 182 558 349 179 559 441 330 560 53 177 561 349 179 562 54 182 563 34 187 564 442 329 565 352 169 566 5 331 567 6 331 568 94 331 569 7 332 570 96 332 571 6 332 572 92 333 573 6 334 574 96 335 575 92 333 576 96 335 577 7 336 578 93 337 579 7 338 580 97 339 581 8 340 582 97 340 583 7 340 584 8 341 585 93 337 586 97 339 587 95 342 588 6 343 589 92 344 590 93 301 591 92 344 592 7 345 593 93 301 594 9 300 595 66 303 596 5 94 597 95 342 598 18 84 599 19 200 600 18 84 601 95 342 602 95 342 603 92 344 604 66 303 605 93 301 606 66 303 607 92 344 608 95 342 609 66 303 610 19 200 611 67 222 612 19 200 613 66 303 614 98 346 615 100 227 616 394 347 617 394 347 618 100 227 619 395 323 620 88 226 621 395 323 622 100 227 623 394 347 624 329 348 625 98 346 626 329 348 627 19 200 628 99 221 629 459 349 630 458 350 631 114 351 632 105 352 633 121 353 634 112 354 635 105 355 636 112 356 637 104 357 638 460 358 639 114 359 640 461 360 641 462 361 642 461 362 643 113 363 644 463 364 645 462 361 646 113 363 647 113 365 648 461 360 649 114 359 650 113 365 651 114 359 652 105 366 653 458 367 654 457 368 655 112 356 656 457 368 657 456 369 658 112 356 659 104 357 660 112 356 661 456 369 662 470 370 663 469 371 664 104 357 665 104 357 666 469 371 667 115 372 668 105 355 669 104 357 670 115 373 671 463 374 672 103 375 673 464 376 674 464 376 675 103 375 676 465 377 677 103 375 678 463 374 679 113 365 680 115 378 681 469 378 682 105 378 683 113 365 684 105 366 685 103 375 686 105 366 687 469 379 688 103 375 689 469 379 690 468 380 691 103 375 692 103 375 693 468 380 694 467 381 695 106 382 696 109 383 697 110 384 698 109 383 699 475 385 700 471 386 701 109 383 702 471 386 703 111 387 704 475 385 705 117 388 706 474 389 707 104 357 708 471 386 709 470 370 710 107 390 711 117 388 712 108 391 713 80 309 714 474 389 715 117 388 716 118 392 717 120 393 718 117 388 719 401 394 720 116 395 721 402 396 722 117 388 723 120 393 724 80 309 725 122 397 726 126 398 727 123 399 728 402 396 729 118 400 730 61 401 731 403 402 732 402 396 733 61 401 734 405 403 735 61 401 736 119 404 737 62 405 738 405 403 739 119 404 740 107 390 741 63 406 742 408 407 743 408 407 744 62 405 745 107 390 746 406 408 747 405 403 748 62 405 749 409 409 750 408 407 751 63 406 752 411 410 753 63 406 754 412 411 755 106 382 756 63 406 757 107 390 758 106 382 759 412 411 760 63 406 761 110 384 762 412 411 763 106 382 764 412 411 765 110 384 766 101 412 767 102 413 768 101 412 769 110 384 770 110 384 771 111 387 772 102 413 773 102 413 774 111 387 775 456 369 776 114 414 777 112 354 778 121 353 779 112 415 780 114 351 781 458 350 782 114 416 783 121 353 784 105 352 785 123 417 786 126 418 787 116 395 788 116 419 789 126 398 790 122 397 791 120 420 792 124 421 793 116 422 794 120 420 795 118 423 796 124 421 797 118 400 798 116 395 799 124 424 800 118 425 801 117 425 802 125 425 803 119 426 804 125 426 805 117 426 806 118 400 807 125 427 808 119 404 809 70 310 810 123 417 811 65 304 812 120 393 813 116 428 814 122 429 815 120 393 816 122 429 817 80 309 818 70 310 819 80 309 820 122 429 821 116 395 822 64 232 823 123 417 824 65 304 825 123 417 826 64 232 827 107 430 828 127 431 829 106 432 830 108 433 831 127 431 832 107 430 833 108 433 834 106 432 835 127 431 836 111 434 837 110 435 838 128 436 839 110 435 840 109 437 841 128 436 842 111 434 843 128 436 844 109 437 845 135 438 846 133 438 847 136 438 848 136 439 849 133 440 850 137 441 851 137 442 852 138 442 853 136 442 854 134 443 855 133 440 856 135 444 857 141 445 858 133 440 859 139 446 860 134 443 861 139 446 862 133 440 863 140 447 864 141 445 865 139 446 866 133 440 867 141 445 868 129 448 869 130 449 870 133 440 871 129 448 872 129 448 873 66 450 874 142 451 875 67 222 876 129 448 877 141 445 878 142 451 879 145 452 880 129 448 881 130 449 882 129 448 883 145 452 884 147 453 885 130 449 886 145 452 887 145 452 888 144 454 889 147 453 890 143 455 891 146 456 892 144 454 893 143 455 894 144 454 895 148 457 896 146 458 897 143 459 898 149 460 899 148 461 900 149 460 901 143 459 902 144 454 903 81 462 904 148 457 905 149 460 906 81 463 907 75 464 908 145 452 909 142 451 910 81 465 911 75 466 912 146 458 913 149 460 914 158 467 915 186 468 916 185 469 917 151 470 918 150 471 919 157 472 920 147 453 921 131 473 922 186 468 923 186 468 924 132 474 925 185 469 926 169 475 927 185 476 928 159 477 929 170 478 930 185 476 931 169 475 932 169 475 933 163 479 934 170 478 935 169 475 936 159 477 937 161 480 938 162 481 939 169 481 940 161 481 941 163 482 942 169 482 943 162 482 944 164 483 945 170 483 946 163 483 947 165 484 948 170 484 949 164 484 950 160 485 951 161 485 952 159 485 953 160 486 954 159 486 955 166 486 956 171 487 957 166 488 958 159 477 959 167 489 960 166 489 961 171 489 962 168 490 963 167 490 964 171 490 965 156 491 966 158 467 967 172 492 968 172 492 969 170 478 970 165 493 971 154 494 972 153 495 973 155 496 974 158 467 975 155 496 976 153 495 977 158 467 978 153 495 979 157 472 980 152 497 981 157 472 982 153 495 983 156 491 984 155 496 985 158 467 986 152 497 987 151 470 988 157 472 989 131 473 990 174 498 991 132 474 992 136 499 993 138 499 994 135 499 995 140 500 996 139 501 997 184 502 998 141 445 999 140 447 1000 184 503 1001 135 504 1002 139 501 1003 134 505 1004 184 502 1005 139 501 1006 135 504 1007 135 506 1008 72 507 1009 184 508 1010 72 507 1011 138 509 1012 82 510 1013 173 511 1014 176 512 1015 174 498 1016 177 513 1017 154 514 1018 178 515 1019 176 512 1020 177 513 1021 178 515 1022 154 514 1023 177 513 1024 153 516 1025 153 495 1026 177 513 1027 152 497 1028 177 513 1029 175 517 1030 152 497 1031 152 497 1032 175 517 1033 151 518 1034 82 510 1035 179 519 1036 75 520 1037 151 521 1038 179 521 1039 150 521 1040 150 471 1041 82 510 1042 138 509 1043 138 509 1044 137 441 1045 150 471 1046 82 510 1047 150 471 1048 179 519 1049 75 520 1050 175 517 1051 173 511 1052 175 517 1053 179 519 1054 151 518 1055 159 477 1056 132 522 1057 171 487 1058 132 522 1059 174 498 1060 171 487 1061 171 487 1062 174 498 1063 168 523 1064 155 496 1065 178 524 1066 154 494 1067 180 525 1068 155 496 1069 156 491 1070 178 515 1071 180 525 1072 176 512 1073 180 525 1074 181 526 1075 176 512 1076 181 526 1077 174 498 1078 176 512 1079 167 527 1080 168 527 1081 166 527 1082 161 528 1083 160 528 1084 166 528 1085 162 529 1086 161 529 1087 163 529 1088 164 530 1089 163 530 1090 165 530 1091 172 492 1092 182 531 1093 156 491 1094 156 491 1095 183 532 1096 180 525 1097 180 525 1098 183 532 1099 181 526 1100 165 533 1101 182 531 1102 172 492 1103 183 532 1104 168 534 1105 181 526 1106 182 531 1107 161 535 1108 183 532 1109 166 536 1110 183 532 1111 161 535 1112 161 535 1113 182 531 1114 163 537 1115 81 465 1116 142 451 1117 66 538 1118 141 445 1119 184 508 1120 67 222 1121 72 507 1122 67 222 1123 184 508 1124 146 456 1125 147 453 1126 144 454 1127 158 467 1128 185 476 1129 170 478 1130 75 520 1131 173 511 1132 131 473 1133 455 539 1134 102 413 1135 456 369 1136 452 540 1137 412 411 1138 101 412 1139 186 468 1140 157 472 1141 147 453 1142 185 476 1143 132 522 1144 159 477 1145 157 472 1146 150 471 1147 147 453 1148 137 441 1149 130 449 1150 147 453 1151 150 471 1152 137 441 1153 147 453 1154 188 541 1155 214 542 1156 187 543 1157 71 544 1158 187 543 1159 214 542 1160 197 545 1161 196 546 1162 215 547 1163 198 548 1164 197 549 1165 215 550 1166 65 551 1167 198 548 1168 215 550 1169 201 552 1170 200 553 1171 216 554 1172 200 553 1173 199 555 1174 216 554 1175 217 556 1176 199 555 1177 215 547 1178 196 546 1179 71 557 1180 215 547 1181 214 558 1182 215 547 1183 71 557 1184 83 559 1185 213 560 1186 214 558 1187 215 547 1188 213 560 1189 217 556 1190 83 559 1191 214 558 1192 189 561 1193 189 561 1194 214 558 1195 188 562 1196 190 563 1197 213 560 1198 83 559 1199 84 564 1200 213 560 1201 190 563 1202 195 565 1203 218 566 1204 194 567 1205 216 554 1206 199 555 1207 217 556 1208 202 568 1209 201 552 1210 220 569 1211 203 570 1212 202 568 1213 220 569 1214 220 569 1215 216 554 1216 218 566 1217 206 571 1218 205 572 1219 207 573 1220 219 574 1221 220 569 1222 218 566 1223 221 575 1224 209 576 1225 208 577 1226 208 577 1227 207 573 1228 221 575 1229 205 572 1230 221 575 1231 207 573 1232 219 574 1233 195 578 1234 211 579 1235 221 575 1236 210 580 1237 209 576 1238 211 579 1239 210 580 1240 219 574 1241 211 581 1242 212 582 1243 210 583 1244 216 554 1245 220 569 1246 201 552 1247 204 584 1248 203 585 1249 220 569 1250 205 572 1251 204 584 1252 220 569 1253 192 586 1254 222 586 1255 191 586 1256 193 587 1257 222 588 1258 192 589 1259 194 567 1260 222 588 1261 193 587 1262 191 590 1263 213 560 1264 84 591 1265 222 588 1266 213 560 1267 191 590 1268 217 556 1269 213 560 1270 222 588 1271 222 588 1272 216 554 1273 217 556 1274 218 566 1275 222 588 1276 194 567 1277 212 582 1278 211 581 1279 223 592 1280 230 593 1281 223 594 1282 211 579 1283 223 595 1284 230 596 1285 224 597 1286 225 598 1287 224 597 1288 230 596 1289 231 599 1290 225 600 1291 230 593 1292 225 601 1293 231 602 1294 226 603 1295 227 604 1296 226 603 1297 231 602 1298 232 605 1299 227 606 1300 231 599 1301 227 607 1302 232 608 1303 228 609 1304 229 610 1305 228 609 1306 232 608 1307 233 611 1308 194 567 1309 234 612 1310 195 578 1311 230 593 1312 211 579 1313 233 611 1314 231 599 1315 230 593 1316 233 611 1317 230 593 1318 195 578 1319 232 605 1320 231 599 1321 233 611 1322 194 567 1323 193 613 1324 234 612 1325 193 614 1326 192 615 1327 234 612 1328 191 616 1329 84 617 1330 192 615 1331 198 618 1332 65 619 1333 197 620 1334 199 555 1335 200 621 1336 70 622 1337 201 623 1338 70 622 1339 200 621 1340 197 620 1341 65 619 1342 71 624 1343 196 625 1344 197 620 1345 71 624 1346 188 626 1347 71 627 1348 83 628 1349 188 626 1350 83 628 1351 189 629 1352 188 626 1353 187 630 1354 71 627 1355 83 631 1356 84 631 1357 190 631 1358 192 615 1359 84 617 1360 79 632 1361 234 612 1362 192 615 1363 79 632 1364 199 555 1365 70 622 1366 65 633 1367 206 571 1368 235 634 1369 205 635 1370 206 571 1371 207 573 1372 235 634 1373 205 572 1374 235 636 1375 204 584 1376 236 637 1377 207 573 1378 208 577 1379 202 638 1380 203 639 1381 201 623 1382 70 622 1383 201 623 1384 203 639 1385 235 640 1386 237 641 1387 204 642 1388 236 637 1389 237 641 1390 235 640 1391 204 642 1392 237 641 1393 203 639 1394 203 639 1395 238 643 1396 70 622 1397 79 632 1398 70 622 1399 238 643 1400 79 632 1401 238 643 1402 234 612 1403 238 643 1404 233 611 1405 234 612 1406 233 611 1407 237 641 1408 232 605 1409 237 641 1410 236 637 1411 239 644 1412 237 641 1413 239 644 1414 232 605 1415 232 605 1416 239 644 1417 229 645 1418 209 576 1419 236 637 1420 208 577 1421 212 646 1422 223 646 1423 210 646 1424 224 647 1425 225 647 1426 223 647 1427 226 648 1428 227 648 1429 225 648 1430 228 649 1431 229 649 1432 227 649 1433 239 644 1434 209 576 1435 225 650 1436 225 650 1437 209 576 1438 223 651 1439 209 576 1440 210 652 1441 223 651 1442 227 653 1443 239 644 1444 225 650 1445 229 654 1446 239 644 1447 227 653 1448 248 655 1449 247 656 1450 258 657 1451 252 658 1452 251 659 1453 248 655 1454 247 656 1455 246 660 1456 258 657 1457 258 657 1458 254 661 1459 252 658 1460 242 662 1461 240 663 1462 255 664 1463 253 665 1464 252 658 1465 254 661 1466 248 655 1467 251 659 1468 249 666 1469 243 667 1470 242 662 1471 244 668 1472 258 657 1473 252 658 1474 248 655 1475 100 669 1476 240 663 1477 99 670 1478 258 657 1479 246 660 1480 244 668 1481 241 671 1482 240 663 1483 242 662 1484 244 668 1485 242 662 1486 254 661 1487 250 672 1488 249 666 1489 251 659 1490 255 673 1491 257 674 1492 254 675 1493 242 676 1494 257 677 1495 241 678 1496 241 678 1497 257 677 1498 240 679 1499 255 673 1500 100 680 1501 257 674 1502 256 681 1503 246 682 1504 247 683 1505 246 682 1506 256 681 1507 245 684 1508 245 684 1509 256 681 1510 244 685 1511 256 681 1512 257 677 1513 244 685 1514 244 685 1515 257 677 1516 243 686 1517 243 686 1518 257 677 1519 242 676 1520 244 668 1521 246 660 1522 245 687 1523 254 661 1524 258 657 1525 244 668 1526 254 661 1527 242 662 1528 255 664 1529 99 688 1530 240 679 1531 98 689 1532 240 679 1533 257 677 1534 98 689 1535 98 690 1536 257 674 1537 100 680 1538 249 691 1539 250 692 1540 259 693 1541 251 694 1542 259 695 1543 250 696 1544 247 683 1545 248 697 1546 256 681 1547 256 681 1548 248 697 1549 259 693 1550 248 697 1551 249 691 1552 259 693 1553 254 675 1554 256 698 1555 253 699 1556 256 698 1557 254 675 1558 257 674 1559 253 699 1560 256 698 1561 252 700 1562 252 700 1563 259 695 1564 251 694 1565 256 698 1566 259 695 1567 252 700 1568 102 413 1569 453 701 1570 101 412 1571 104 357 1572 456 369 1573 111 387 1574 107 390 1575 62 405 1576 119 404 1577 119 404 1578 61 401 1579 118 400 1580 237 641 1581 238 643 1582 203 639 1583 260 206 1584 631 205 1585 632 702 1586 215 547 1587 199 555 1588 65 633 1589 99 221 1590 98 346 1591 329 348 1592 78 703 1593 292 282 1594 79 281 1595 79 281 1596 294 283 1597 80 309 1598 57 215 1599 42 134 1600 355 99 1601 60 212 1602 58 213 1603 57 215 1604 50 100 1605 355 99 1606 42 134 1607 59 704 1608 60 212 1609 40 705 1610 272 0 1611 271 2 1612 300 706 1613 270 3 1614 269 5 1615 299 707 1616 268 6 1617 267 8 1618 298 708 1619 266 9 1620 265 11 1621 297 709 1622 264 12 1623 263 14 1624 296 710 1625 274 15 1626 273 17 1627 301 711 1628 276 18 1629 275 20 1630 302 712 1631 278 21 1632 277 23 1633 303 713 1634 278 25 1635 304 714 1636 279 26 1637 276 28 1638 303 715 1639 277 29 1640 274 31 1641 302 716 1642 275 32 1643 272 34 1644 301 717 1645 273 35 1646 270 37 1647 300 718 1648 271 38 1649 268 40 1650 299 719 1651 269 41 1652 266 43 1653 298 720 1654 267 44 1655 264 46 1656 297 721 1657 265 47 1658 263 48 1659 295 722 1660 296 723 1661 310 52 1662 308 724 1663 309 53 1664 296 725 1665 307 726 1666 308 724 1667 295 727 1668 306 728 1669 307 726 1670 312 58 1671 311 60 1672 314 729 1673 308 730 1674 311 62 1675 309 731 1676 316 64 1677 317 732 1678 315 65 1679 319 67 1680 323 733 1681 318 67 1682 321 69 1683 324 734 1684 320 70 1685 319 72 1686 324 735 1687 323 736 1688 316 75 1689 323 736 1690 317 737 1691 315 78 1692 317 737 1693 310 79 1694 310 79 1695 317 737 1696 296 738 1697 323 736 1698 324 735 1699 297 739 1700 297 739 1701 324 735 1702 298 740 1703 325 741 1704 298 740 1705 324 735 1706 325 741 1707 321 85 1708 322 86 1709 325 742 1710 322 89 1711 326 88 1712 326 90 1713 327 92 1714 325 743 1715 298 740 1716 325 741 1717 299 744 1718 300 745 1719 299 744 1720 325 741 1721 338 95 1722 337 97 1723 353 746 1724 337 97 1725 336 98 1726 353 746 1727 355 99 1728 332 101 1729 379 747 1730 335 102 1731 334 104 1732 354 748 1733 340 105 1734 339 107 1735 356 749 1736 341 108 1737 340 105 1738 356 749 1739 338 110 1740 356 750 1741 339 111 1742 335 112 1743 353 751 1744 336 752 1745 342 115 1746 356 750 1747 344 753 1748 354 754 1749 359 755 1750 353 751 1751 343 756 1752 344 757 1753 359 758 1754 356 750 1755 359 755 1756 344 753 1757 357 759 1758 361 760 1759 306 761 1760 360 762 1761 354 754 1762 372 763 1763 361 760 1764 357 759 1765 305 764 1766 357 759 1767 343 756 1768 305 764 1769 360 765 1770 305 764 1771 359 758 1772 367 766 1773 364 767 1774 351 768 1775 366 769 1776 351 768 1777 364 767 1778 381 770 1779 361 771 1780 371 772 1781 376 773 1782 361 774 1783 381 775 1784 365 776 1785 366 777 1786 364 778 1787 365 776 1788 364 778 1789 367 779 1790 367 766 1791 351 768 1792 362 780 1793 351 768 1794 366 769 1795 363 781 1796 361 771 1797 375 782 1798 371 772 1799 374 783 1800 371 772 1801 375 782 1802 373 784 1803 370 785 1804 369 786 1805 370 785 1806 375 787 1807 372 763 1808 372 763 1809 368 788 1810 360 762 1811 305 764 1812 360 765 1813 368 789 1814 368 789 1815 361 760 1816 305 764 1817 377 790 1818 376 773 1819 381 775 1820 379 747 1821 381 770 1822 371 772 1823 332 156 1824 331 158 1825 377 791 1826 331 159 1827 313 160 1828 377 790 1829 378 792 1830 377 790 1831 313 160 1832 376 793 1833 378 794 1834 314 795 1835 313 164 1836 312 165 1837 378 794 1838 314 795 1839 378 794 1840 312 165 1841 361 796 1842 376 793 1843 306 797 1844 307 798 1845 306 797 1846 376 793 1847 377 791 1848 379 747 1849 332 156 1850 376 793 1851 314 795 1852 307 798 1853 352 169 1854 380 799 1855 261 170 1856 357 759 1857 306 761 1858 380 799 1859 262 173 1860 380 800 1861 295 801 1862 295 801 1863 380 800 1864 306 802 1865 348 176 1866 347 178 1867 382 803 1868 349 179 1869 348 176 1870 382 803 1871 346 180 1872 382 803 1873 347 178 1874 382 803 1875 358 804 1876 383 805 1877 345 806 1878 383 805 1879 358 804 1880 367 779 1881 385 807 1882 365 776 1883 363 781 1884 366 769 1885 384 808 1886 384 809 1887 357 759 1888 363 810 1889 380 799 1890 352 169 1891 363 810 1892 357 759 1893 380 799 1894 363 810 1895 367 766 1896 362 780 1897 385 811 1898 385 812 1899 362 780 1900 345 806 1901 366 777 1902 365 776 1903 384 813 1904 385 807 1905 384 814 1906 365 776 1907 345 806 1908 384 809 1909 385 812 1910 346 192 1911 390 194 1912 358 815 1913 344 816 1914 387 197 1915 342 196 1916 343 817 1917 387 197 1918 344 816 1919 328 199 1920 325 741 1921 327 818 1922 390 194 1923 345 819 1924 358 815 1925 357 820 1926 345 819 1927 389 203 1928 357 821 1929 631 205 1930 388 822 1931 357 823 1932 388 208 1933 343 817 1934 388 208 1935 387 197 1936 343 817 1937 351 768 1938 363 810 1939 362 780 1940 350 209 1941 333 824 1942 354 748 1943 350 209 1944 354 748 1945 334 104 1946 317 737 1947 323 736 1948 296 738 1949 296 738 1950 323 736 1951 297 739 1952 307 798 1953 314 795 1954 308 730 1955 343 756 1956 359 758 1957 305 764 1958 370 785 1959 393 825 1960 369 786 1961 391 826 1962 386 827 1963 371 828 1964 369 829 1965 392 830 1966 373 831 1967 392 830 1968 374 783 1969 373 831 1970 350 209 1971 355 219 1972 333 824 1973 372 763 1974 393 825 1975 370 785 1976 386 827 1977 393 825 1978 372 763 1979 356 750 1980 353 751 1981 359 755 1982 417 832 1983 450 833 1984 451 834 1985 329 223 1986 330 835 1987 328 224 1988 416 836 1989 330 837 1990 450 833 1991 437 838 1992 417 832 1993 451 834 1994 418 839 1995 398 230 1996 440 840 1997 399 231 1998 413 841 1999 420 842 2000 396 843 2001 397 236 2002 418 844 2003 398 237 2004 418 844 2005 397 236 2006 446 845 2007 445 846 2008 300 847 2009 417 832 2010 421 848 2011 416 836 2012 280 242 2013 279 244 2014 304 849 2015 280 246 2016 422 850 2017 281 247 2018 282 248 2019 281 250 2020 422 851 2021 283 251 2022 422 852 2023 423 853 2024 284 254 2025 283 256 2026 423 854 2027 285 257 2028 423 855 2029 424 856 2030 286 260 2031 285 262 2032 424 857 2033 287 263 2034 424 858 2035 425 859 2036 288 266 2037 287 268 2038 425 860 2039 289 269 2040 425 861 2041 426 862 2042 290 272 2043 289 274 2044 426 863 2045 290 276 2046 427 864 2047 291 277 2048 292 278 2049 291 278 2050 427 865 2051 293 280 2052 292 282 2053 428 866 2054 294 283 2055 293 280 2056 428 866 2057 435 867 2058 436 868 2059 434 869 2060 431 870 2061 439 871 2062 427 872 2063 423 873 2064 422 874 2065 430 875 2066 425 876 2067 424 877 2068 431 870 2069 426 878 2070 425 876 2071 431 870 2072 434 879 2073 436 880 2074 417 832 2075 446 845 2076 301 881 2077 445 846 2078 303 882 2079 444 883 2080 304 884 2081 424 885 2082 423 873 2083 430 875 2084 430 875 2085 304 884 2086 415 886 2087 427 872 2088 426 878 2089 431 870 2090 440 840 2091 437 838 2092 418 839 2093 414 887 2094 420 842 2095 413 841 2096 428 888 2097 427 872 2098 433 889 2099 422 874 2100 304 884 2101 430 875 2102 428 890 2103 419 891 2104 429 892 2105 401 311 2106 413 893 2107 400 312 2108 435 867 2109 434 869 2110 437 894 2111 434 879 2112 417 832 2113 437 838 2114 438 895 2115 439 896 2116 435 897 2117 439 898 2118 438 899 2119 432 900 2120 432 900 2121 438 899 2122 440 901 2123 438 895 2124 435 897 2125 440 840 2126 398 230 2127 420 842 2128 440 840 2129 437 838 2130 440 840 2131 435 897 2132 69 228 2133 396 322 2134 88 226 2135 432 902 2136 440 840 2137 420 842 2138 436 903 2139 435 904 2140 439 871 2141 421 848 2142 417 832 2143 436 903 2144 432 905 2145 433 889 2146 439 871 2147 439 871 2148 433 889 2149 427 872 2150 439 871 2151 431 870 2152 436 903 2153 431 870 2154 421 848 2155 436 903 2156 354 754 2157 333 906 2158 372 763 2159 355 99 2160 386 827 2161 333 906 2162 386 827 2163 372 763 2164 333 906 2165 442 329 2166 383 805 2167 362 780 2168 383 805 2169 441 330 2170 349 179 2171 382 803 2172 383 805 2173 349 179 2174 442 329 2175 363 810 2176 352 169 2177 300 907 2178 445 907 2179 301 907 2180 302 908 2181 301 908 2182 447 908 2183 443 909 2184 447 910 2185 301 911 2186 443 909 2187 302 912 2188 447 910 2189 444 913 2190 448 914 2191 302 915 2192 303 916 2193 302 916 2194 448 916 2195 303 917 2196 448 914 2197 444 913 2198 446 918 2199 443 919 2200 301 920 2201 444 883 2202 302 921 2203 443 919 2204 444 883 2205 415 886 2206 304 884 2207 300 745 2208 325 741 2209 446 918 2210 330 837 2211 446 918 2212 325 741 2213 446 918 2214 415 886 2215 443 919 2216 444 883 2217 443 919 2218 415 886 2219 446 918 2220 330 837 2221 415 886 2222 416 836 2223 415 886 2224 330 837 2225 449 922 2226 394 347 2227 451 834 2228 394 347 2229 395 323 2230 451 834 2231 437 838 2232 451 834 2233 395 323 2234 394 347 2235 449 922 2236 329 348 2237 329 348 2238 450 833 2239 330 837 2240 459 349 2241 484 923 2242 458 350 2243 473 924 2244 482 925 2245 491 926 2246 473 927 2247 472 928 2248 482 929 2249 460 930 2250 484 931 2251 459 932 2252 462 933 2253 483 934 2254 461 935 2255 463 936 2256 483 934 2257 462 933 2258 483 937 2259 484 931 2260 461 938 2261 483 937 2262 473 939 2263 484 931 2264 458 940 2265 482 929 2266 457 941 2267 457 941 2268 482 929 2269 456 942 2270 472 928 2271 456 942 2272 482 929 2273 470 370 2274 472 928 2275 469 943 2276 472 928 2277 485 944 2278 469 943 2279 473 927 2280 485 945 2281 472 928 2282 463 946 2283 464 947 2284 466 948 2285 464 947 2286 465 377 2287 466 948 2288 466 948 2289 483 937 2290 463 946 2291 485 949 2292 473 949 2293 469 949 2294 483 937 2295 466 948 2296 473 939 2297 473 939 2298 466 948 2299 469 950 2300 469 950 2301 466 948 2302 468 951 2303 466 948 2304 467 952 2305 468 951 2306 476 953 2307 479 954 2308 478 955 2309 475 385 2310 479 954 2311 471 386 2312 479 954 2313 481 956 2314 471 386 2315 487 957 2316 475 385 2317 474 389 2318 471 386 2319 472 928 2320 470 370 2321 477 958 2322 487 957 2323 489 959 2324 429 892 2325 474 389 2326 294 283 2327 488 960 2328 487 957 2329 490 961 2330 486 962 2331 401 394 2332 402 396 2333 487 957 2334 429 892 2335 490 961 2336 492 963 2337 493 964 2338 496 965 2339 488 966 2340 402 396 2341 404 967 2342 403 402 2343 404 967 2344 402 396 2345 405 403 2346 489 959 2347 404 967 2348 407 968 2349 489 959 2350 405 403 2351 477 958 2352 408 407 2353 410 969 2354 408 407 2355 477 958 2356 407 968 2357 406 408 2358 407 968 2359 405 403 2360 409 409 2361 410 969 2362 408 407 2363 411 410 2364 412 970 2365 410 969 2366 476 953 2367 477 958 2368 410 969 2369 476 953 2370 410 969 2371 412 970 2372 480 971 2373 476 953 2374 412 970 2375 412 970 2376 453 701 2377 480 971 2378 454 972 2379 480 971 2380 453 701 2381 480 971 2382 454 972 2383 481 956 2384 454 972 2385 456 942 2386 481 956 2387 484 973 2388 491 926 2389 482 925 2390 482 974 2391 458 350 2392 484 923 2393 484 975 2394 473 924 2395 491 926 2396 493 976 2397 486 962 2398 496 977 2399 486 978 2400 492 963 2401 496 965 2402 490 979 2403 486 980 2404 494 981 2405 490 979 2406 494 981 2407 488 982 2408 488 966 2409 494 983 2410 486 962 2411 488 984 2412 495 984 2413 487 984 2414 489 985 2415 487 985 2416 495 985 2417 488 966 2418 489 959 2419 495 986 2420 419 891 2421 493 976 2422 492 987 2423 490 961 2424 492 987 2425 486 988 2426 490 961 2427 429 892 2428 492 987 2429 419 891 2430 492 987 2431 429 892 2432 486 962 2433 493 976 2434 413 841 2435 414 887 2436 413 841 2437 493 976 2438 477 989 2439 476 990 2440 497 991 2441 478 992 2442 477 989 2443 497 991 2444 478 992 2445 497 991 2446 476 990 2447 481 993 2448 498 994 2449 480 995 2450 480 995 2451 498 994 2452 479 996 2453 481 993 2454 479 996 2455 498 994 2456 505 997 2457 506 997 2458 503 997 2459 506 998 2460 507 999 2461 503 1000 2462 507 1001 2463 506 1001 2464 508 1001 2465 504 1002 2466 505 1003 2467 503 1000 2468 511 1004 2469 509 1005 2470 503 1000 2471 504 1002 2472 503 1000 2473 509 1005 2474 510 1006 2475 509 1005 2476 511 1004 2477 503 1000 2478 499 1007 2479 511 1004 2480 500 1008 2481 503 1000 2482 507 999 2483 499 1007 2484 512 1009 2485 415 1010 2486 416 836 2487 499 1007 2488 415 886 2489 512 1009 2490 499 1007 2491 515 1011 2492 500 1008 2493 515 1011 2494 499 1007 2495 517 1012 2496 515 1011 2497 500 1008 2498 515 1011 2499 517 1012 2500 514 1013 2501 513 1014 2502 514 1013 2503 516 1015 2504 513 1014 2505 518 1016 2506 514 1013 2507 516 1017 2508 519 1018 2509 513 1019 2510 518 1020 2511 513 1019 2512 519 1018 2513 514 1013 2514 430 1021 2515 515 1011 2516 430 1022 2517 519 1018 2518 424 1023 2519 515 1011 2520 430 1024 2521 512 1009 2522 424 1025 2523 516 1017 2524 517 1026 2525 556 1027 2526 528 1028 2527 555 1029 2528 521 1030 2529 527 1031 2530 520 1032 2531 517 1012 2532 501 1033 2533 424 1034 2534 556 1027 2535 502 1035 2536 501 1033 2537 539 1036 2538 529 1037 2539 555 1038 2540 540 1039 2541 539 1036 2542 555 1038 2543 539 1036 2544 540 1039 2545 533 1040 2546 539 1036 2547 531 1041 2548 529 1037 2549 532 1042 2550 531 1042 2551 539 1042 2552 533 1043 2553 532 1043 2554 539 1043 2555 534 1044 2556 533 1044 2557 540 1044 2558 535 1045 2559 534 1045 2560 540 1045 2561 530 1046 2562 529 1046 2563 531 1046 2564 530 1047 2565 536 1047 2566 529 1047 2567 541 1048 2568 529 1037 2569 536 1049 2570 537 1050 2571 541 1050 2572 536 1050 2573 538 1051 2574 541 1051 2575 537 1051 2576 526 1052 2577 542 1053 2578 528 1028 2579 540 1039 2580 542 1053 2581 535 1054 2582 524 1055 2583 525 1056 2584 523 1057 2585 528 1028 2586 523 1057 2587 525 1056 2588 528 1028 2589 527 1031 2590 523 1057 2591 522 1058 2592 523 1057 2593 527 1031 2594 526 1052 2595 528 1028 2596 525 1056 2597 522 1058 2598 527 1031 2599 521 1030 2600 544 1059 2601 501 1033 2602 502 1035 2603 506 1060 2604 505 1060 2605 508 1060 2606 510 1061 2607 554 1062 2608 509 1063 2609 511 1004 2610 554 1064 2611 510 1006 2612 505 1065 2613 504 1066 2614 509 1063 2615 554 1062 2616 505 1065 2617 509 1063 2618 505 1067 2619 554 1068 2620 421 1069 2621 508 1070 2622 421 1069 2623 431 1071 2624 546 1072 2625 543 1073 2626 544 1059 2627 547 1074 2628 548 1075 2629 524 1076 2630 546 1072 2631 547 1074 2632 545 1077 2633 524 1076 2634 523 1078 2635 547 1074 2636 523 1057 2637 522 1058 2638 547 1074 2639 547 1074 2640 522 1058 2641 545 1077 2642 522 1058 2643 521 1079 2644 545 1077 2645 431 1071 2646 424 1080 2647 549 1081 2648 521 1082 2649 520 1082 2650 549 1082 2651 520 1032 2652 508 1070 2653 431 1071 2654 508 1070 2655 520 1032 2656 507 999 2657 431 1071 2658 549 1081 2659 520 1032 2660 424 1080 2661 545 1077 2662 549 1081 2663 545 1077 2664 521 1079 2665 549 1081 2666 529 1037 2667 541 1048 2668 502 1083 2669 502 1083 2670 541 1048 2671 544 1059 2672 541 1048 2673 538 1084 2674 544 1059 2675 525 1056 2676 524 1055 2677 548 1085 2678 550 1086 2679 525 1056 2680 548 1075 2681 548 1075 2682 546 1072 2683 550 1086 2684 550 1086 2685 546 1072 2686 551 1087 2687 544 1059 2688 551 1087 2689 546 1072 2690 537 1088 2691 536 1088 2692 538 1088 2693 531 1089 2694 536 1089 2695 530 1089 2696 532 1090 2697 533 1090 2698 531 1090 2699 534 1091 2700 535 1091 2701 533 1091 2702 542 1053 2703 526 1052 2704 552 1092 2705 553 1093 2706 526 1052 2707 550 1086 2708 550 1086 2709 551 1087 2710 553 1093 2711 535 1094 2712 552 1092 2713 533 1095 2714 538 1096 2715 553 1093 2716 551 1087 2717 552 1092 2718 553 1093 2719 531 1097 2720 536 1098 2721 531 1097 2722 553 1093 2723 531 1097 2724 533 1095 2725 552 1092 2726 430 1024 2727 415 1099 2728 512 1009 2729 511 1004 2730 416 836 2731 554 1068 2732 421 1069 2733 554 1068 2734 416 836 2735 516 1015 2736 514 1013 2737 517 1012 2738 528 1028 2739 540 1039 2740 555 1038 2741 424 1080 2742 501 1033 2743 543 1073 2744 455 539 2745 456 942 2746 454 972 2747 452 540 2748 453 701 2749 412 970 2750 556 1027 2751 517 1012 2752 527 1031 2753 555 1038 2754 529 1037 2755 502 1083 2756 527 1031 2757 517 1012 2758 520 1032 2759 507 999 2760 517 1012 2761 500 1008 2762 520 1032 2763 517 1012 2764 507 999 2765 558 1100 2766 557 1101 2767 584 1102 2768 420 1103 2769 584 1102 2770 557 1101 2771 567 1104 2772 585 1105 2773 566 1106 2774 568 1107 2775 585 1108 2776 567 1109 2777 414 1110 2778 585 1108 2779 568 1107 2780 571 1111 2781 586 1112 2782 570 1113 2783 570 1113 2784 586 1112 2785 569 1114 2786 587 1115 2787 585 1105 2788 569 1114 2789 566 1106 2790 585 1105 2791 420 1116 2792 584 1117 2793 420 1116 2794 585 1105 2795 432 1118 2796 584 1117 2797 583 1119 2798 583 1119 2799 585 1105 2800 587 1115 2801 432 1118 2802 559 1120 2803 584 1117 2804 559 1120 2805 558 1121 2806 584 1117 2807 560 1122 2808 432 1118 2809 583 1119 2810 433 1123 2811 560 1122 2812 583 1119 2813 565 1124 2814 588 1125 2815 589 1126 2816 586 1112 2817 587 1115 2818 569 1114 2819 572 1127 2820 590 1128 2821 571 1111 2822 573 1129 2823 590 1128 2824 572 1127 2825 590 1128 2826 588 1125 2827 586 1112 2828 576 1130 2829 577 1131 2830 575 1132 2831 589 1126 2832 590 1128 2833 591 1133 2834 591 1133 2835 578 1134 2836 579 1135 2837 578 1134 2838 591 1133 2839 577 1131 2840 591 1133 2841 575 1132 2842 577 1131 2843 589 1126 2844 581 1136 2845 565 1137 2846 591 1133 2847 580 1138 2848 589 1126 2849 581 1136 2850 589 1126 2851 580 1138 2852 581 1139 2853 580 1140 2854 582 1141 2855 586 1112 2856 571 1111 2857 590 1128 2858 574 1142 2859 590 1128 2860 573 1143 2861 575 1132 2862 590 1128 2863 574 1142 2864 562 1144 2865 561 1144 2866 592 1144 2867 563 1145 2868 562 1146 2869 592 1147 2870 564 1148 2871 563 1145 2872 592 1147 2873 561 1149 2874 433 1150 2875 583 1119 2876 592 1147 2877 561 1149 2878 583 1119 2879 587 1115 2880 592 1147 2881 583 1119 2882 586 1112 2883 592 1147 2884 587 1115 2885 588 1125 2886 564 1148 2887 592 1147 2888 582 1141 2889 593 1151 2890 581 1139 2891 600 1152 2892 581 1136 2893 593 1153 2894 593 1154 2895 594 1155 2896 600 1156 2897 595 1157 2898 600 1156 2899 594 1155 2900 601 1158 2901 600 1152 2902 595 1159 2903 595 1160 2904 596 1161 2905 601 1162 2906 597 1163 2907 601 1162 2908 596 1161 2909 602 1164 2910 601 1158 2911 597 1165 2912 597 1166 2913 598 1167 2914 602 1168 2915 599 1169 2916 602 1168 2917 598 1167 2918 564 1148 2919 603 1170 2920 604 1171 2921 565 1137 2922 581 1136 2923 600 1152 2924 603 1170 2925 600 1152 2926 601 1158 2927 603 1170 2928 565 1137 2929 600 1152 2930 602 1164 2931 603 1170 2932 601 1158 2933 564 1148 2934 604 1171 2935 563 1172 2936 563 1173 2937 604 1171 2938 562 1174 2939 561 1175 2940 562 1174 2941 433 1176 2942 568 1177 2943 567 1178 2944 414 1179 2945 569 1114 2946 419 1180 2947 570 1181 2948 571 1182 2949 570 1181 2950 419 1180 2951 567 1178 2952 420 1183 2953 414 1179 2954 566 1184 2955 420 1183 2956 567 1178 2957 558 1185 2958 432 1186 2959 420 1187 2960 558 1185 2961 559 1188 2962 432 1186 2963 558 1185 2964 420 1187 2965 557 1189 2966 432 1190 2967 560 1190 2968 433 1190 2969 562 1174 2970 428 1191 2971 433 1176 2972 604 1171 2973 428 1191 2974 562 1174 2975 569 1114 2976 414 1192 2977 419 1180 2978 576 1130 2979 575 1193 2980 605 1194 2981 576 1130 2982 605 1194 2983 577 1131 2984 575 1132 2985 574 1142 2986 605 1195 2987 577 1131 2988 606 1196 2989 578 1134 2990 572 1197 2991 571 1182 2992 573 1198 2993 419 1180 2994 573 1198 2995 571 1182 2996 605 1199 2997 574 1200 2998 607 1201 2999 606 1196 3000 605 1199 3001 607 1201 3002 574 1200 3003 573 1198 3004 607 1201 3005 573 1198 3006 419 1180 3007 608 1202 3008 428 1191 3009 608 1202 3010 419 1180 3011 428 1191 3012 604 1171 3013 608 1202 3014 603 1170 3015 608 1202 3016 604 1171 3017 603 1170 3018 602 1164 3019 607 1201 3020 607 1201 3021 609 1203 3022 606 1196 3023 607 1201 3024 602 1164 3025 609 1203 3026 602 1164 3027 599 1204 3028 609 1203 3029 579 1135 3030 606 1196 3031 609 1203 3032 582 1205 3033 580 1205 3034 593 1205 3035 594 1206 3036 593 1206 3037 595 1206 3038 596 1207 3039 595 1207 3040 597 1207 3041 598 1208 3042 597 1208 3043 599 1208 3044 609 1203 3045 595 1209 3046 579 1135 3047 595 1209 3048 593 1210 3049 579 1135 3050 579 1135 3051 593 1210 3052 580 1211 3053 597 1212 3054 595 1209 3055 609 1203 3056 599 1213 3057 597 1212 3058 609 1203 3059 618 1214 3060 628 1215 3061 617 1216 3062 622 1217 3063 618 1214 3064 621 1218 3065 617 1216 3066 628 1215 3067 616 1219 3068 628 1215 3069 622 1217 3070 624 1220 3071 612 1221 3072 625 1222 3073 610 1223 3074 623 1224 3075 624 1220 3076 622 1217 3077 618 1214 3078 619 1225 3079 621 1218 3080 613 1226 3081 614 1227 3082 612 1221 3083 628 1215 3084 618 1214 3085 622 1217 3086 451 1228 3087 610 1223 3088 625 1222 3089 628 1215 3090 614 1227 3091 616 1219 3092 611 1229 3093 612 1221 3094 610 1223 3095 614 1227 3096 624 1220 3097 612 1221 3098 620 1230 3099 621 1218 3100 619 1225 3101 625 1231 3102 624 1232 3103 627 1233 3104 612 1234 3105 611 1235 3106 627 1236 3107 611 1235 3108 610 1237 3109 627 1236 3110 625 1231 3111 627 1233 3112 451 1238 3113 626 1239 3114 617 1240 3115 616 1241 3116 616 1241 3117 615 1242 3118 626 1239 3119 615 1242 3120 614 1243 3121 626 1239 3122 626 1239 3123 614 1243 3124 627 1236 3125 614 1243 3126 613 1244 3127 627 1236 3128 613 1244 3129 612 1234 3130 627 1236 3131 614 1227 3132 615 1245 3133 616 1219 3134 624 1220 3135 614 1227 3136 628 1215 3137 624 1220 3138 625 1222 3139 612 1221 3140 450 1246 3141 449 1247 3142 610 1237 3143 610 1237 3144 449 1247 3145 627 1236 3146 449 1248 3147 451 1238 3148 627 1233 3149 619 1249 3150 629 1250 3151 620 1251 3152 621 1252 3153 620 1253 3154 629 1254 3155 617 1240 3156 626 1239 3157 618 1255 3158 626 1239 3159 629 1250 3160 618 1255 3161 618 1255 3162 629 1250 3163 619 1249 3164 624 1232 3165 623 1256 3166 626 1257 3167 626 1257 3168 627 1233 3169 624 1232 3170 623 1256 3171 622 1258 3172 626 1257 3173 622 1258 3174 621 1252 3175 629 1254 3176 626 1257 3177 622 1258 3178 629 1254 3179 405 403 3180 404 967 3181 61 401 3182 61 401 3183 404 967 3184 403 402 3185 408 407 3186 407 968 3187 62 405 3188 62 405 3189 407 968 3190 406 408 3191 411 410 3192 410 969 3193 63 406 3194 63 406 3195 410 969 3196 409 409 3197 455 539 3198 454 972 3199 102 413 3200 101 412 3201 453 701 3202 452 540 3203 472 928 3204 481 956 3205 456 942 3206 477 958 3207 489 959 3208 407 968 3209 467 1259 3210 466 1259 3211 103 1259 3212 103 375 3213 466 948 3214 465 377 3215 489 959 3216 488 966 3217 404 967 3218 607 1201 3219 573 1198 3220 608 1202 3221 630 1260 3222 632 702 3223 631 205 3224 585 1105 3225 414 1192 3226 569 1114 3227 450 833 3228 329 348 3229 449 922 3230 427 1261 3231 428 866 3232 292 282 3233 428 866 3234 429 892 3235 294 283 3236 386 827 3237 355 99 3238 371 772 3239 393 825 3240 386 827 3241 391 826 3242 379 747 3243 371 772 3244 355 99 3245 393 825 3246 392 1262 3247 369 1263 3248 632 702 3249 630 1260 3250 260 206 3251 389 1264 3252 260 206 3253 630 1260 3254 28 204 3255 260 206 3256 389 1264 3257 357 821 3258 389 1264 3259 630 1260 3260 396 322 3261 437 838 3262 395 323 3263 418 839 3264 437 838 3265 396 322 3266 9 24 3267 8 1265 3268 278 25 3269 8 27 3270 7 1266 3271 276 28 3272 7 30 3273 6 1267 3274 274 31 3275 6 33 3276 5 1268 3277 272 34 3278 5 36 3279 4 1269 3280 270 37 3281 4 39 3282 3 1270 3283 268 40 3284 3 42 3285 2 1271 3286 266 43 3287 2 45 3288 1 1272 3289 264 46 3290 263 48 3291 1 1273 3292 0 49 3293 13 51 3294 1 54 3295 310 52 3296 1 54 3297 13 51 3298 12 55 3299 13 61 3300 309 731 3301 311 62 3302 319 72 3303 16 76 3304 17 73 3305 316 75 3306 15 80 3307 16 76 3308 321 85 3309 17 73 3310 18 84 3311 27 109 3312 25 113 3313 338 110 3314 335 112 3315 336 752 3316 25 113 3317 342 115 3318 22 122 3319 27 109 3320 26 114 3321 25 113 3322 30 117 3323 32 135 3324 42 134 3325 46 145 3326 45 147 3327 46 145 3328 42 134 3329 44 149 3330 40 211 3331 41 150 3332 46 152 3333 45 151 3334 41 150 3335 43 126 3336 31 118 3337 39 153 3338 47 136 3339 49 161 3340 48 155 3341 50 100 3342 52 133 3343 48 157 3344 51 172 3345 261 1274 3346 262 173 3347 346 180 3348 347 178 3349 53 177 3350 54 182 3351 33 143 3352 23 183 3353 55 186 3354 28 123 3355 23 183 3356 328 199 3357 327 818 3358 18 84 3359 23 201 3360 389 203 3361 390 194 3362 28 204 3363 388 822 3364 631 205 3365 45 147 3366 58 148 3367 59 218 3368 68 220 3369 100 227 3370 99 221 3371 399 231 3372 71 305 3373 64 232 3374 73 245 3375 9 1275 3376 280 246 3377 283 251 3378 74 1276 3379 73 252 3380 285 257 3381 75 1277 3382 74 258 3383 287 263 3384 76 1278 3385 75 264 3386 289 269 3387 77 1279 3388 76 270 3389 78 275 3390 77 1280 3391 290 276 3392 398 230 3393 91 229 3394 71 305 3395 54 182 3396 441 330 3397 442 329 3398 34 187 3399 33 143 3400 442 329 3401 460 358 3402 459 1281 3403 114 359 3404 106 382 3405 108 391 3406 109 383 3407 109 383 3408 108 391 3409 475 385 3410 475 385 3411 108 391 3412 117 388 3413 104 357 3414 111 387 3415 471 386 3416 107 390 3417 119 404 3418 117 388 3419 80 309 3420 294 283 3421 474 389 3422 401 394 3423 64 232 3424 116 395 3425 402 396 3426 116 395 3427 118 400 3428 70 310 3429 122 429 3430 123 417 3431 130 449 3432 137 441 3433 133 440 3434 67 222 3435 66 303 3436 129 448 3437 144 454 3438 145 452 3439 81 462 3440 149 460 3441 148 461 3442 81 463 3443 75 466 3444 147 1282 3445 146 458 3446 158 467 3447 157 472 3448 186 468 3449 147 453 3450 75 1283 3451 131 473 3452 186 468 3453 131 473 3454 132 474 3455 172 492 3456 158 467 3457 170 478 3458 131 473 3459 173 511 3460 174 498 3461 72 507 3462 135 506 3463 138 509 3464 173 511 3465 175 517 3466 176 512 3467 176 512 3468 175 517 3469 177 513 3470 75 520 3471 179 519 3472 175 517 3473 180 525 3474 178 515 3475 155 496 3476 181 526 3477 168 523 3478 174 498 3479 156 491 3480 182 531 3481 183 532 3482 165 533 3483 163 537 3484 182 531 3485 183 532 3486 166 536 3487 168 534 3488 215 547 3489 214 558 3490 213 560 3491 195 565 3492 219 574 3493 218 566 3494 219 574 3495 221 575 3496 220 569 3497 205 572 3498 220 569 3499 221 575 3500 221 575 3501 219 574 3502 210 580 3503 222 588 3504 218 566 3505 216 554 3506 233 611 3507 195 565 3508 194 567 3509 236 637 3510 235 640 3511 207 573 3512 238 643 3513 237 641 3514 233 611 3515 209 576 3516 239 644 3517 236 637 3518 100 669 3519 255 664 3520 240 663 3521 102 413 3522 454 972 3523 453 701 3524 59 704 3525 58 213 3526 60 212 3527 278 25 3528 303 1284 3529 304 714 3530 276 28 3531 302 1285 3532 303 715 3533 274 31 3534 301 1286 3535 302 716 3536 272 34 3537 300 1287 3538 301 717 3539 270 37 3540 299 1288 3541 300 718 3542 268 40 3543 298 1289 3544 299 719 3545 266 43 3546 297 1290 3547 298 720 3548 264 46 3549 296 1291 3550 297 721 3551 263 48 3552 262 50 3553 295 722 3554 310 52 3555 296 725 3556 308 724 3557 296 725 3558 295 727 3559 307 726 3560 308 730 3561 314 795 3562 311 62 3563 319 72 3564 320 74 3565 324 735 3566 316 75 3567 318 77 3568 323 736 3569 325 741 3570 324 735 3571 321 85 3572 338 110 3573 353 751 3574 356 750 3575 335 112 3576 354 754 3577 353 751 3578 342 115 3579 341 116 3580 356 750 3581 354 754 3582 360 762 3583 359 755 3584 361 771 3585 368 1292 3586 375 782 3587 374 783 3588 391 1293 3589 371 772 3590 373 784 3591 374 1294 3592 370 785 3593 370 785 3594 374 1294 3595 375 787 3596 372 763 3597 375 787 3598 368 788 3599 377 790 3600 378 792 3601 376 773 3602 377 791 3603 381 770 3604 379 747 3605 262 173 3606 261 1274 3607 380 800 3608 346 180 3609 358 804 3610 382 803 3611 345 806 3612 362 780 3613 383 805 3614 345 806 3615 357 759 3616 384 809 3617 328 199 3618 330 837 3619 325 741 3620 390 194 3621 389 203 3622 345 819 3623 357 821 3624 630 1260 3625 631 205 3626 392 830 3627 391 1293 3628 374 783 3629 417 832 3630 416 836 3631 450 833 3632 399 231 3633 400 233 3634 413 841 3635 280 246 3636 304 1295 3637 422 850 3638 283 251 3639 282 253 3640 422 852 3641 285 257 3642 284 259 3643 423 855 3644 287 263 3645 286 265 3646 424 858 3647 289 269 3648 288 271 3649 425 861 3650 290 276 3651 426 1296 3652 427 864 3653 398 230 3654 399 231 3655 420 842 3656 442 329 3657 441 330 3658 383 805 3659 442 329 3660 362 780 3661 363 810 3662 460 930 3663 461 938 3664 484 931 3665 476 953 3666 480 971 3667 479 954 3668 475 385 3669 478 955 3670 479 954 3671 487 957 3672 478 955 3673 475 385 3674 471 386 3675 481 956 3676 472 928 3677 477 958 3678 478 955 3679 487 957 3680 429 892 3681 487 957 3682 474 389 3683 486 962 3684 413 841 3685 401 394 3686 488 966 3687 486 962 3688 402 396 3689 419 891 3690 414 887 3691 493 976 3692 500 1008 3693 499 1007 3694 503 1000 3695 416 836 3696 511 1004 3697 499 1007 3698 514 1013 3699 518 1016 3700 430 1021 3701 430 1022 3702 518 1020 3703 519 1018 3704 424 1025 3705 519 1018 3706 516 1017 3707 556 1027 3708 527 1031 3709 528 1028 3710 517 1012 3711 556 1027 3712 501 1033 3713 556 1027 3714 555 1029 3715 502 1035 3716 540 1039 3717 528 1028 3718 542 1053 3719 544 1059 3720 543 1073 3721 501 1033 3722 508 1070 3723 505 1067 3724 421 1069 3725 546 1072 3726 545 1077 3727 543 1073 3728 546 1072 3729 548 1075 3730 547 1074 3731 424 1080 3732 543 1073 3733 545 1077 3734 550 1086 3735 526 1052 3736 525 1056 3737 544 1059 3738 538 1084 3739 551 1087 3740 553 1093 3741 552 1092 3742 526 1052 3743 535 1094 3744 542 1053 3745 552 1092 3746 538 1096 3747 536 1098 3748 553 1093 3749 583 1119 3750 584 1117 3751 585 1105 3752 565 1124 3753 564 1148 3754 588 1125 3755 589 1126 3756 588 1125 3757 590 1128 3758 591 1133 3759 590 1128 3760 575 1132 3761 591 1133 3762 579 1135 3763 580 1138 3764 586 1112 3765 588 1125 3766 592 1147 3767 564 1148 3768 565 1124 3769 603 1170 3770 577 1131 3771 605 1199 3772 606 1196 3773 603 1170 3774 607 1201 3775 608 1202 3776 579 1135 3777 578 1134 3778 606 1196 3779 451 1228 3780 450 1297 3781 610 1223 3782 393 825 3783 391 826 3784 392 1262 3785</p>
        </triangles>
      </mesh>
    </geometry>
  </library_geometries>
  <library_controllers>
    <controller id="Armature_dragon-skin" name="Armature">
      <skin source="#dragon-mesh">
        <bind_shape_matrix>1 0 0 0 0 1 0 0 0 0 1 0 0 0 0 1</bind_shape_matrix>
        <source id="Armature_dragon-skin-joints">
          <Name_array id="Armature_dragon-skin-joints-array" count="32">neck3 neck1 leg_front_lower_L leg_front_upper_L base neck2 jaw_upper jaw_lower tongue back1 back2 tail1 tail2 tail3 leg_back_hip_L leg_back_upper_L leg_back_lower_L leg_back_foot_L leg_back_hip_R leg_back_upper_R leg_back_lower_R leg_back_foot_R leg_front_shoulder_L leg_front_foot_L wing_lower_L wing_upper_L leg_front_shoulder_R leg_front_upper_R leg_front_lower_R leg_front_foot_R wing_lower_R wing_upper_R</Name_array>
          <technique_common>
            <accessor source="#Armature_dragon-skin-joints-array" count="32" stride="1">
              <param name="JOINT" type="name" />
            </accessor>
          </technique_common>
        </source>
        <source id="Armature_dragon-skin-bind_poses">
          <float_array id="Armature_dragon-skin-bind_poses-array" count="512">-0.6596638 0.3403367 0.6700854 -0.120937 0 -0.8915918 0.4528399 -0.2546544 0.7515608 0.2987222 0.5881509 -0.106149 0 0 0 1 0.9730427 0.202844 0.1097364 0.0139392 0 -0.4758225 0.8795414 -0.03466224 0.2306247 -0.8558313 -0.4629955 -0.05881041 0 0 0 1 -0.09672206 0.9044333 -0.4155064 0.00297451 0.03971695 -0.413624 -0.9095812 -0.1460178 -0.9945189 -0.1044793 0.004085063 0.1271458 0 0 0 1 0.006315112 -0.9938809 -0.1102786 -0.06490248 -0.01724457 0.1101562 -0.9937649 -0.006708443 0.9998317 0.008177518 -0.01644331 -0.1342785 0 0 0 1 0.9803394 0.1542276 -0.1230792 0.01095533 0 0.6237586 0.781617 0.1475843 0.1973186 -0.76625 0.6114952 -0.05442792 0 0 0 1 -0.008280158 0.991721 0.1281441 0.1197409 0 -0.1281486 0.9917549 -0.1428615 0.9999657 0.008211851 0.001061081 9.91827e-4 0 0 0 1 -0.8036984 0.1963016 -0.5617245 0.2218753 0 -0.9440164 -0.3298982 -0.1347289 -0.5950367 -0.2651386 0.7587044 -0.2996809 0 0 0 1 -0.9004101 -0.2425604 0.3611449 -0.156544 0 -0.8301386 -0.5575568 -0.06337261 0.4350418 -0.5020298 0.7474653 -0.3240001 0 0 0 1 -0.7530715 -0.2449229 0.6106522 -0.2294945 0 -0.9281293 -0.372258 -0.1415425 0.6579387 -0.2803369 0.6989478 -0.2626771 0 0 0 1 0.9984606 0.002563118 -0.05540698 2.74611e-4 0 0.9989317 0.04621112 0.06949812 0.05546629 -0.04614007 0.997394 -0.004937529 0 0 0 1 0.7608846 -0.2391155 -0.6032236 0.02584707 0 0.9296277 -0.368501 -0.07630485 0.6488876 0.2803866 0.7073391 -0.03030771 0 0 0 1 0.8200225 -0.1799775 -0.5432968 0.01428431 0 0.9492697 -0.314464 -0.2595358 0.5723316 0.2578675 0.7784222 -0.02046561 0 0 0 1 0.9758267 -0.02417337 0.2172051 0.03444743 0 0.9938639 0.1106097 -0.402796 -0.2185461 -0.1079361 0.969839 0.1538093 0 0 0 1 0.3556599 -0.6443403 0.6770021 0.4330826 0 0.7243642 0.6894175 -0.3492395 -0.9346156 -0.2451981 0.2576273 0.1648055 0 0 0 1 -0.03332686 -0.8034371 -0.5944562 0.07408213 0.8575555 0.2824926 -0.4298797 -0.02035421 0.5133108 -0.5241058 0.6795775 0.0388149 0 0 0 1 0.0309866 -0.9723564 -0.2314372 0.1019999 0.2771408 0.2308279 -0.9326907 -0.09049266 0.9603296 -0.03523975 0.2766323 -0.07746177 0 0 0 1 0.1886202 -0.8159849 -0.5464349 0.01142203 0.06678181 0.5657923 -0.8218391 -0.2146046 0.9797769 0.1185234 0.161213 -0.1196725 0 0 0 1 -0.9825568 -0.1716712 -0.071491 0.1567946 0.1743884 -0.9841024 -0.03363472 0.1922427 -0.0645802 -0.04551517 0.9968741 0.2921271 0 0 0 1 -0.0333268 0.8034371 0.5944562 -0.07408219 -0.8575555 0.2824926 -0.4298798 -0.02035474 -0.5133107 -0.5241058 0.6795773 0.0388146 0 0 0 1 0.0309866 0.9723565 0.2314372 -0.1019999 -0.2771412 0.2308278 -0.9326906 -0.09049284 -0.9603295 -0.03523975 0.2766324 -0.07746237 0 0 0 1 0.1886202 0.815985 0.546435 -0.01142197 -0.06678205 0.5657923 -0.8218389 -0.2146047 -0.979777 0.1185234 0.1612129 -0.1196732 0 0 0 1 -0.9825572 0.1716712 0.07149076 -0.1567953 -0.1743887 -0.9841024 -0.03363484 0.1922425 0.0645802 -0.04551517 0.9968742 0.2921272 0 0 0 1 -0.05600839 -0.7088987 -0.703083 -0.04816132 0.9900906 0.05139255 -0.1306892 0.003805756 0.1287786 -0.7034356 0.6989955 -0.05020397 0 0 0 1 -0.9761766 -0.09608018 -0.1945468 0.07110089 0.1159817 -0.9888305 -0.09361106 -0.1548931 -0.1833795 -0.1139449 0.9764164 0.28012 0 0 0 1 0.2099617 -0.9554661 0.2073661 -0.06690883 0.405584 0.2781009 0.8707249 0.01786565 -0.8896168 -0.09871447 0.4459123 -0.00764662 0 0 0 1 0.8976653 -0.01299816 -0.440486 0.005554437 -0.09330087 0.9712989 -0.2187995 0.05771958 0.4306877 0.2375065 0.8706887 -0.2315897 0 0 0 1 -0.05600816 0.7088998 0.703082 0.04816138 -0.9900905 0.05139243 -0.1306893 0.00380516 -0.1287787 -0.7034345 0.6989965 -0.05020397 0 0 0 1 0.006315112 0.9938808 0.1102786 0.06490248 0.01724451 0.1101562 -0.9937648 -0.006708443 -0.9998314 0.008177459 -0.01644331 -0.1342791 0 0 0 1 -0.09672206 -0.9044333 0.4155064 -0.002974569 -0.03971707 -0.413624 -0.9095813 -0.1460179 0.9945187 -0.1044793 0.004085063 0.1271464 0 0 0 1 -0.9761762 0.09608012 0.1945468 -0.07110148 -0.1159818 -0.9888301 -0.09361106 -0.1548932 0.1833795 -0.1139448 0.9764164 0.2801201 0 0 0 1 0.2099618 0.955466 -0.2073661 0.06690895 -0.405584 0.2781009 0.8707248 0.01786535 0.8896166 -0.09871453 0.4459123 -0.007646083 0 0 0 1 0.8976653 0.01299822 0.4404862 -0.005553901 0.09330081 0.9712991 -0.2187995 0.05771964 -0.4306878 0.2375066 0.8706886 -0.23159 0 0 0 1</float_array>
          <technique_common>
            <accessor source="#Armature_dragon-skin-bind_poses-array" count="32" stride="16">
              <param name="TRANSFORM" type="float4x4" />
            </accessor>
          </technique_common>
        </source>
        <source id="Armature_dragon-skin-weights">
          <float_array id="Armature_dragon-skin-weights-array" count="1127">0.7056126 0.04131829 0.2530691 0.7887191 0.2112808 0.1141188 0.8858813 0.08763766 0.9123623 0.2864648 0.7135353 0.8255655 0.170257 0.004177391 0.9993985 6.01489e-4 1 1 1 1 0.3073189 0.3284115 0.3642696 0.8193875 0.02867621 0.1519362 0.8998113 0.1001887 0.9343224 0.06567758 0.1618371 0.8381628 0.07333564 0.9266643 0.01042145 0.9895786 0.7142347 0.2857654 0.7687972 0.1353299 0.09587299 0.03971326 0.9602867 1 1 0.9927225 0.007277548 1 1 1 1 0.1639193 0.8360807 1 1 1 0.1324536 0.8675464 1 0.01056885 0.9713855 0.01804566 0.05003792 0.9499621 0.0711705 0.9288294 0.06045961 0.9395403 0.03049379 0.9695062 0.03749698 0.962503 0.3022066 0.6977934 0.2821775 0.7178226 0.3375478 0.6624521 0.07974082 0.9202592 0.2987071 0.7012929 0.2925063 0.7074937 0.1516023 0.8483977 0.9217051 0.07829487 1 0.9462784 0.0537216 0.6489781 0.351022 0.003411531 0.9965885 0.8791186 0.1208814 1 1 0.07208687 0.9279131 0.02418041 0.9758195 0.2204562 0.7795438 0.2972002 0.7027998 0.2988742 0.7011258 0.2867113 0.7132886 0.02623671 0.9737634 0.6811786 0.3188214 0.2922675 0.7077325 0.9239565 0.003302693 0.07274067 0.05731475 0.01272493 0.9299603 0.09983915 0.5401231 0.3600378 0.6881065 0.3118935 0.8995475 0.03397762 0.06647485 0.7238454 0.1783971 0.09775745 0.2127315 0.7872685 1 1 1 1 1 1 1 0.7557531 0.2120873 0.03215962 1 0.7556709 0.2443291 0.002754449 0.9972456 1 0.1485736 0.1694868 0.6819395 0.1329351 0.1033284 0.7637365 0.8176882 0.1659582 0.0163536 0.7486866 0.239296 0.01201742 0.8274098 0.1275956 0.04499465 0.9106299 0.08598327 0.003386795 1 0.5157814 0.2915747 0.192644 0.1298006 0.8701994 0.9914681 0.008531808 0.9966624 0.003337562 1 0.9415951 0.0584048 1 1 0.06203973 0.01045238 0.899604 0.02790379 0.244619 0.007140278 0.7482407 0.9894102 0.01058977 0.737345 0.2626549 0.6569234 0.3430766 1 0.06726849 0.9327315 1 0.3574859 0.6425141 0.5 0.5 0.5 0.5 0.7655356 0.2344644 0.8284804 0.1715196 0.7280292 0.2719708 0.02124911 0.9787508 1 1 1 0.1238855 0.8761144 0.6925554 0.3074446 0.01940852 0.8895704 0.091021 0.7480807 0.2519192 0.2534698 0.7465302 1 0.6623557 0.3376443 0.7417969 0.2582031 0.9870553 0.01294463 0.7670384 0.2329616 0.2794198 0.7150369 0.005543231 0.3198801 0.6801199 0.7702794 0.2297206 1 1 1 0.6765236 0.3234764 1 1 1 1 1 1 1 1 1 1 1 1 1 1 0.6825537 0.3174463 1 1 0.1322497 0.8677502 0.2098811 0.7901189 1 1 0.9982701 0.001729905 0.9662613 0.03373867 0.6185815 0.3814185 0.875416 0.124584 0.8213086 0.1786914 1 1 1 1 1 0.01908612 0.9809138 0.06802552 0.9319745 1 0.04016607 0.9598339 0.07781988 0.9221801 1 0.003726541 0.9962735 0.01185703 0.988143 0.5275089 0.4724911 1 0.8136773 0.1863226 1 0.9281579 0.07184207 1 0.9877293 0.01227074 0.04348576 0.9565142 0.8111722 0.1888278 0.5596374 0.4403626 0.5043953 0.4956047 0.5115267 0.4884734 0.9279733 0.07202672 0.8435569 4.4303e-4 0.1560001 1 1 1 0.2580616 0.7419384 0.2850124 0.7149876 0.9795367 0.02046334 0.03582179 0.02111858 0.9430596 1 0.1179839 0.8820161 0.9033434 0.09665656 1 1 0.01265656 0.9873434 1 1 1 0.01504188 0.2049233 0.7800348 0.1129176 0.8870824 0.06890422 0.9241923 0.006903529 0.01875579 0.9293485 0.05189579 6.87958e-4 0.9335104 0.06580162 0.9229588 0.0770412 0.5 0.5 0.1447245 0.8552754 0.07120865 0.9287913 0.2253261 0.7746739 0.01310992 0.9868901 1 1 1 0.8319201 0.1680799 0.9693868 0.03061318 0.1165208 0.8834792 0.874549 0.1254509 0.1080114 0.8919886 0.868968 0.1310319 0.894649 0.105351 0.04996263 0.9500374 0.1285788 0.8714212 0.1835475 0.8164525 0.2096297 0.7903702 0.233299 0.766701 0.2398915 0.7601084 0.2446936 0.7553064 0.2608854 0.7391147 0.3532531 0.6467469 0.308775 0.691225 0.008844912 0.84633 0.1448252 0.1962838 0.8037161 0.9351786 0.06482142 0.5 0.5 0.8712885 0.1287115 0.1146298 0.8853702 0.3337986 0.6662014 1 1 1 1 1 1 0.9980916 0.001908361 0.532598 0.4674021 1 1 1 1 0.3579583 0.6420418 0.5152379 0.4847622 0.8254587 0.1745413 1 0.8124021 0.1875979 1 0.718223 0.281777 1 1 1 0.4920142 0.05235987 0.455626 0.4792161 0.3512114 0.1695724 0.4732354 0.3913057 0.1354588 0.1280757 0.01239293 0.8112081 0.04832321 0.08941274 0.04279077 0.8539187 0.01387774 0.001248478 0.1552179 0.8435337 0.2134783 0.7865216 0.4351162 0.5648838 0.4877001 0.5123 0.7903043 0.2096956 0.8011251 0.198875 0.9299025 0.0700975 1 1 1 1 1 1 1 1 1 0.9980086 0.00199145 0.8037636 0.1962364 0.5291607 0.4708393 0.3813861 0.6186138 1 1 1 1 0.8911012 0.1088988 0.8635928 0.1364071 0.9718534 0.0281465 0.7501003 0.191771 0.02906465 0.02906394 0.7056131 0.04131758 0.2530692 0.788722 0.211278 0.1141178 0.8858823 0.08763641 0.9123635 0.2864634 0.7135366 0.8255662 0.170257 0.004176795 0.9993985 6.01489e-4 1 1 1 1 0.3171097 0.3070054 0.375885 0.8193888 0.02867472 0.1519365 0.8998138 0.1001863 0.5638822 0.4361178 0.4599218 0.5400782 0.8801199 0.1198801 0.9201278 0.07987225 0.9499071 0.05009281 0.9343242 0.06567579 0.1702636 0.8297364 0.08298015 0.9170199 0.1618338 0.8381662 0.02918606 0.9708139 0.003699898 0.9963001 0.09391868 0.9060813 0.1451974 0.8548027 0.2734661 0.7265339 0.07333374 0.9266663 0.0104199 0.98958 0.7142353 0.2857647 0.5069896 0.4930104 0.8606383 0.1393616 0.9686833 0.03131669 0.8432853 0.05653995 0.05008673 0.05008786 0.7687967 0.1353296 0.09587377 1 0.4927562 0.5072439 0.03977787 0.9602221 1 1 1 1 1 1 1 1 1 1 1 0.9927238 0.007276177 1 1 1 1 1 1 1 1 1 0.3538347 0.6461653 1 0.1262785 0.8737215 1 1 1 0.1055226 0.8944774 1 0.01056689 0.9713887 0.01804435 0.05003643 0.9499635 0.07116866 0.9288314 0.060458 0.9395421 0.03049129 0.9695087 0.03735691 0.9626432 0.3019193 0.6980807 0.2821778 0.7178223 0.3386166 0.6613834 0.08501511 0.914985 0.298707 0.7012931 0.2918382 0.7081618 0.1483355 0.8516646 0.9217078 0.07829225 1 0.9462791 0.05372083 0.5971345 0.4028655 0.00340867 0.9965913 0.8791207 0.1208792 1 1 0.07208496 0.927915 0.02417814 0.9758219 0.2199765 0.7800235 1 0.9351482 0.06485182 0.1271173 0.08829993 0.5497688 0.2348139 1 0.2972013 0.7027986 0.2988741 0.7011259 0.2861956 0.7138044 0.06112593 0.2067885 0.3660417 0.3660438 0.811846 0.09407657 0.0940774 0.845664 0.07716798 0.07716792 0.2954737 0.1765839 0.2639712 0.2639712 0.3890106 0.03427815 0.2883555 0.2883556 0.01644504 0.867462 0.05804646 0.0580464 0.8995475 0.1004525 0.8414147 0.1585853 0.08753633 0.9124637 0.166927 0.833073 0.02623665 0.9737633 0.9867224 0.01327753 0.7104385 0.2895615 0.6811786 0.3188214 0.5 0.5 0.4981852 0.5018148 0.2922675 0.7077325 0.1440999 0.8448414 0.01105868 0.007118821 0.9864984 0.006382763 0.9239587 0.00330156 0.0727396 0.05739247 0.01138609 0.9312214 0.09983915 0.3600378 0.5401231 0.6881057 0.3118944 0.8995496 0.03397566 0.06647467 0.7238454 0.09775739 0.1783971 0.2127307 0.7872692 1 1 1 1 1 1 1 0.03216135 0.7557516 0.212087 1 0.7556715 0.2443284 0.00275433 0.9972457 1 0.1306869 0.1559506 0.7133624 0.130948 0.1017833 0.7672687 0.8176901 0.1659565 0.0163533 0.7486892 0.2392941 0.01201665 0.8274126 0.1275936 0.04499369 0.9106319 0.08598172 0.003386318 1 0.515784 0.2915725 0.1926435 0.1297991 0.8702009 1 1 0.9914682 0.008531808 0.9966625 0.003337562 1 0.9415951 0.0584048 1 1 0.06203377 0.01045238 0.02789521 0.8996186 0.2446179 0.007140278 0.7482418 0.01058775 0.9894123 0.9158086 0.08419138 0.7373462 0.2626539 0.6569121 0.3430879 0.5649129 0.4350872 0.6136105 0.3863894 1 1 1 1 1 1 1 1 1 1 1 1 1 1 0.7394154 0.2605846 0.06726628 0.9327337 1 0.06400549 0.779857 0.1561375 0.5680001 0.432 0.3574859 0.6425141 0.5 0.5 0.5 0.5 0.7655356 0.2344644 0.8284806 0.1715195 0.7280292 0.2719708 0.0212472 0.9787527 1 1 1 0.1238834 0.8761165 0.6925554 0.3074446 0.01940649 0.8895726 0.091021 0.7480807 0.2519192 0.2534684 0.7465316 1 0.6623573 0.3376427 0.7417996 0.2582004 0.9870554 0.01294463 0.7670384 0.2329616 0.2794189 0.7150394 0.005541741 0.3198801 0.6801199 0.7702794 0.2297206 1 1 0.03951352 0.8959516 0.06453478 0.4480112 0.5519888 1 1 1 1 1 1 1 1 1 1 1 1 1 1 0.5443012 0.4556989 1 1 0.8944715 0.1055285 0.7860701 0.2139299 0.01615834 0.9838417 0.9955766 0.004423439 0.9982705 0.001729547 0.9453374 0.05466258 0.3821749 0.6178251 0.1245826 0.8754174 0.8213108 0.1786892 1 1 1 1 1 0.0187267 0.9812733 0.06369167 0.9363083 1 0.03861659 0.9613834 0.07220202 0.9277979 1 0.00371015 0.9962899 0.01185953 0.9881405 0.3453393 0.6546607 1 0.8136736 0.1863265 0.02613002 0.9738699 0.928156 0.07184404 1 0.9877285 0.01227152 0.9522168 0.04778325 0.4478712 0.5521289 0.3588255 0.6411745 0.335281 0.664719 0.3384174 0.6615827 0.07202672 0.9279733 4.4303e-4 0.4872817 0.5122753 0.03725486 0.850953 0.111792 1 1 0.05333423 0.9466658 0.130727 0.869273 0.9795361 0.02046394 0.03582274 0.02111846 0.9430589 1 0.117986 0.882014 0.9033444 0.09665554 1 1 0.009617149 0.9903829 1 1 1 0.01504278 0.2049234 0.7800337 0.1129183 0.8870817 0.06890469 0.9241914 0.006903827 0.01875579 0.9293487 0.05189549 6.88155e-4 0.9335104 0.06580144 0.9229592 0.07704073 0.5 0.5 0.144722 0.855278 0.07120722 0.9287928 0.2253267 0.7746733 0.01311099 0.986889 1 1 1 0.8319202 0.1680798 0.9693896 0.03061038 0.1165193 0.8834807 0.8745517 0.1254484 0.1080113 0.8919888 0.8689703 0.1310297 0.8946519 0.1053481 0.04996496 0.950035 0.1285805 0.8714195 0.1835488 0.8164513 0.2096309 0.7903692 0.2333 0.7667 0.2398926 0.7601075 0.2446947 0.7553053 0.2608873 0.7391127 0.353253 0.6467469 0.3087757 0.6912243 0.008845984 0.8463281 0.1448258 0.1962854 0.8037145 0.9351783 0.06482166 0.5 0.5 0.8712868 0.1287132 0.1146301 0.8853698 0.3337986 0.6662014 1 1 1 1 1 1 0.9980946 0.001905381 0.5325973 0.4674027 1 1 1 1 0.3579603 0.6420397 0.5152386 0.4847614 0.8254584 0.1745415 1 0.8124033 0.1875967 1 0.7182211 0.2817788 1 1 1 1</float_array>
          <technique_common>
            <accessor source="#Armature_dragon-skin-weights-array" count="1127" stride="1">
              <param name="WEIGHT" type="float" />
            </accessor>
          </technique_common>
        </source>
        <joints>
          <input semantic="JOINT" source="#Armature_dragon-skin-joints" />
          <input semantic="INV_BIND_MATRIX" source="#Armature_dragon-skin-bind_poses" />
        </joints>
        <vertex_weights count="633">
          <input semantic="JOINT" source="#Armature_dragon-skin-joints" offset="0" />
          <input semantic="WEIGHT" source="#Armature_dragon-skin-weights" offset="1" />
          <vcount>3 2 2 2 2 3 2 1 1 1 1 3 3 2 2 2 2 2 2 3 2 1 1 2 1 1 1 1 2 1 1 1 2 1 3 2 2 2 2 2 2 2 2 2 2 2 2 2 1 2 2 2 2 1 1 2 2 2 2 2 2 2 2 2 3 3 3 2 3 3 2 1 1 1 1 1 1 1 3 1 2 2 1 3 3 3 3 3 3 1 3 2 2 2 1 2 1 1 4 3 2 2 2 1 2 1 2 2 2 2 2 2 2 1 1 1 2 2 3 2 2 1 2 2 2 2 3 2 2 1 1 1 2 1 1 1 1 1 1 1 1 1 1 1 1 1 1 2 1 1 2 2 1 1 2 2 2 2 2 1 1 1 1 1 2 2 1 2 2 1 2 2 2 1 2 1 2 1 2 2 2 2 2 2 2 3 1 1 1 2 2 2 3 1 2 2 1 1 2 1 1 1 3 2 3 3 3 2 2 2 2 2 2 1 1 1 2 2 2 2 2 2 2 2 2 2 2 2 2 2 2 2 2 3 2 2 2 2 2 2 1 1 1 1 1 1 2 2 1 1 1 1 2 2 2 1 2 1 2 1 1 1 3 3 3 4 4 3 2 2 2 2 2 2 1 1 1 1 1 1 1 1 1 2 2 2 2 1 1 1 1 2 2 2 4 3 2 2 2 2 3 2 1 1 1 1 3 3 2 2 2 2 2 2 2 2 2 2 2 2 2 2 2 2 2 2 2 2 2 4 3 1 2 2 1 1 1 1 1 1 1 1 1 1 1 2 1 1 1 1 1 1 1 1 1 2 1 2 1 1 1 2 1 3 2 2 2 2 2 2 2 2 2 2 2 2 2 1 2 2 2 2 1 1 2 2 2 1 2 4 1 2 2 2 4 3 3 4 4 4 2 2 2 2 2 2 2 2 2 2 2 3 3 3 3 3 2 3 3 2 1 1 1 1 1 1 1 3 1 2 2 1 3 3 3 3 3 3 1 3 2 1 1 2 2 1 2 1 1 4 3 2 2 2 2 2 2 1 1 1 1 1 1 1 1 1 1 1 1 1 1 2 2 1 3 2 2 2 2 2 2 2 2 1 1 1 2 2 3 2 2 1 2 2 2 2 3 2 2 1 1 3 2 1 1 1 1 1 1 1 1 1 1 1 1 1 1 2 1 1 2 2 2 2 2 2 2 2 2 1 1 1 1 1 2 2 1 2 2 1 2 2 2 1 2 2 2 1 2 2 2 2 2 2 2 3 3 1 1 2 2 2 3 1 2 2 1 1 2 1 1 1 3 2 3 3 3 2 2 2 2 2 2 1 1 1 2 2 2 2 2 2 2 2 2 2 2 2 2 2 2 2 2 3 2 2 2 2 2 2 1 1 1 1 1 1 2 2 1 1 1 1 2 2 2 1 2 1 2 1 1 1 1 </vcount>
          <v>0 0 5 1 7 2 0 3 5 4 0 5 5 6 1 7 5 8 1 9 5 10 1 11 5 12 22 13 1 14 5 15 1 16 1 17 1 18 6 19 0 20 6 21 7 22 0 23 5 24 7 25 0 26 5 27 0 28 5 29 0 30 5 31 0 32 5 33 1 34 5 35 1 36 5 37 1 38 5 39 24 40 0 41 6 42 6 43 6 44 7 45 8 46 7 47 6 48 6 49 6 50 6 51 7 52 7 53 6 54 6 55 0 56 6 57 7 58 6 59 7 60 8 61 6 62 7 63 6 64 7 65 6 66 7 67 6 68 7 69 0 70 6 71 0 72 6 73 0 74 6 75 0 76 6 77 0 78 6 79 0 80 6 81 0 82 6 83 0 84 6 85 0 86 6 87 0 88 0 89 5 90 0 91 6 92 0 93 7 94 0 95 6 96 7 97 7 98 6 99 7 100 6 101 7 102 0 103 6 104 0 105 6 106 0 107 6 108 0 109 6 110 10 111 11 112 11 113 12 114 11 115 12 116 10 117 11 118 14 119 10 120 11 121 15 122 1 123 3 124 22 125 1 126 22 127 9 128 14 129 24 130 9 131 14 132 18 133 11 134 15 135 15 136 22 137 22 138 22 139 3 140 22 141 9 142 9 143 14 144 27 145 10 146 10 147 11 148 1 149 3 150 3 151 9 152 14 153 15 154 9 155 14 156 15 157 9 158 14 159 24 160 9 161 14 162 15 163 9 164 14 165 15 166 9 167 14 168 24 169 9 170 9 171 14 172 15 173 9 174 14 175 1 176 5 177 1 178 5 179 1 180 1 181 5 182 1 183 1 184 1 185 9 186 24 187 30 188 1 189 5 190 24 191 24 192 30 193 12 194 13 195 12 196 13 197 13 198 12 199 13 200 13 201 11 202 12 203 11 204 12 205 11 206 12 207 12 208 13 209 12 210 13 211 12 212 13 213 12 214 13 215 13 216 13 217 13 218 10 219 11 220 11 221 12 222 10 223 11 224 12 225 11 226 12 227 10 228 11 229 13 230 10 231 11 232 10 233 11 234 11 235 12 236 11 237 12 238 10 239 11 240 15 241 11 242 12 243 12 244 13 245 3 246 3 247 2 248 2 249 23 250 3 251 3 252 3 253 3 254 3 255 3 256 3 257 3 258 3 259 3 260 3 261 3 262 3 263 3 264 2 265 3 266 3 267 3 268 2 269 3 270 2 271 3 272 2 273 2 274 2 275 23 276 2 277 23 278 2 279 23 280 2 281 3 282 2 283 23 284 23 285 23 286 23 287 23 288 23 289 2 290 23 291 2 292 23 293 23 294 2 295 23 296 2 297 23 298 23 299 2 300 23 301 2 302 23 303 2 304 23 305 2 306 2 307 23 308 2 309 2 310 23 311 2 312 2 313 23 314 2 315 3 316 2 317 23 318 2 319 23 320 2 321 23 322 2 323 23 324 3 325 22 326 2 327 3 328 23 329 2 330 15 331 15 332 9 333 15 334 9 335 15 336 15 337 16 338 9 339 14 340 15 341 15 342 15 343 16 344 16 345 17 346 15 347 15 348 11 349 15 350 15 351 15 352 15 353 10 354 15 355 16 356 15 357 16 358 15 359 16 360 17 361 15 362 16 363 17 364 15 365 16 366 17 367 16 368 17 369 16 370 17 371 16 372 17 373 16 374 17 375 16 376 17 377 16 378 17 379 15 380 15 381 15 382 15 383 16 384 15 385 16 386 15 387 16 388 16 389 17 390 15 391 16 392 16 393 17 394 15 395 16 396 16 397 17 398 16 399 17 400 16 401 17 402 16 403 17 404 16 405 17 406 16 407 17 408 16 409 17 410 16 411 17 412 16 413 17 414 16 415 17 416 15 417 16 418 17 419 15 420 16 421 16 422 17 423 16 424 17 425 16 426 17 427 15 428 16 429 16 430 17 431 24 432 24 433 24 434 24 435 24 436 24 437 24 438 25 439 24 440 25 441 25 442 25 443 25 444 25 445 24 446 25 447 24 448 25 449 24 450 25 451 24 452 24 453 25 454 24 455 24 456 25 457 25 458 8 459 7 460 0 461 5 462 7 463 0 464 5 465 7 466 0 467 5 468 7 469 0 470 1 471 5 472 7 473 0 474 1 475 5 476 7 477 0 478 1 479 5 480 1 481 5 482 1 483 5 484 1 485 5 486 1 487 5 488 1 489 5 490 1 491 5 492 1 493 1 494 1 495 1 496 1 497 1 498 1 499 1 500 1 501 1 502 9 503 1 504 9 505 1 506 9 507 1 508 9 509 9 510 9 511 9 512 9 513 9 514 10 515 9 516 10 517 10 518 11 519 10 520 11 521 15 522 19 523 0 524 5 525 7 526 0 527 5 528 0 529 5 530 1 531 5 532 1 533 5 534 1 535 5 536 26 537 1 538 5 539 1 540 1 541 1 542 6 543 0 544 6 545 7 546 0 547 5 548 7 549 0 550 5 551 0 552 5 553 0 554 5 555 0 556 5 557 0 558 5 559 0 560 5 561 0 562 5 563 0 564 5 565 0 566 5 567 0 568 5 569 0 570 5 571 1 572 5 573 1 574 5 575 1 576 5 577 1 578 5 579 0 580 5 581 1 582 5 583 1 584 5 585 1 586 5 587 1 588 5 589 1 590 5 591 1 592 9 593 24 594 30 595 1 596 5 597 30 598 0 599 0 600 6 601 0 602 6 603 6 604 6 605 6 606 6 607 6 608 6 609 6 610 6 611 6 612 6 613 6 614 7 615 8 616 7 617 7 618 7 619 7 620 6 621 7 622 7 623 6 624 6 625 0 626 6 627 6 628 6 629 7 630 7 631 6 632 6 633 0 634 6 635 7 636 6 637 7 638 8 639 6 640 7 641 6 642 7 643 6 644 7 645 6 646 7 647 0 648 6 649 0 650 6 651 0 652 6 653 0 654 6 655 0 656 6 657 0 658 6 659 0 660 6 661 0 662 6 663 0 664 6 665 0 666 0 667 5 668 0 669 6 670 0 671 7 672 0 673 6 674 7 675 7 676 6 677 7 678 6 679 7 680 0 681 6 682 6 683 6 684 7 685 5 686 6 687 7 688 8 689 7 690 0 691 6 692 0 693 6 694 0 695 6 696 1 697 9 698 24 699 30 700 9 701 24 702 30 703 9 704 14 705 18 706 9 707 10 708 14 709 18 710 9 711 10 712 14 713 18 714 9 715 10 716 14 717 18 718 10 719 11 720 10 721 11 722 10 723 11 724 10 725 11 726 10 727 11 728 11 729 12 730 11 731 12 732 11 733 12 734 11 735 12 736 11 737 12 738 11 739 12 740 11 741 12 742 13 743 11 744 12 745 13 746 10 747 11 748 18 749 10 750 11 751 19 752 1 753 26 754 27 755 1 756 26 757 9 758 18 759 30 760 9 761 14 762 18 763 11 764 19 765 19 766 26 767 26 768 26 769 27 770 26 771 9 772 3 773 9 774 18 775 10 776 10 777 11 778 1 779 27 780 27 781 9 782 18 783 19 784 9 785 18 786 19 787 9 788 18 789 30 790 9 791 18 792 19 793 9 794 18 795 19 796 9 797 18 798 30 799 9 800 9 801 18 802 19 803 9 804 18 805 7 806 7 807 1 808 5 809 1 810 5 811 1 812 1 813 5 814 1 815 1 816 1 817 9 818 24 819 30 820 1 821 5 822 30 823 24 824 30 825 12 826 13 827 12 828 13 829 12 830 13 831 12 832 13 833 12 834 13 835 13 836 13 837 13 838 13 839 13 840 13 841 13 842 13 843 13 844 13 845 13 846 13 847 13 848 13 849 12 850 13 851 12 852 13 853 13 854 10 855 11 856 12 857 11 858 12 859 11 860 12 861 11 862 12 863 11 864 12 865 12 866 13 867 12 868 13 869 12 870 13 871 12 872 13 873 13 874 13 875 13 876 10 877 11 878 11 879 12 880 10 881 11 882 12 883 11 884 12 885 10 886 11 887 13 888 10 889 11 890 10 891 11 892 11 893 12 894 11 895 12 896 10 897 11 898 19 899 11 900 12 901 12 902 13 903 27 904 27 905 27 906 28 907 29 908 28 909 29 910 27 911 27 912 27 913 27 914 27 915 27 916 27 917 27 918 27 919 27 920 27 921 27 922 27 923 27 924 27 925 28 926 27 927 27 928 27 929 28 930 27 931 28 932 27 933 28 934 28 935 29 936 28 937 29 938 28 939 29 940 28 941 29 942 27 943 28 944 28 945 29 946 29 947 29 948 29 949 29 950 29 951 28 952 29 953 28 954 29 955 29 956 28 957 29 958 28 959 29 960 29 961 28 962 29 963 28 964 29 965 28 966 29 967 28 968 28 969 29 970 27 971 28 972 28 973 29 974 28 975 28 976 29 977 27 978 28 979 28 980 29 981 28 982 29 983 28 984 29 985 28 986 29 987 26 988 27 989 27 990 28 991 29 992 27 993 28 994 29 995 19 996 19 997 9 998 19 999 9 1000 19 1001 19 1002 20 1003 9 1004 18 1005 19 1006 19 1007 19 1008 20 1009 20 1010 21 1011 19 1012 19 1013 11 1014 19 1015 19 1016 19 1017 19 1018 10 1019 19 1020 20 1021 19 1022 20 1023 19 1024 20 1025 21 1026 19 1027 20 1028 21 1029 19 1030 20 1031 21 1032 20 1033 21 1034 20 1035 21 1036 20 1037 21 1038 20 1039 21 1040 20 1041 21 1042 20 1043 21 1044 19 1045 19 1046 19 1047 19 1048 20 1049 19 1050 20 1051 19 1052 20 1053 20 1054 21 1055 19 1056 20 1057 20 1058 21 1059 19 1060 20 1061 20 1062 21 1063 20 1064 21 1065 20 1066 21 1067 20 1068 21 1069 20 1070 21 1071 20 1072 21 1073 20 1074 21 1075 20 1076 21 1077 20 1078 21 1079 20 1080 21 1081 19 1082 20 1083 21 1084 19 1085 20 1086 20 1087 21 1088 20 1089 21 1090 20 1091 21 1092 19 1093 20 1094 20 1095 21 1096 30 1097 30 1098 30 1099 30 1100 30 1101 30 1102 30 1103 31 1104 30 1105 31 1106 31 1107 31 1108 31 1109 31 1110 30 1111 31 1112 30 1113 31 1114 30 1115 31 1116 30 1117 30 1118 31 1119 30 1120 30 1121 31 1122 31 1123 8 1124 8 1125 8 1126</v>
        </vertex_weights>
      </skin>
    </controller>
  </library_controllers>
  <library_visual_scenes>
    <visual_scene id="Scene" name="Scene">
      <node id="Armature" name="Armature" type="NODE">
        <matrix sid="transform">1 0 0 -3.21306e-7 0 1 0 -0.008066932 0 0 1 0.05677127 0 0 0 1</matrix>
        <node id="Armature_base" name="base" sid="base" type="JOINT">
          <matrix sid="transform">0.9803394 0 0.1973186 0 0.1542276 0.6237587 -0.76625 -0.1273851 -0.1230792 0.781617 0.6114951 -0.1374949 0 0 0 1</matrix>
          <node id="Armature_neck1" name="neck1" sid="neck1" type="JOINT">
            <matrix sid="transform">0.9716901 -0.1816382 0.1510829 9.31323e-10 0.2122976 0.3906662 -0.8957174 0.1054889 0.1036735 0.9024342 0.4181677 -3.72529e-9 0 0 0 1</matrix>
            <node id="Armature_neck2" name="neck2" sid="neck2" type="JOINT">
              <matrix sid="transform">0.2071698 0.08283749 0.9747916 3.72529e-9 -0.359175 0.9332657 -0.002974118 0.1416763 -0.9099857 -0.3495046 0.2230976 -2.23517e-8 0 0 0 1</matrix>
              <node id="Armature_neck3" name="neck3" sid="neck3" type="JOINT">
                <matrix sid="transform">0.4288487 -0.8261816 0.3653942 0 0.6209469 0.5633625 0.5450207 0.1335502 -0.6561355 -0.006841097 0.7546121 0 0 0 0 1</matrix>
                <node id="Armature_jaw_upper" name="jaw_upper" sid="jaw_upper" type="JOINT">
                  <matrix sid="transform">0.220576 -0.5423435 0.8106847 7.45058e-9 -0.4293923 0.6922863 0.5799673 0.1076933 -0.8757675 -0.4760287 -0.08017632 -7.45058e-9 0 0 0 1</matrix>
                  <extra>
                    <technique profile="blender">
                      <connect sid="connect" type="bool">1</connect>
                      <layer sid="layer" type="string">0</layer>
                      <roll sid="roll" type="float">-2.504281</roll>
                      <tip_x sid="tip_x" type="float">0</tip_x>
                      <tip_y sid="tip_y" type="float">-0.1209441</tip_y>
                      <tip_z sid="tip_z" type="float">-0.04226541</tip_z>
                    </technique>
                  </extra>
                </node>
                <node id="Armature_jaw_lower" name="jaw_lower" sid="jaw_lower" type="JOINT">
                  <matrix sid="transform">0.753414 -0.6561375 0.04302514 -0.03063555 0.3798059 0.4876609 0.7860881 0.09039897 -0.5367634 -0.5759085 0.6166153 -0.0268896 0 0 0 1</matrix>
                  <extra>
                    <technique profile="blender">
                      <layer sid="layer" type="string">0</layer>
                      <roll sid="roll" type="float">-3.591677</roll>
                      <tip_x sid="tip_x" type="float">0</tip_x>
                      <tip_y sid="tip_y" type="float">-0.09059423</tip_y>
                      <tip_z sid="tip_z" type="float">-0.06084698</tip_z>
                    </technique>
                  </extra>
                </node>
                <node id="Armature_tongue" name="tongue" sid="tongue" type="JOINT">
                  <matrix sid="transform">0.8226068 -0.5653212 -0.06107262 -0.02821264 0.4948989 0.6589392 0.5664576 0.1009856 -0.2799874 -0.4961967 0.8218248 -0.02476297 0 0 0 1</matrix>
                  <extra>
                    <technique profile="blender">
                      <layer sid="layer" type="string">0</layer>
                      <roll sid="roll" type="float">-3.859671</roll>
                      <tip_x sid="tip_x" type="float">0</tip_x>
                      <tip_y sid="tip_y" type="float">-0.1183258</tip_y>
                      <tip_z sid="tip_z" type="float">-0.04745858</tip_z>
                    </technique>
                  </extra>
                </node>
                <extra>
                  <technique profile="blender">
                    <connect sid="connect" type="bool">1</connect>
                    <layer sid="layer" type="string">0</layer>
                    <roll sid="roll" type="float">2.291167</roll>
                  </technique>
                </extra>
              </node>
              <extra>
                <technique profile="blender">
                  <connect sid="connect" type="bool">1</connect>
                  <layer sid="layer" type="string">0</layer>
                  <roll sid="roll" type="float">1.579077</roll>
                </technique>
              </extra>
            </node>
            <extra>
              <technique profile="blender">
                <connect sid="connect" type="bool">1</connect>
                <layer sid="layer" type="string">0</layer>
                <roll sid="roll" type="float">0.2327196</roll>
              </technique>
            </extra>
          </node>
          <node id="Armature_leg_front_shoulder_L" name="leg_front_shoulder.L" sid="leg_front_shoulder_L" type="JOINT">
            <matrix sid="transform">-0.07770391 0.9946358 -0.06827415 9.31323e-10 -0.9917232 -0.0700925 0.1075728 0.1054889 0.1022103 0.07606792 0.99185 -3.72529e-9 0 0 0 1</matrix>
            <node id="Armature_leg_front_upper_L" name="leg_front_upper.L" sid="leg_front_upper_L" type="JOINT">
              <matrix sid="transform">0.781742 0.6215753 -0.05023483 5.58794e-9 -0.03041324 0.1184619 0.9924927 0.1358971 0.6228599 -0.7743455 0.1115107 0 0 0 0 1</matrix>
              <node id="Armature_leg_front_lower_L" name="leg_front_lower.L" sid="leg_front_lower_L" type="JOINT">
                <matrix sid="transform">-0.853688 0.5116511 0.09710889 -3.72529e-9 0.5142124 0.8576615 0.001581315 0.1167948 -0.08247748 0.05128454 -0.9952726 0 0 0 0 1</matrix>
                <node id="Armature_leg_front_foot_L" name="leg_front_foot.L" sid="leg_front_foot_L" type="JOINT">
                  <matrix sid="transform">0.08835524 -0.8666526 -0.4910257 7.45058e-9 0.1779262 0.4987571 -0.8482826 0.1562065 0.9800691 -0.01241621 0.1982681 0 0 0 0 1</matrix>
                  <extra>
                    <technique profile="blender">
                      <connect sid="connect" type="bool">1</connect>
                      <layer sid="layer" type="string">0</layer>
                      <roll sid="roll" type="float">1.54932</roll>
                      <tip_x sid="tip_x" type="float">0.007766306</tip_x>
                      <tip_y sid="tip_y" type="float">-0.06621366</tip_y>
                      <tip_z sid="tip_z" type="float">-0.006268322</tip_z>
                    </technique>
                  </extra>
                </node>
                <extra>
                  <technique profile="blender">
                    <connect sid="connect" type="bool">1</connect>
                    <layer sid="layer" type="string">0</layer>
                    <roll sid="roll" type="float">-1.729443</roll>
                  </technique>
                </extra>
              </node>
              <extra>
                <technique profile="blender">
                  <connect sid="connect" type="bool">1</connect>
                  <layer sid="layer" type="string">0</layer>
                  <roll sid="roll" type="float">1.57992</roll>
                </technique>
              </extra>
            </node>
            <extra>
              <technique profile="blender">
                <connect sid="connect" type="bool">1</connect>
                <layer sid="layer" type="string">0</layer>
                <roll sid="roll" type="float">-5.370417</roll>
              </technique>
            </extra>
          </node>
          <node id="Armature_wing_lower_L" name="wing_lower.L" sid="wing_lower_L" type="JOINT">
            <matrix sid="transform">0.03295206 0.3333326 -0.9422332 9.31323e-10 -0.4338992 0.854041 0.2869586 0.1054889 0.9003586 0.3993784 0.1727752 -3.72529e-9 0 0 0 1</matrix>
            <node id="Armature_wing_upper_L" name="wing_upper.L" sid="wing_upper_L" type="JOINT">
              <matrix sid="transform">0.1095528 -0.9930045 0.04404981 1.86265e-9 -0.02307829 0.04176356 0.9988611 0.2469093 -0.9937132 -0.1104446 -0.01834151 0 0 0 0 1</matrix>
              <extra>
                <technique profile="blender">
                  <connect sid="connect" type="bool">1</connect>
                  <layer sid="layer" type="string">0</layer>
                  <roll sid="roll" type="float">0.4577477</roll>
                  <tip_x sid="tip_x" type="float">-0.01554065</tip_x>
                  <tip_y sid="tip_y" type="float">0.1617848</tip_y>
                  <tip_z sid="tip_z" type="float">-0.03644442</tip_z>
                </technique>
              </extra>
            </node>
            <extra>
              <technique profile="blender">
                <connect sid="connect" type="bool">1</connect>
                <layer sid="layer" type="string">0</layer>
                <roll sid="roll" type="float">-1.03193</roll>
              </technique>
            </extra>
          </node>
          <node id="Armature_leg_front_shoulder_R" name="leg_front_shoulder.R" sid="leg_front_shoulder_R" type="JOINT">
            <matrix sid="transform">-0.03210993 -0.9466134 -0.3207678 9.31323e-10 0.9917231 -0.0700925 0.1075743 0.1054889 -0.1243146 -0.3146587 0.9410292 -3.72529e-9 0 0 0 1</matrix>
            <node id="Armature_leg_front_upper_R" name="leg_front_upper.R" sid="leg_front_upper_R" type="JOINT">
              <matrix sid="transform">0.781743 -0.6215742 0.05023475 -1.86265e-9 0.03041318 0.118462 0.9924928 0.1358971 -0.6228588 -0.7743464 0.1115109 3.72529e-9 0 0 0 1</matrix>
              <node id="Armature_leg_front_lower_R" name="leg_front_lower.R" sid="leg_front_lower_R" type="JOINT">
                <matrix sid="transform">-0.8536879 -0.5116509 -0.0971089 0 -0.5142123 0.8576614 0.001581337 0.1167948 0.08247745 0.05128455 -0.9952726 -1.49012e-8 0 0 0 1</matrix>
                <node id="Armature_leg_front_foot_R" name="leg_front_foot.R" sid="leg_front_foot_R" type="JOINT">
                  <matrix sid="transform">0.08835506 0.866653 0.4910257 0 -0.1779262 0.4987572 -0.8482826 0.1562064 -0.9800692 -0.01241627 0.198268 0 0 0 0 1</matrix>
                  <extra>
                    <technique profile="blender">
                      <connect sid="connect" type="bool">1</connect>
                      <layer sid="layer" type="string">0</layer>
                      <roll sid="roll" type="float">-1.54932</roll>
                      <tip_x sid="tip_x" type="float">-0.007766306</tip_x>
                      <tip_y sid="tip_y" type="float">-0.06621366</tip_y>
                      <tip_z sid="tip_z" type="float">-0.006268322</tip_z>
                    </technique>
                  </extra>
                </node>
                <extra>
                  <technique profile="blender">
                    <connect sid="connect" type="bool">1</connect>
                    <layer sid="layer" type="string">0</layer>
                    <roll sid="roll" type="float">1.729443</roll>
                  </technique>
                </extra>
              </node>
              <extra>
                <technique profile="blender">
                  <connect sid="connect" type="bool">1</connect>
                  <layer sid="layer" type="string">0</layer>
                  <roll sid="roll" type="float">-1.57992</roll>
                </technique>
              </extra>
            </node>
            <extra>
              <technique profile="blender">
                <connect sid="connect" type="bool">1</connect>
                <layer sid="layer" type="string">0</layer>
                <roll sid="roll" type="float">5.370418</roll>
              </technique>
            </extra>
          </node>
          <node id="Armature_wing_lower_R" name="wing_lower.R" sid="wing_lower_R" type="JOINT">
            <matrix sid="transform">0.3787155 -0.4618872 0.8020192 9.31323e-10 0.4338992 0.854041 0.2869585 0.1054889 -0.8174999 0.2393199 0.5238512 -3.72529e-9 0 0 0 1</matrix>
            <node id="Armature_wing_upper_R" name="wing_upper.R" sid="wing_upper_R" type="JOINT">
              <matrix sid="transform">0.109553 0.9930042 -0.04404989 -9.31323e-10 0.02307841 0.04176351 0.998861 0.2469093 0.993713 -0.1104447 -0.01834163 0 0 0 0 1</matrix>
              <extra>
                <technique profile="blender">
                  <connect sid="connect" type="bool">1</connect>
                  <layer sid="layer" type="string">0</layer>
                  <roll sid="roll" type="float">-0.4577477</roll>
                  <tip_x sid="tip_x" type="float">0.01554065</tip_x>
                  <tip_y sid="tip_y" type="float">0.1617848</tip_y>
                  <tip_z sid="tip_z" type="float">-0.03644442</tip_z>
                </technique>
              </extra>
            </node>
            <extra>
              <technique profile="blender">
                <connect sid="connect" type="bool">1</connect>
                <layer sid="layer" type="string">0</layer>
                <roll sid="roll" type="float">1.03193</roll>
              </technique>
            </extra>
          </node>
          <node id="Armature_back1" name="back1" sid="back1" type="JOINT">
            <matrix sid="transform">0.9860449 0.1483752 -0.07549872 9.31323e-10 -0.04170829 0.6592116 0.7507998 0.1054889 0.1611697 -0.7371735 0.6562008 -3.72529e-9 0 0 0 1</matrix>
            <node id="Armature_back2" name="back2" sid="back2" type="JOINT">
              <matrix sid="transform">0.792523 0.02280033 0.6094156 8.73115e-11 -0.2667358 0.9116053 0.3127739 0.1554319 -0.5484153 -0.4104335 0.72855 2.32831e-9 0 0 0 1</matrix>
              <node id="Armature_tail1" name="tail1" sid="tail1" type="JOINT">
                <matrix sid="transform">0.9947072 -0.03729305 -0.09574464 0 0.03289317 0.9983472 -0.04712853 0.1813676 0.09734395 0.04372977 0.9942896 7.45058e-9 0 0 0 1</matrix>
                <node id="Armature_tail2" name="tail2" sid="tail2" type="JOINT">
                  <matrix sid="transform">0.6865435 -0.2389672 -0.6866969 0 -0.09125016 0.908662 -0.4074397 0.1722811 0.7213401 0.3423864 0.60203 0 0 0 0 1</matrix>
                  <node id="Armature_tail3" name="tail3" sid="tail3" type="JOINT">
                    <matrix sid="transform">0.5096865 0.1322346 -0.8501374 1.86265e-9 -0.5655034 0.7961758 -0.2151975 0.1556355 0.6484024 0.5904388 0.4805792 -7.45058e-9 0 0 0 1</matrix>
                    <extra>
                      <technique profile="blender">
                        <connect sid="connect" type="bool">1</connect>
                        <layer sid="layer" type="string">0</layer>
                        <roll sid="roll" type="float">-1.207176</roll>
                        <tip_x sid="tip_x" type="float">0</tip_x>
                        <tip_y sid="tip_y" type="float">0.08375996</tip_y>
                        <tip_z sid="tip_z" type="float">0.07971894</tip_z>
                      </technique>
                    </extra>
                  </node>
                  <extra>
                    <technique profile="blender">
                      <connect sid="connect" type="bool">1</connect>
                      <layer sid="layer" type="string">0</layer>
                      <roll sid="roll" type="float">-0.2203242</roll>
                    </technique>
                  </extra>
                </node>
                <extra>
                  <technique profile="blender">
                    <connect sid="connect" type="bool">1</connect>
                    <layer sid="layer" type="string">0</layer>
                    <roll sid="roll" type="float">0.6093462</roll>
                  </technique>
                </extra>
              </node>
              <extra>
                <technique profile="blender">
                  <connect sid="connect" type="bool">1</connect>
                  <layer sid="layer" type="string">0</layer>
                  <roll sid="roll" type="float">0.7061215</roll>
                </technique>
              </extra>
            </node>
            <node id="Armature_leg_back_hip_L" name="leg_back_hip.L" sid="leg_back_hip_L" type="JOINT">
              <matrix sid="transform">-0.002397791 0.8807778 0.4735238 8.73115e-11 -0.8300492 0.2623256 -0.4921417 0.1554319 -0.5576849 -0.3942281 0.7304599 2.32831e-9 0 0 0 1</matrix>
              <node id="Armature_leg_back_upper_L" name="leg_back_upper.L" sid="leg_back_upper_L" type="JOINT">
                <matrix sid="transform">0.9177735 0.3597516 -0.1681375 -7.45058e-9 -0.1486205 0.7038155 0.6946623 0.112305 0.3682438 -0.6125541 0.6994098 0 0 0 0 1</matrix>
                <node id="Armature_leg_back_lower_L" name="leg_back_lower.L" sid="leg_back_lower_L" type="JOINT">
                  <matrix sid="transform">0.9257382 -0.3578782 -0.1221977 1.49012e-8 0.3735769 0.9156301 0.148533 0.1195142 0.05873115 -0.1831529 0.9813285 0 0 0 0 1</matrix>
                  <node id="Armature_leg_back_foot_L" name="leg_back_foot.L" sid="leg_back_foot_L" type="JOINT">
                    <matrix sid="transform">-0.006183863 0.8542849 -0.5197681 -1.49012e-8 -0.1039932 -0.5175092 -0.8493349 0.149302 -0.994559 0.04880028 0.09204006 1.49012e-8 0 0 0 1</matrix>
                    <extra>
                      <technique profile="blender">
                        <connect sid="connect" type="bool">1</connect>
                        <layer sid="layer" type="string">0</layer>
                        <roll sid="roll" type="float">0.4497006</roll>
                        <tip_x sid="tip_x" type="float">0.01206874</tip_x>
                        <tip_y sid="tip_y" type="float">-0.06810611</tip_y>
                        <tip_z sid="tip_z" type="float">-0.00232774</tip_z>
                      </technique>
                    </extra>
                  </node>
                  <extra>
                    <technique profile="blender">
                      <connect sid="connect" type="bool">1</connect>
                      <layer sid="layer" type="string">0</layer>
                      <roll sid="roll" type="float">1.345472</roll>
                    </technique>
                  </extra>
                </node>
                <extra>
                  <technique profile="blender">
                    <connect sid="connect" type="bool">1</connect>
                    <layer sid="layer" type="string">0</layer>
                    <roll sid="roll" type="float">1.31819</roll>
                  </technique>
                </extra>
              </node>
              <extra>
                <technique profile="blender">
                  <connect sid="connect" type="bool">1</connect>
                  <layer sid="layer" type="string">0</layer>
                  <roll sid="roll" type="float">1.042686</roll>
                </technique>
              </extra>
            </node>
            <node id="Armature_leg_back_hip_R" name="leg_back_hip.R" sid="leg_back_hip_R" type="JOINT">
              <matrix sid="transform">-0.06415328 -0.8316929 -0.5515173 8.73115e-11 0.8300492 0.2623255 -0.4921417 0.1554319 0.5539879 -0.489359 0.6735171 2.32831e-9 0 0 0 1</matrix>
              <node id="Armature_leg_back_upper_R" name="leg_back_upper.R" sid="leg_back_upper_R" type="JOINT">
                <matrix sid="transform">0.9177735 -0.3597516 0.1681377 1.49012e-8 0.1486205 0.7038156 0.6946621 0.112305 -0.3682439 -0.6125538 0.6994099 -3.72529e-9 0 0 0 1</matrix>
                <node id="Armature_leg_back_lower_R" name="leg_back_lower.R" sid="leg_back_lower_R" type="JOINT">
                  <matrix sid="transform">0.9257382 0.3578783 0.1221976 0 -0.373577 0.9156302 0.1485331 0.1195142 -0.058731 -0.183153 0.9813285 0 0 0 0 1</matrix>
                  <node id="Armature_leg_back_foot_R" name="leg_back_foot.R" sid="leg_back_foot_R" type="JOINT">
                    <matrix sid="transform">-0.006183714 -0.8542849 0.5197681 0 0.1039935 -0.517509 -0.8493348 0.149302 0.9945587 0.04880032 0.09204028 0 0 0 0 1</matrix>
                    <extra>
                      <technique profile="blender">
                        <connect sid="connect" type="bool">1</connect>
                        <layer sid="layer" type="string">0</layer>
                        <roll sid="roll" type="float">-0.4497006</roll>
                        <tip_x sid="tip_x" type="float">-0.01206874</tip_x>
                        <tip_y sid="tip_y" type="float">-0.06810611</tip_y>
                        <tip_z sid="tip_z" type="float">-0.00232774</tip_z>
                      </technique>
                    </extra>
                  </node>
                  <extra>
                    <technique profile="blender">
                      <connect sid="connect" type="bool">1</connect>
                      <layer sid="layer" type="string">0</layer>
                      <roll sid="roll" type="float">-1.345472</roll>
                    </technique>
                  </extra>
                </node>
                <extra>
                  <technique profile="blender">
                    <connect sid="connect" type="bool">1</connect>
                    <layer sid="layer" type="string">0</layer>
                    <roll sid="roll" type="float">-1.31819</roll>
                  </technique>
                </extra>
              </node>
              <extra>
                <technique profile="blender">
                  <connect sid="connect" type="bool">1</connect>
                  <layer sid="layer" type="string">0</layer>
                  <roll sid="roll" type="float">-1.042686</roll>
                </technique>
              </extra>
            </node>
            <extra>
              <technique profile="blender">
                <connect sid="connect" type="bool">1</connect>
                <layer sid="layer" type="string">0</layer>
                <roll sid="roll" type="float">0.05549478</roll>
              </technique>
            </extra>
          </node>
          <extra>
            <technique profile="blender">
              <layer sid="layer" type="string">0</layer>
              <roll sid="roll" type="float">0.1986219</roll>
            </technique>
          </extra>
        </node>
      </node>
      <node id="dragon" name="dragon" type="NODE">
        <translate sid="location">0 0 0</translate>
        <rotate sid="rotationZ">0 0 1 0</rotate>
        <rotate sid="rotationY">0 1 0 0</rotate>
        <rotate sid="rotationX">1 0 0 0</rotate>
        <scale sid="scale">1 1 1</scale>
        <instance_controller url="#Armature_dragon-skin">
          <skeleton>#Armature_base</skeleton>
          <bind_material>
            <technique_common>
              <instance_material symbol="Material-material" target="#Material-material">
                <bind_vertex_input semantic="UVMap" input_semantic="TEXCOORD" input_set="0" />
              </instance_material>
            </technique_common>
          </bind_material>
        </instance_controller>
      </node>
    </visual_scene>
  </library_visual_scenes>
  <scene>
    <instance_visual_scene url="#Scene" />
  </scene>
</COLLADA>